date,daily_score,daily_notes,sleep_score,morning_energy_levels,early_wakeup,meditate,read,lifting,tennis,hiit,other_exercise,weight,bodyfat,sex,jo,marriage_score,injury,injury_note,sick,mouth_sores,nose_sores,poops,ate_clean,alcohol,wake_up,lazy_time,eat_start,eat_finish,sleep_time,quarts_h20,stayed_off_reddit,creatine,magnesium,sipr_login,mouth_guard,potassium,d3+k2,fish_oil,tongkat_ali,berberine,nad+,chiro,church,cgm,oura_ring,cgm_notes,stretching,cold_water,allergy_meds,vp,poison_ivey,shower,wash_hair,didn't_get_up_to_pee,haircut,fingernails,toenails,hemorroids,contract_accepted,contract_dropped,10k_steps
2021-09-11,7,"Lots of free time, caught up on some things, made a large fort w/ Sammy, learning Access, but wasted too much time on reddit. Listened to BP podcast 491, look into mybodytutor",5,,1,1,1,1,,,,189.2,15.3,,,,,,,,,,,,,,,,,,,,,,,,,,,,,,,,,,,,,,,,,,,,,,,,
2021-09-12,6,Good tennis in the morning. Got frustrated w/ Sammy though for not listening - I need to do better and figure out how to communicate better,4,,1,1,1,,1,,,,,,,,,,,,,,,,,,,,,,,,,,,,,,,,,,,,,,,,,,,,,,,,,,,,
2021-09-13,4,Sammy's still in virtual school and I'm not able to focus on anything while helping him so I just waste a lot of time online. Nico got called home sick again,5,,1,1,1,,,,,,,,,,,,,,,,,,,,,,,,,,,,,,,,,,,,,,,,,,,,,,,,,,,,,,
2021-09-14,5,"Tough day again w/ Nico home and Sammy doing virtual school. Didn't get much done during the day but was very productive when they took Sammy to gymnastics. I keep thinking about how much more difficult it's going to be with a third kid and getting angry that we're having another, but I try to remember that nothing bad has happened yet and I'm just suffering something that hasn't even happened yet.",4,,1,1,1,1,1,,,,,,1,,,,,,,,,,,,,,,,,,,,,,,,,,,,,,,,,,,,,,,,,,,,,,
2021-09-15,6,"Nico went back to school today so that helped reduce the stress levels. I tried helping Sammy w/ an assignment and it ended in tears (his). I really tried to be patient and don't think I got upset, but I did throw one of his stuffed animals when he was playing with it. Sammy goes back tomorrow, which everybody is looking forward to. First soccer practice tonight went well.",6,,1,1,1,1,,,,,,,,,,,,,,,,,,,,,,,,,,,,,,,,,,,,,,,,,,,,,,,,,,,,,
2021-09-16,7,Nico and Sammy went to school so it was quiet in the house again. I got a good bit done but still dicked around too much online,6,,1,1,1,1,,,,,,,,,,,,,,,,,,,,,,,,,,,,,,,,,,,,,,,,,,,,,,,,,,,,,
2021-09-17,7,"Had a good day and stayed productive for the most part, but still dicked around too much online checking on GME and reddit",6,,1,1,1,1,,,,,,,1,,,,,,,,,,,,,,,,,,,,,,,,,,,,,,,,,,,,,,,,,,,,,,
2021-09-18,7,Pretty decent Saturday. Took both kids w/ me to meet Rick for some real estate stuff and they did pretty well,4,,1,1,1,,,,,189.6,14.3,,,,,,,,,,,,,,,,,,,,,,,,,,,,,,,,,,,,,,,,,,,,,,,,
2021-09-19,7,"OK day, played tennis twice, got some cooking done, and some housework. However, the fridge/freezer broke so that was kind of stressful",8,,1,1,1,,1,,,,,,1,,,,,,,,,,,,,,,,,,,,,,,,,,,,,,,,,,,,,,,,,,,,,,
2021-09-20,6,Stressful and frustrating day b/c Nico stayed home again. I'm not doing a good job of keeping control of my thoughts and emotions.,6,,1,1,1,1,,,,,,,1,,,,,,,,,,,,,,,,,,,,,,,,,,,,,,,,,,,,,,,,,,,,,,
2021-09-21,6,"Wasted too much time on reddit again today. I start out just checking in on GME and related items, then just continue onto mindless browsing",6,,1,1,1,1,,,,,,,,,,,,,,,,,,,,,,,,,,,,,,,,,,,,,,,,,,,,,,,,,,,,,
2021-09-22,6,Decent day but my neck has been bothering me so that drained a lot of my energy,4,,1,1,1,1,,,,,,,1,,,,,,,,,,,,,,,,,,,,,,,,,,,,,,,,,,,,,,,,,,,,,,
2021-09-23,6,"I can't seem to get myself to be productive all day. I have lots of things I need to research and look into, but just end up wasting time.",4,,1,1,1,1,,,,,,,,,,,,,,,,,,,,,,,,,,,,,,,,,,,,,,,,,,,,,,,,,,,,,
2021-09-24,8,"Have not been sleeping well lately and it's catching up to me. Woke up in a very bad mood, angry at everything, and didn't even have a good workout. Later in the morning though, I was thinking about it and realized I was choosing to be in a bad mood and then chose to be in a good mood. This actually worked this time. I wasn't 100% in a good mood but much better. Also did some good real estate stuff today - super motivated to start a syndication.",4,,1,1,1,1,,,,,,,1,,,,,,,,,,,,,,,,,,,,,,,,,,,,,,,,,,,,,,,,,,,,,,
2021-09-25,8,Woke up to pee @ midnight and didn't really get back to sleep until 3:30 or so on the couch downstairs. Tennis w/ Eric in the morning - I've realized that I've lost my mental strength in tennis and have become lazy. Pretty chill day though otherwise. Got a lot of reading done and relaxing.,1,,1,1,1,,1,,,189.8,15.3,,1,,,,,,,,,,,,,,,,,,,,,,,,,,,,,,,,,,,,,,,,,,,,,,
2021-09-26,8,"Got some more real estate done, hung out w/ Nico a bit, and played some good tennis.",2,,1,1,1,,1,,,,,,1,,,,,,,,,,,,,,,,,,,,,,,,,,,,,,,,,,,,,,,,,,,,,,
2021-09-27,6,Could not get to sleep - got maybe four hours of low quality sleep. Nose has been stuffy with the change in weather. Mood and motivation was not great today. I wasted a lot of time on reddit again but also got a good bit of work and real estate done. I was short with Sammy this evening (partially b/c he peed in his car seat) but I probably would have had more patience if I was better-rested,1,,1,1,1,,,,,,,,,,,,,,,,,,,,,,,,,,,,,,,,,,,,,,,,,,,,,,,,,,,,,,
2021-09-28,8,Slept in the frogs room and I had a much better night's rest. Had a pretty productive day with real estate and work.,8,,1,1,1,1,,,,,,,,,,,,,,,,,,,,,,,,,,,,,,,,,,,,,,,,,,,,,,,,,,,,,
2021-09-29,7,"Decent day, spent a lot of time on this spreadsheet which was fun. Sammy did well at soccer tonight, tried a lot harder than last season.",6,,1,1,1,1,,,,,,,,,,,,,,,,,,,,,,,,,,,,,,,,,,,,,,,,,,,,,,,,,,,,,
2021-09-30,8,"Pretty good day - lots of real estate stuff. Identified several properties to make offers on, worked on Broughton, and a little bit w/ the Jedburg lots. Had fun at soccer tonight too. Definitely dicked around too much online though. I've got to figure out how to stop that.",7,,1,1,1,1,,,,,,,,,,,,,,,,,,,,,,,,,,,,,,,,,,,,,,,,,,,,,,,,,,,,,
2021-10-01,7,Decent day - got a lot done w/ real estate and closed on the Ross lots. Was planning on playing tennis tonight but I didn't get to so that was a bummer.,7,,1,1,1,1,,,,,,,,,,,,,,,,,,,,,,,,,,,,,,,,,,,,,,,,,,,,,,,,,,,,,
2021-10-02,7,Didn't sleep well after I got up to pee. Spent most of the morning/early afternoon w/ Sammy. Had fun for a while but he really got out of control. Early dinner w/ V's parents for her birthday at Page's Okra Grill. Increasingly frustrated w/ lack of sex,5,,1,1,1,1,,,,190.8,15,,,,,,,,,,,,,,,,,,,,,,,,,,,,,,,,,,,,,,,,,,,,,,,,
2021-10-03,6,"Woke up at 5, just got up and read. Still frustrated w/ lack of sex, not sure what to do about it. Spent most of the day frustrated but had some alone time.",5,,1,1,1,,,,,,,,1,,,,,,,,,,,,,,,,,,,,,,,,,,,,,,,,,,,,,,,,,,,,,,
2021-10-04,6,Pretty meh day. Got some real estate stuff done but dicked around more than I'd like as well.,4,,1,1,1,1,,,,,,,,,,,,,,,,,,,,,,,,,,,,,,,,,,,,,,,,,,,,,,,,,,,,,
2021-10-05,4,"Woke up at 11 to pee then at 2:30, couldn't get back to sleep. Not happy w/ relationship; myself just as much as Victoria. Probably just in a funk though b/c I'm tired.",1,,1,1,1,1,,,,,,1,,,,,,,,,,,,,,,,,,,,,,,,,,,,,,,,,,,,,,,,,,,,,,,
2021-10-06,7,"Slept much better last night, probably b/c we had sex yesterday. Much better mood and more relaxed this morning.",7,,1,1,1,1,,,,,,,,,,,,,,,,,,,,,,,,,,,,,,,,,,,,,,,,,,,,,,,,,,,,,
2021-10-07,7,"Woke up from about 1:15-2:30, restless sleep after that. Stayed busy today but still dicked around too much.",2,,1,1,1,1,,,,,,,,,,,,,,,,,,,,,,,,,,,,,,,,,,,,,,,,,,,,,,,,,,,,,
2021-10-08,7,Slept well until about 2am then struggled to get back to sleep. Very busy day with real estate and getting things ready for Victoria's swimmers to come over. I enjoyed being busy on my own projects today. Past a pump up w/ Victoria's simmers this evening - I pretty much avoided everyone so it was ok,3,,1,1,1,1,,,,,,,1,,,,,,,,,,,,,,,,,,,,,,,,,,,,,,,,,,,,,,,,,,,,,,
2021-10-09,6,"Slept better last night, even after getting up to pee. Bumped up my weekend wakeup tim to 5:30 from 6:00. Nico has hoof and mouth again so it was a challenging day",7,,1,1,1,,,,,190.8,15.3,,,,,,,,,,,,,,,,,,,,,,,,,,,,,,,,,,,,,,,,,,,,,,,,
2021-10-10,7,Mostly a relaxing day. Played well at tennis in the morning and got t relax for a while when Nico slept.,7,,1,1,1,,1,,,,,,1,,,,,,,,,,,,,,,,,,,,,,,,,,,,,,,,,,,,,,,,,,,,,,
2021-10-11,7,Got up to pee around 3 and didn't get back to sleep after so I got up around 4:15. Nico stayed home again today (hoof and mouth) but he was actually pretty fun. Played soccer w/ Sammy and Nico after school.,4,,1,1,1,1,,,,,,,,,,,,,,,,,,,,,,,,,,,,,,,,,,,,,,,,,,,,,,,,,,,,,
2021-10-12,4,Decent sleep but I woke up a few times and was pretty tired when I got up. Nico was a handful today and I did not handle it well. He screamed a lot and just wouldn't stop.,6,,1,1,1,1,,,,,,,,,,,,,,,,,,,,,,,,,,,,,,,,,,,,,,,,,,,,,,,,,,,,,
2021-10-13,5,Slept pretty well last night - pillows are in a new configuration and it's pretty comfortable. Rought day w/ both kids home. Soccer was fun though tonight,8,,1,1,1,1,,,,,,,,,,,,,,,,,,,,,,,,,,,,,,,,,,,,,,,,,,,,,,,,,,,,,
2021-10-14,4,"Woke up around 3:30 and couldn't get back to sleep. Ate dinner around 4:30, maybe that had something to do with it. Another rough day with Nico home. Soccer was fun again this afternoon so I added a point to the day for that.",3,,1,1,1,1,,,,,,,1,,,,,,,,,,,,,,,,,,,,,,,,,,,,,,,,,,,,,,,,,,,,,,
2021-10-15,6,"Woke myself up a few times snoring, have a lot of phlegm in my throat. Nico's going back to school today though. Was pretty productive during the day, but frustrated that I seem to be just treading water. Especially w/ real estate",4,,1,1,1,1,,,,,,,,,,,,,,,,,,,,,,,,,,,,,,,,,,,,,,,,,,,,,,,,,,,,,
2021-10-16,6,Woke up around 2:30 and couldn't get back to sleep. We had sex around 3:30 but still nothing. Went down to the couch and finally fell asleep around 4:30 or so but alarm went off at 5:30. Pretty tired all day. Tennis in the morning then I spent a good part of the day working on a stegosaurus pumpkin.,2,,1,1,1,,1,,,190,15,1,,,,,,,,,,,,,,,,,,,,,,,,,,,,,,,,,,,,,,,,,,,,,,,
2021-10-17,7,"Slept in the frogs room - slept well until about 330. My nose seems to get stuffy after I get up. I was able to get back to light sleep until about 5:45 or so. Decent day, lots of alone time and finished up with some tennis.",5,,1,1,1,,1,,,,,,,,,,,,,,,,,,,,,,,,,,,,,,,,,,,,,,,,,,,,,,,,,,,,
2021-10-18,7,Slept a little better. Started in the frogs room then moved to the couch after going pee. Slept until my alarm and was very tired and slow-moving in the morning. Thought about going back to sleep.,6,,1,1,1,1,,,,,,1,1,,,,,,,,,,,,,,,,,,,,,,,,,,,,,,,,,,,,,,,,,,,,,,
2021-10-19,6,"Slept OK but very tired. I've been struggling to get up right away the past couple of days but at least I'm sleeping until my alarm. Tired most of the day but otherwise good. I can't seem to keep myself focused on important things - I keep checking email, reddit, and other stuff. Frustrating.",6,,1,1,1,1,,,,,,,,,,,,,,,,,,,,,,,,,,,,,,,,,,,,,,,,,,,,,,,,,,,,,
2021-10-20,7,Slept a little better but my congestion is still bothering me. Got myself to do some work today so that was good. Got another duplex under contract and I'm at 10 mortgages under my name. Never really thought I'd get here I guess.,6,,1,1,1,1,,,,,,,1,,,,,,,,,,,,,,,,,,,,,,,,,,,,,,,,,,,,,,,,,,,,,,
2021-10-21,7,"Dicked around too late (10pm) before going to sleep last night, then woke up at 11 to pee. Slept until my alarm at 5am, which was nice. Tired most of the day but. I think my nose issues are due to allergies. I started taking allergy meds a couple of days ago and it seems to be getting better. Not sure why I have fall allergies now. Soccer was fun again tonight.",6,,1,1,1,1,,,,,,,1,,,,,,,,,,,,,,,,,,,,,,,,,,,,,,,,,,,,,,,,,,,,,,
2021-10-22,6,"Woke up around 3 again and only got light/intermittent sleep after that. Not very tired though. Getting tired of eating the same thing all of the time, but I think it's more because a lot of the meat I cooked has gone bad.",6,,1,1,1,1,,,,,,,,,,,,,,,,,,,,,,,,,,,,,,,,,,,,,,,,,,,,,,,,,,,,,
2021-10-23,7,Slept pretty well last night. I had a nightmare around 1am and hit Victoria - it was pretty funny. Didn't get up to pee and slept most of the way up to my alarm.,7,,1,1,1,,,,,191,14.5,,1,,,,,,,,,,,,,,,,,,,,,,,,,,,,,,,,,,,,,,,,,,,,,,
2021-10-24,7,"Slept very well last night, even got back to sleep after peeing. Tennis in the morning. Had a lot of free time on my hands today but I honestly didn't know what to do with it. Pretty disappointing and frustrating.",8,,1,1,1,,1,,,,,,,,,,,,,,,,,,,,,,,,,,,,,,,,,,,,,,,,,,,,,,,,,,,,
2021-10-25,5,"Woke up at 4 and didn't get back to sleep. Very tired. Can't stay motivated at work, just kind of drifting around.",3,,1,1,1,1,,,,,,,,,,,,,,,,,,,,,,,,,,,,,,,,,,,,,,,,,,,,,,,,,,,,,
2021-10-26,6,"Woke up at 3:30 and couldn't get back to sleep. Aggressively tired in the morning. Took a 2 hour nap on the couch after dropping the kids off and I feel better. Did better about working today, got a lot done.",2,,1,1,1,1,,,,,,,1,,,,,,,,,,,,,,,,,,,,,,,,,,,,,,,,,,,,,,,,,,,,,,
2021-10-27,7,"Woke up at 2:30 today. Moved to the couch right away to try to get ahead of it but couldn't get back to sleep. Tried reading and that almost worked. Very frustrated. Also not doing a good job of managing my anger with Nico. I'm letting him get under my skin and I'm having trouble remembering my stoic practices. Decent day though, stayed semi-productive. Trying to figure out what I can do big-picture wise.",2,,1,1,1,1,,,,,,1,,,,,,,,,,,,,,,,,,,,,,,,,,,,,,,,,,,,,,,,,,,,,,,
2021-10-28,7,"Slept until about 4:30 this morning, felt much better. Still napped for about an hour after I dropped the kids off.",6,,1,1,1,1,,,,,,,,,,,,,,,,,,,,,,,,,,,,,,,,,,,,,,,,,,,,,,,,,,,,,
2021-10-29,5,"Woke up around 2:15 but was eventually able to get back to light sleep w/ some weird dreams. I'm wondering if my sleep issues are due to current finances - often I find myself thinking about them in the middle of the night and wondering if I'm going overboard on stuff (I don't think I am but there are a lot of moving parts). Currently have four duplexes under contract, trying to pay for the shed/garage, and Broughton road all have me concerned in the middle of the night. Went to Victoria's OBGYN appointment with her today. I hate to admit it but it kind of bummed me out - I'm not looking forward to another kid. I feel like we're already tapped out.",6,,1,1,1,1,,,,,,,,,,,,,,,,,,,,,,,,,,,,,,,,,,,,,,,,,,,,,,,,,,,,,
2021-10-30,7,Woke up around 3 this morning. Generally in a cloudy mood most of the day but finished up w/ a nice dinner w/ Rick and Charlene.,3,,1,1,1,,,,,190.6,15.5,,,,,,,,,,,,,,,,,,,,,,,,,,,,,,,,,,,,,,,,,,,,,,,,
2021-10-31,7,Slept in today - kids stayed w/ veronica an brian so no need to get up early. Slept until about 7. Woke up a few times in the middle of the night but got back to sleep.,7,,,1,1,,,,,,,1,,,,,,,,,,,,,,,,,,,,,,,,,,,,,,,,,,,,,,,,,,,,,,,
2021-11-01,7,"Had to go into work 2x/week starting this week - pretty bummed about that but trying not to ""suffer"" it until it happens or at all. Woke up pretty frequently last night but was able to get right back to sleep. Slept until my alarm at 4:30. Changed my alarm to go off at 4:30 on weekdays now instead of 5:00. We'll see how that goes.",5,,1,1,1,1,,,,,,,,,,,,,,,,,,,,,,,,,,,,,,,,,,,,,,,,,,,,,,,,,,,,,
2021-11-02,7,"Similar sleep to last night - woke up frequently, changed position, but got back to sleep quickly. Woke up around 3 to pee and only got very light sleep after that. I made a quick to do list for myself before going to bed last night and it seemed to help. I stayed on task a little more today and got more done than usual b/c I had the info in front of me. I made another list tonight before bed.",5,,1,1,1,1,,,,,,,,,,,,,,,,,,,,,,,,,,,,,,,,,,,,,,,,,,,,,,,,,,,,,
2021-11-03,7,"Slow morning. Slept about the same as the previous two nights. Lots of pooping this morning, including twice during lifting. Not sure what's going on, maybe putting too much cayenne pepper in my food. Haven't had Texas Pete in a while. Victoria went up to Myrtle Beach this afternoon - I did not spend my time wisely after that. It's interesting how I have her hold me accountable.",5,,1,1,1,1,,,,,,,1,,,,,,,,,,,,,,,,,,,,,,,,,,,,,,,,,,,,,,,,,,,,,,
2021-11-04,8,"Slept great last night, just not enough. Went to sleep just before 10, woke up at 4:30 pretty tired. Took a nice nap after dropping the kids off again. I've been waking up half an hour early, but not gaining any time out of it. I've bee slow to get out of bed the past few mornings and just wasting time in the mornings. Decent day, checked stuff off of my to do list. Sammy scored his first goal tonight at the last soccer game of the season. It was awesome!",7,,1,1,1,1,,,,,,,1,,,,,,,,,,,,,,,,,,,,,,,,,,,,,,,,,,,,,,,,,,,,,,
2021-11-05,7,"Slept OK. Deadlift day and I didn't want to wake the kids up so I set my alarm for 6:00 and would lift after dropping them off. Slept ok, not as good as last night but the extra time helped. Still pumped about Sammy's goal last night. Got to hang out w/ Daniel at a tennis tournament and that was pretty fun. Then watched a movie at dinner w/ the kids.",7,,,1,1,1,,,,,,,,,,,,,,,,,,,,,,,,,,,,,,,,,,,,,,,,,,,,,,,,,,,,,
2021-11-06,7,"Slept in again a little today. Slept pretty decently last night. Tossed and turned but at least I wasn't awake the whole night. Had a few hours to myself this afternoon/evening. The power went out so I read a book on my tablet (First Things First) and it wanted me to start writing stuff out (values, principles, etc). I spent about 45 minutes or so on that. Not sure if it helped at all.",7,,,1,1,,,,,,,1,,,,,,,,,,,,,,,,,,,,,,,,,,,,,,,,,,,,,,,,,,,,,,,
2021-11-07,7,"Slept OK, a little restless but mostly slept the whole night. Daylight savings time ended so my alarm went off an hour later than usual but I was ready to get up. Had some time to myself again, got some tennis in but otherwise felt a little rudderless. I need to figure out what I want to do w/ my time or what I can do to achieve my goals. Maybe I need to define what my goals are.",7,,,1,1,,1,,,,,1,,,,,,,,,,,,,,,,,,,,,,,,,,,,,,,,,,,,,,,,,,,,,,,
2021-11-08,6,"Slept OK, stayed awake for a bit thinking about the duplexes I'm purchasing here soon and wondering if I'm investing our money well. Spent all day at work, pretty much a waste of time. Traffic wasn't too bad though",6,,1,1,1,1,,,,,,,,,,,,,,,,,,,,,,,,,,,,,,,,,,,,,,,,,,,,,,,,,,,,,
2021-11-09,6,"Very comfortable all night, even with waking up a few times to rotate. Slow getting out of bed again. Spent too much time dicking around online today. Victoria and I had an argument tonight about finances and I didn't do a good job - I got defensive.",8,,1,1,1,1,,,,,,,,,,,,,,,,,,,,,,,,,,,,,,,,,,,,,,,,,,,,,,,,,,,,,
2021-11-10,6,"Woke up at 2 and took an hour or so to get back to sleep. Pretty dull day, actually did work for most of it. In the evening, instead of retiring to my computer, I had another discussion w/ Victoria about finances. I thought I did a better job of listening and conversing, but apparently not.",3,,1,1,1,1,,,,,,,,,,,,,,,,,,,,,,,,,,,,,,,,,,,,,,,,,,,,,,,,,,,,,
2021-11-11,7,"Kind of restless sleep again. Had the day off, played some tennis and just kind of hung out.",5,,1,1,1,1,1,,,,,,,,,,,,,,,,,,,,,,,,,,,,,,,,,,,,,,,,,,,,,,,,,,,,
2021-11-12,7,"Woke up probably around 4 and couldn't get back to sleep, but that's probably b/c it feels like 5 - still getting used to daylight savings time.",6,,1,1,1,1,,,,,,,1,,,,,,,,,,,,,,,,,,,,,,,,,,,,,,,,,,,,,,,,,,,,,,
2021-11-13,7,"Slept by myself and it was pretty good. Not as much as I would like though - woke up at 4 b/c we're going to Clemson. Drove up w/ Brian and I really enjoyed the trip. We talked the whole time and had good conversations. The tailgate was pretty much as I expected, but it was nice seeing Rachel, David, Leslie, and Chris.",8,,1,1,1,,,,,191.6,15.5,,,,,,,,,,,,,,,,,,,,,,,,,,,,,,,,,,,,,,,,,,,,,,,,
2021-11-14,7,"Horrible night's sleep - mattress was uncomfortable, I kept snoring, and couldn't turn my brain off. Nice drive back though w/ Victoria and the kids.",1,,,,1,,,,,,,,,,,,,,,,,,,,,,,,,,,,,,,,,,,,,,,,,,,,,,,,,,,,,,
2021-11-15,7,"Slept pretty well last night. I woke up early, probably around 4, probably still b/c of DST. Pretty disappointed I forgot to meditate yesterday. Had to go into work but left early. Got my second COVID shot today.",8,,1,1,1,1,,,,,,,,,,,,,,,,,,,,,,,,,,,,,,,,,,,,,,,,,,,,,,,,,,,,,
2021-11-16,4,Started feeling a little light headed in the late morning - likely a side effect from my vaccine. Also very bloaty and uncomfortable all day.,7,,1,1,1,1,,,,,,,,,,,,,,,,,,,,,,,,,,,,,,,,,,,,,,,,,,,,,,,,,,,,,
2021-11-17,7,Slept on our new king mattress last night. It was comfortable enough but I had a lot of phlegm in the back of my throat all night and it kept me awake. Tired most of the day but I got a decent amount of work done and had fun w/ the kids tonight.,4,,1,1,1,1,,,,,,1,,,,,,,,,,,,,,,,,,,,,,,,,,,,,,,,,,,,,,,,,,,,,,,
2021-11-18,6,"Slept better. We put a mattress pad on and I think that helped. Decent day, but I didn't use my time wisely. I've had a good bit of free time, but I'm not being productive with it. I'm trying to analyze a 20 unit apartment but the spreadsheet I'm using is very complicated and I think I just need to simplify it.",7,,1,1,1,1,,,,,,,,,,,,,,,,,,,,,,,,,,,,,,,,,,,,,,,,,,,,,,,,,,,,,
2021-11-19,7,"Decent sleep, woke up around 3:30 and couldn't get back to sleep. Not super tired though. Had a nice lunch date today.",7,,1,1,1,1,,,,,,,,,,,,,,,,,,,,,,,,,,,,,,,,,,,,,,,,,,,,,,,,,,,,,
2021-11-20,6,"Slept well again. Woke up around 5:45 then got up a little after 6. Nico was a pain today and I didn't handle it well. Sammy wanted to do something while I was working on a spreadsheet and I started out being short with him but recognized it and went to help him, so that was good at least.",7,,1,,1,,1,,,195.8,15.9,,,,,,,,,,,,,,,,,,,,,,,,,,,,,,,,,,,,,,,,,,,,,,,,
2021-11-21,6,"Slept pretty well again. Didn't do well again w/ Nico. He had a rough day and was pretty unruly. I appreciated Victoria today though - we worked on getting all three car seats in her car and she helped out a lot, despite her wanting to get a new car.",7,,,1,1,,,,,,,,1,,,,,,,,,,,,,,,,,,,,,,,,,,,,,,,,,,,,,,,,,,,,,,
2021-11-22,6,"Woke up around 2:30 and struggled to get back to sleep. Slept for a little bit though. However, I was able to keep my negative thoughts away, which was nice.",4,,1,1,1,1,,,,,,,1,,,,,,,,,,,,,,,,,,,,,,,,,,,,,,,,,,,,,,,,,,,,,,
2021-11-23,7,"Slept well, just not long enough. Went to bed around 10. Decent day, had fun in the evening setting up Sam's new room.",8,,1,1,1,1,,,,,,,,,,,,,,,,,,,,,,,,,,,,,,,,,,,,,,,,,,,,,,,,,,,,,
2021-11-24,8,"Woke up around 3 and couldn't get back to sleep. Real estate closings were on my mind. Hung out w/ Casey for a while today, it was fun catching up and playing tennis.",4,,1,1,1,1,1,,,,,,,,,,,,,,,,,,,,,,,,,,,,,,,,,,,,,,,,,,,,,,,,,,,,
2021-11-25,6,Slept OK but woke up early and couldn't really get back to sleep. Very tired most of the day.,5,,,1,1,,,,,,,1,,,,,,,,,,,,,,,,,,,,,,,,,,,,,,,,,,,,,,,,,,,,,,,
2021-11-26,6,Did not sleep well. Woke up a lot but generally got back to sleep OK.,4,,1,1,1,1,,,,,,,,,,,,,,,,,,,,,,,,,,,,,,,,,,,,,,,,,,,,,,,,,,,,,
2021-11-27,8,Lots of tossing and turning and waking up at night. Put Christmas decorations up today then hung out w/ Casey again. Nice to hang out.,5,,,1,1,,1,,,195,15.6,,,,,,,,,,,,,,,,,,,,,,,,,,,,,,,,,,,,,,,,,,,,,,,,
2021-11-28,8,Same sleep as last night. I'm worried that the mattress just isn't comfortable. Had fun playing w/ the kids today and had some alone time.,5,,,,1,,,,,,,,1,,,,,,,,,,,,,,,,,,,,,,,,,,,,,,,,,,,,,,,,,,,,,,
2021-11-29,6,Slept better last night but still not great. Spent too much time dicking around online. I have to figure out how to stop. Had fun playing tennis w/ Sammy and Nico in the afternoon though.,6,,1,1,1,1,,,,,,,,,,,,,,,,,,,,,,,,,,,,,,,,,,,,,,,,,,,,,,,,,,,,,
2021-11-30,6,"Slept better again but not great. I stay still on my left side up until I get up to pee, then I move to my right side which is uncomfortable on my hip for some reason. I toss and turn a lot after that. I also woke up probably 45 minutes before my alarm. Had to discipline Sammy tonight for phinching Nico and lying about it. Not sure if I did it well or not.",6,,1,1,1,1,,,,,,,1,,,,,,,,,,,,,,,,,,,,,,,,,,,,,,,,,,,,,1,,,,,,,,,
2021-12-01,8,"Slept pretty well and for about 8 hours but still tired in the morning. Did about 30 minutes of meditating - not sure if I felt something or if I caught myself just falling asleep. Frustrating day w/ closings - we had to drive all the way to mt pleasant w/ the kids and we didn't end up closing. I'm ok with it but Victoria was very upset and annoyed. This is a good opportunity to discuss why I don't share everything with her - she doesn't deal well with change and stuff like this. However, she brought up a good point that if this was something of hers and I was having to rearrange my schedule, I would be equally, if not more, upset. This is probably true but I'm struggling to think of something she would do that would have a long-term benefit for everybody (that's not what I'm trying to say but can't think of how to word it).",8,,1,1,1,1,,,,,,,,,,,,,,,,,,,,,,,,,,,,,,,,,,,,,,,,,,,,,,,,,,,,,
2021-12-02,8,"Slept very well up until about 3 (might have made it through the whole night w/o getting up) when Sammy came in b/c he peed the bed. Couldn't get back to sleep after that. Finally got our closings done today, then I had dinner w/ Daniel, Gregg, and Shirley at the Brazilian steakhouse. It was good, I ate a lot, but didn't leave feeling sick. I also feel obligated to write that we had another OBGYN appointment for V today to see the ultrasound, but I'm really not excited about having a third kid.",3,,1,1,1,1,,,,,,,,,,,,,,,,,,,,,,,,,,,,,,,,,,,,,,,,,,,,,,,,,,,,,
2021-12-03,8,"Very sweaty at night, probably b/c of dinner. I enjoyed staying busy today. I had to go into the office for a meeting, ran a couple of errands, then got to play tennis in the evening. I think I enjoyed the day b/c I didn't waste a lot of time.",5,,1,1,1,1,1,,,,,,,,,,,,,,,,,,,,,,,,,,,,,,,,,,,,,,,,,,,1,,,,,,,,,
2021-12-04,8,"Decent sleep but couldn't get very comfortable. Went to a real estate meeting w/ Rick and it was awesome. Made me realize that I need a coach, but it will be difficult to convince Victoria of this. In the evening, we went to an ARHS fundraiser dinner and we hung out w/ the Gibsons most of the time, which was fun.",5,,1,1,1,,,,,192.6,15.4,,,,,,,,,,,,,,,,,,,,,,,,,,,,,,,,,,,,,,,,,,,1,1,,,,
2021-12-05,6,Slept OK but tired when Nico woke us up. Went to bed around 11 last night.,6,,,,1,,1,,,,,1,,,,,,,,,,,,,,,,,,,,,,,,,,,,,,,,,,,,,,1,,,,,,,,,
2021-12-06,6,"Woke up around 2:30 and couldn't get back to sleep so I went to the couch around 3:15. There, I slept great until 6:24. I was on my back, no snoring. Not sure why I can't do that in the bed. Very busy and productive today, got a lot of stuff done on my to do list. That was fun, but I don't feel like I was able to spend time w/ the kids when they got home.",4,,,1,1,1,,,,,,,,,,,,,,,,,,,,,,,,,,,,,,,,,,,,,,,,,,,,,,,,,,,,,
2021-12-07,6,"Slept OK but not super comfortable. Woke up around 3:15 and surprisingly I was able to get back to sleep. Had a good meeting w/ the REIA group on zoom, but was otherwise stuck at the computer all day.",5,,1,1,1,1,,,,,,,,,,,,,,,,,,,,,,,,,,,,,,,,,,,,,,,,,,,,,,,,,,,,,
2021-12-08,8,"Pretty good sleep but still tired in the morning. Went into work for a PCA and it was interesting at least. Analyzed a MHP in Greenville and sent the numbers out to another investor, glad I finally got that done. Getting more comfortable w/ analysis.",8,,1,1,1,1,,,,,,,,,,,,,,,,,,,,,,,,,,,,,,,,,,,,,,,,,,,,,,,,,,,,,
2021-12-09,8,"Slept OK but just not super comfortable on the mattress. Busy day w/ work and real estate, then Victoria and I decorated Sammy's polar express box together in the evening.",5,,1,1,1,1,,,,,,,,,,,,,,,,,,,,,,,,,,,,,,,,,,,,,,,,,,,,,,,,,,,,,
2021-12-10,8,"Slept better last night. We got a 2"" thick mattress pad which I think helped. I even slept in 40 minutes after my alarm went off, and on my back w/o snoring. Still kind of restless sleep though. Got a lot done today (all week actually) as I've been making lists for myself the night before. It's helping keep me on track and I'm dicking around less.",6,,1,,1,1,,,,,,1,1,,,,,,,,,,,,,,,,,,,,,,,,,,,,,,,,,,,,,,,,,,,,,,
2021-12-11,5,"Woke up around 5 to pee, alarm wasn't going off until 5:30. I'm going to consider that not getting up to pee b/c I didn't get back to sleep. Slept just oK, not super comfortable. I was tired most of the day b/c of tennis, but got a lot done while everyone was out of the house. Took the kids to the living nativity and lights in the square - neither one behaved well and that kind of soured the day. Not sure what we can do differently to get them to behave better. Nico just won't stop screaming and Sammy always needs attention.",5,,1,1,1,,1,,,192.4,15.2,,,,,,,,,,,,,,,,,,,,,,,,,,,,,,,,,,,,,,,1,,1,,,,,,,
2021-12-12,4,Victoria wanted me to go to church this morning and I asked her what she expects from me. We discussed a bit and I just don't know how to have the conversation with her. She says she wants someone who will raise their kids in the church - I used to be OK with that but not anymore. I'd like to talk with her about it but she's not willing to question her beliefs and it sounds like she's willing to entertain divorce if I don't cooperate. This clouded most of my day.,5,,,,1,,1,,,,,,,,,,,,,,,,,,,,,,,,,,,,,,,,,,,,,,,,,,,1,,,,,,,,,
2021-12-13,5,"Woke up around 2:30/45, couldn't get back to sleep. Eventually got up around 4:10. Was thinking about Broughton - not really worried, just thinking and wishing it was done. Pretty tired this morning and it took a while to get going.",3,,1,1,1,1,,,,,,,1,,,,,,,,,,,,,,,,,,,,,,,,,,,,,,,,,,,,,,,,,,,,,,
2021-12-14,4,"Didn't get up to pee but still woke up probably around 2:30 - low quality sleep after that. Victoria and I got into a big argument tonight b/c she saw that I created a facebook account (for real estate). She thought it was sneaky, I didn't think anything of it. She sees it as possible validation that I'm sneaking around, I say I don't have anything to hide. Then we got into me not finding her attractive and what to do about religion. Apparently, I'm going to start going back to church and being a good catholic.",4,,1,1,1,1,,,,,,,1,,,,,,,,,,,,,,,,,,,,,,,,,,,,,,,,,,,,,,,1,,,,,,,
2021-12-15,3,"Slept surprisingly well despite the conversation right before bed. Very comfortable all night. Just not enough sleep. Slow-moving in the morning. Not a great day mentally, just thinking over yesterday's conversation. Victoria mentioned a ""deal breaker"" and I'm curious as to what that means - I should have asked. Starting to think that this is just another example of something I give in on - where we live, having a third kid, driving an automatic transmission car, the kids not eating great a lot, and now having to do something that I don't believe in and lie about it. Also frustrated b/c it took me way too long to go over the Broughton finances this morning and I got it wrong a couple of times. Trying not to think that ""this is what I always do"". Also had fun playing w/ Sammy in the evening outside.",8,,1,1,1,1,,,,,,,,,,,,,,,,,,,,,,,,,,,,,,,,,,,,,,,,,,,,,,,,,,,,,
2021-12-16,4,"Woke up around 3 and couldn't get back to sleep, went to the couch around 330 and slept for a bit. Nothing specific on my mind, just couldn't get back to sleep. Pretty down most of the day from a combination of tiredness, not eating enough, and still thinking about the other night's conversation.",3,,1,1,1,1,,,,,,,,,,,,,,,,,,,,,,,,,,,,,,,,,,,,,,,,,,,,,,,,,,,,,
2021-12-17,5,Woke up around 330 and couldn't get back to sleep. Just rested until my alarm went of at 430. I watched Nico this morning b/c he couldn't go into school. We had it out for a little bit but he eventually calmed down and was fun again. Very tired all day though from lack of sleep.,4,,1,1,1,1,1,,,,,,,,,,,,,,,,,,,,,,,,,,,,,,,,,,,,,,,,,,,1,,1,,,,,,,
2021-12-18,4,"Tossed and turned all night but slept until my alarm at 5:30. Got up to do a few things but then went to sleep for an hour and a half or so. Extremely tired all day but I wonder if I have some sort of virus, that's kind of what it feels like. Mentally exhausted and out of it. After thinking it was a virus, I seemed to feel better, probably b/c I'm relieved that it was an external issue rather than me starting to wear out.",3,,1,1,1,,,,,193.6,15.5,,,,,,,,,,,,,,,,,,,,,,,,,,,,,,,,,,,,,,,,,,,1,,,,,
2021-12-19,6,"Slept on the couch to see if that would help. I slept better but still tossed and turned, just not as much. Slept until 550 then laid on the couch until about 7 when Sammy came down. I might have fallen back into light sleep but not sure. Feeling better today so far. Mood was pretty good today, not sure if I'm getting over a virus or I just got more sleep.",6,,,,1,,,,,,,1,,,,,,,,,,,,,,,,,,,,,,,,,,,,,,,,,,,,,,,,,,,,,,,
2021-12-20,6,"Couldn't fall asleep on the bed so I moved to the couch around 1030. Took a little bit longer to fall asleep then I woke up around 330? to pee and couldn't get back to sleep. Got some good work done w/ my spreadsheets, trying to track real estate expenses and returns. Got tested for COVID and it came back negative, which is good, but still wondering why I felt so bad last week/weekend.",3,,1,1,1,1,,,,,,,,,,,,,,,,,,,,,,,,,,,,,,,,,,,,,,,,,,,,,,,,,,,,,
2021-12-21,6,"Slept better than I have for a while. Only tossed and turned a little and slept all the way up to my alarm. Still tired though. Heading to Greenville tonight so that should be fun. Hung out w/ the guys this evening, nice to get back together w/ everybody.",8,,1,1,1,1,,,,,,,,,,,,,,,,,,,,,,,,,,,,,,,,,,,,,,,,,,,,,,1,,,,,,,
2021-12-22,8,Slept at Casey's house and I did not sleep well at all. Bed was comfortable but I kept waking myself up by snoring. Very exhausted all day. Had a good time during the day w/ Ben and Casey then drove home.,3,,,,1,,1,,,,,,,,,,,,,,,,,,,,,,,,,,,,,,,,,,,,,,,,,,,1,,,,,,,,,
2021-12-23,6,"Slept much better last night, pretty comfortable. Still tired all day though. Victoria and I cooked some stuff for Christmas.",8,,,,1,,,,,,,,,,,,,,,,,,,,,,,,,,,,,,,,,,,,,,,,,,,,,,,,,,,,,,
2021-12-24,5,Slept in until about 7 but sleep was pretty intermittent. Prepped for Christmas eve all day then had everyone over for dinner. I can't stand Sofia and was trying to not let her get to me but just ended up ignoring her.,5,,,,1,1,,,,,,,,,,,,,,,,,,,,,,,,,,,,,,,,,,,,,,,,,,,,1,,,,,,,,,
2021-12-25,8,"Slept poorly, moved to the couch around 11:15. Today was pretty fun, the kids enjoyed christmas and everybody was cool at mana/payas",4,,1,1,1,,,,,194.5,16,,1,,,,,,,,,,,,,,,,,,,,,,,,,,,,,,,,,,,,,,,,,,,,,,
2021-12-26,6,Slept in but sleep was restless and I was snoring a lot.,5,,,,1,,1,,,,,,,,,,,,,,,,,,,,,,,,,,,,,,,,,,,,,,,,,,,1,,,,,,,,,
2021-12-27,6,"Slept pretty well but woke up too early. Pretty decent day, got a lot done on my real estate tracking spreadsheet.",5,,1,1,1,1,,,,,,1,,,,,,,,,,,,,,,,,,,,,,,,,,,,,,,,,,,,,,,,,,,,,,,
2021-12-28,5,"Slept well, just not long enough. Very comfortable all night and slept until my alarm. Got a lot done today but spent all day in front of the computer",8,,1,1,1,1,,,,,,,1,,,,,,,,,,,,,,,,,,,,,,,,,,,,,,,,,,,,,,,,,,,,,,
2021-12-29,6,"Slept pretty well again, just not enough. Took a bit to get back to sleep after getting up to pee. Took me a while to get out of bed this morning. Decent day - spent some time working (not enough) then went to look at a 4 unit. It needs a lot of work and the asking price is high. Also looking at a quad in Summerville from a wholesaler. Getting out of my comfort zone with this one a bit b/c I'm having to figure out other financing options and find stuff out that I'm not used to, but that's good. Played hockey w/ Sammy at the end of the day, that was fun.",6,,1,1,1,1,,,,,,,,,,,,,,,,,,,,,,,,,,,,,,,,,,,,,,,,,,,,,,,,,,,,,
2021-12-30,6,"Sleep was just OK - kind of restless and I don't feel like I got into deep sleep. Woke up 30 minutes before alarm and just relaxed, probably should have gotten up. Went to the lights w/ the boys tonight then game night w/ the grahams, which was fun. I had some bourbon and only got a bit tipsy.",5,,1,1,1,1,,,,,,,1,,,,,,,,,,,,,,,,,,,,,,,,,,,,,,,,,,,,,,,,,,,,,,
2021-12-31,6,"Slept poorly, my butt is really itchy and it kept me up. I think it's hemorrhoids and is similar to when I had poison ivy. Got up to pee in the middle of the night and was sick to my stomach from the bourbon. Strange b/c I didn't drink much and had a good bit of water with it too. Felt better when I woke up (around 715) but still a little sick. Working out helped. Pretty meh day - enjoyed making eggrolls but they didn't turn out well. Then I got impatient at the in-laws when we weren't doing anything and it was time to leave.",5,,,,1,1,,,,,,,,,,,,,,,,,,,,,,,,,,,,,,,,,,,,,,,,,,,,1,,,,1,,,,,
2022-01-01,6,"Slept OK and slept in until 6:30. Decent day, nothing spectacular. Took a short hike in the woods in the morning. Played some really bad tennis then went over to the in-laws for dinner and uno. Starting up the daily stoic journaling again, last time I did it was 2019.",6,,,,1,,1,,,195,15.5,1,,,,,,,,,,,,,,,,,,,,,,,,,,,,,,,,,,,,,,1,1,,,,,,,,
2022-01-02,8,"Tossed and turned most of the night. Got up to pee around 330 and only barely got back to sleep for a little. Ended up getting up around 440. Pooped and meditated, then I was going to sleep on the couch but started reading my book (project hail mary) which I'm really enjoying. I got to read until about 730. It was nice starting the day off that way. We got a lot of house stuff done today - took christmas stuff down, cleaned up, organized, and the kids weren't too bad. It was a pretty good day and it think it helped that I got to read a lot.",4,,1,1,1,,,,,,,,,,,,,,,,,,,,,,,,,,,,,,,,,,,,,,,,,,,,,,,,,,,,,,
2022-01-03,5,"Felt like pretty light sleep all night but not super tired this morning. Sam had a 3 hour delay from school and for some reason I saw that as an excuse to dick around. Wasted too much time online throughout the day. I got Sammy to start his bike on his own a few times though and that was cool. Still really enjoying ""project hail mary"" but kind of bummed b/c it's almost over.",5,,1,1,1,1,,,,,,,,,,,,,,,,,,,,,,,,,,,,,,,,,,,,,,,,,,,,,,,,,,,,,
2022-01-04,5,"Woke up around 2 and couldn't get back to sleep. Wasn't super tired in bed and probably could have just gotten up but I was comfortable and didn't check the time. Super tired getting going though - didn't have a good workout. Pretty average day, but I was glad I was able to do a few things. I went to look at a quadruplex for sale by a wholesaler, which made me nervous. I asked myself what I was nervous about, and attacked each one - I spoke w/ an insurance agent about flood insurance, spoke with lenders, and had Hamby come take a look to make sure I didn't overlook anything. I didn't end up making an offer on it but that's alright, I got the reps in.",3,,1,1,1,1,,,,,,,,,,,,,,,,,,,,,,,,,,,,,,,,,,,,,,,,,,,,,,,,,,,,,
2022-01-05,6,"Slept pretty decently and up to my alarm but still tired. Took me 20 minutes to get myself out of bed, then I went back to sleep for about 45 minutes on the couch after meditating. I'm frustrated that I'm so tired lately. Decent day, I think the nap helped a lot in the morning. I got a lot of work work done which was good.",5,,1,1,1,1,,,,,,,,,,,,,,,,,,,,,,,,,,,,,,,,,,,,,,,,,,,,,,,,,,,,,
2022-01-06,6,"Slept OK again but didn't feel like it was deep sleep. Decent day, but I felt weird in the afternoon. Went to play tennis w/ Sammy and I think it got frustrated - he wasn't doing too well and I also was struggling to hit well to him. Also felt like I got all ramped up for exercise and nothing happened. Strange, but it went away w/ dinner.",5,,1,1,1,1,,,,,,,,,,,,,,,,,,,,,,,,,,,,,,,,,,,,,,,,,,,,1,,,,,,,,,
2022-01-07,5,"Slept well, still tired in the morning. Took me 10 minutes to get out of bed. Decent day, but I don't think I used my time wisely. Eventually, I started doing some good research on the keto diet.",6,,1,1,1,1,1,,,,,,1,,,,,,,,,,,,,,,,,,,,,,,,,,,,,,,,,,,,,1,,,,,,,,,
2022-01-08,8,Slept OK but I was very gassy and it woke me up a few times. I started eating Lentils again on Wednesday. It went ok for a couple of days but I think I've been overdoing it and it's starting to get uncomfortable. Got to hang out w/ Rick today on a drive up to Orangeburg. Not going to purchase the property but it was nice talking with him. Played w/ the kids outside for a while too. Also got to spend a good bit of time reading about ketosis.,5,,1,1,1,,,,,193.6,15.6,,,,,,,,,,,,,,,,,,,,,,,,,,,,,,,,,,,,,,,,,,,,,,,,
2022-01-09,6,"Slept ok, woke up on my own around 5. Nice day so I tried to schedule tennis but nobody was available. Got my cooking done for the week though instead and researched keto more.",5,,1,1,1,,,,,,,,,,,,,,,,,,,,,,,,,,,,,,,,,,,,,,,,,,,,,,,,,,,,,,
2022-01-10,6,Tossed and turned all night. Decent day but I don't feel like I got enough done. Mainly worked on financial spreadsheet most of the day doing troubleshooting. Valuable work but didn't feel very productive.,4,,1,1,1,1,,,,,,1,,,,,,,,,,,,,,,,,,,,,,,,,,,,,,,,,,,,,,,,,,,,,,,
2022-01-11,6,Slept pretty well but tired when I woke up. Nico's been at home all week b/c the school is shut down due to covid. It's been challenging/frustrating. Went to a meetup with the real estate group this evening and had a good time.,6,,1,1,1,1,,,,,,,,,,,,,,,,,,,,,,,,,,,,,,,,,,,,,,,,,,,,,,,,,,,,,
2022-01-12,6,Slept pretty well. Spent a couple of hours in the evening moving stuff over to the new garage.,6,,1,1,1,1,,,,,,,,,,,,,,,,,,,,,,,,,,,,,,,,,,,,,,,,,,,,1,,,,,,,,,
2022-01-13,6,Just OK sleep. Got a good bit of work done today but spent all day in front of the computer. Nico's been a handful too.,5,,1,1,1,1,,,,,,,,,,,,,,,,,,,,,,,,,,,,,,,,,,,,,,,,,,,,,,,,1,,,,,
2022-01-14,6,"Did not sleep well. Couldn't stop my brain. I was able to sleep (and get back to sleep), but it was restless and didn't feel very deep. Thinking about a new job w/ palmetto state armory, refinancing properties, and switching to keto.",3,,1,1,1,1,,,,,,,1,,,,,,,,,,,,,,,,,,,,,,,,,,,,,,,,,,,,,,,,,,,,,,
2022-01-15,8,"Not great sleep but better than last night. Sammy had a basketball game and he did better this morning. Decent day. Need to move big stuff out to the shop. Instead of cheaping out and building a cart myself, I decided to just buy one to save time. Glad I made that decision. Had fun playing w/ the kids in the evening too.",4,,1,1,1,,,,,193,15.3,,,,,,,,,,,,,,,,,,,,,,,,,,,,,,,,,,,,,,,1,,,,,,,,,
2022-01-16,6,"Slept OK, not great. Cold and rainy so it was an inside day w/ the kids. Got kind of tedious at times. Also didn't get on the computer at all today. Pulled a tick off of Sadie, that killed about an hour w/ cleanup and everything.",5,,,,1,,,,,,,1,,,,,,,,,,,,,,,,,,,,,,,,,,,,,,,,,,,,,,1,,,,,,,,,
2022-01-17,6,"Comfortable most of the night but just didn't feel like deep sleep. Decent day, moved a bunch of stuff out to the garage and got to listen to a bunch of podcasts.",5,,1,1,1,1,,,,,,,,,,,,,,,,,,,,,,,,,,,,,,,,,,,,,,,,,,,,,,,,,,,,,
2022-01-18,5,"Poor sleep. Tossed and turned then woke up probably around 330. Got up around 415. Easily distracted throughout the day and it took me a while to get into working, which I'm going to blame on sleep. Victoria got pretty sick today, not sure why. I got annoyed with myself about getting annoyed that she kept asking for massages. I couldn't empathize w/ her pain, probably b/c part of me thinks it's just one of those pregnancy things.",3,,1,1,1,1,,,,,,,,,,,,,,,,,,,,,,,,,,,,,,,,,,,,,,,,,,,,,,,,,,,,,
2022-01-19,6,"Slept on the couch and I slept really well. Even slept in 45 minutes after my alarm. Decent day, got some work done then finished up w/ some really good tennis",8,,1,1,1,1,1,,,,,,,,,,,,,,,,,,,,,,,,,,,,,,,,,,,,,,,,,,,1,,,,,,,,,
2022-01-20,6,Slept on the couch again but did not sleep well. Felt like light sleep all night. Morning JO - not sure why I did it. Went to bed late so I slept in a little and no lifting in the morning.,5,,1,1,1,,,,,,,,1,,,,,,,,,,,,,,,,,,,,,,,,,,,,,,,,,,,,,,,,,,1,,,,
2022-01-21,5,"Slept well until probably 330, got up to pee around 4. Had I looked at my watch I probably wouldn't have gotten up. Cuddled for about 45 minutes before getting up. Had some tough conversations w/ Victoria today. I was trying to have good conversations but they kept turning into arguments. She says I don't value her opinion and talk down to her (which I think I do, but not with the intent of making her feel bad. More like trying to show that I know what I'm talking about). I'm confused about what to do when she has strong concerns about something (mainly real estate related) but I still think it should happen. She also wants me to acknowledge when she's right more. I understand that but she never does it either. She gets frustrated when I ""try to get the last word"" but I feel like she's also doing it.",6,,1,1,1,1,,,,,,,,,,,,,,,,,,,,,,,,,,,,,,,,,,,,,,,,,,,,,,,,,,,,,
2022-01-22,4,"Woke up around 1 or 2, got up to pee at 230, then moved down to the couch around 3. Eventually fell back asleep but had some weird dreams that made it seem like I didn't. Stuck inside most of the day b/c of the cold, it was tough finding stuff for the kids to do. I got out to a lunch meeting w/ Rick about the Jedburg lots and had a good discussion.",3,,,,1,,,,,193.2,15.5,,,,,,,,,,,,,,,,,,,,,,,,,,,,,,,,,,,,,,,,,,,,,,,,
2022-01-23,5,"Slept until 530 or later but didn't feel like good sleep. Tossed and turned a lot. Another day w/ the kids inside all day, got kind of tedious at times.",4,,1,1,1,,,,,,,,,,,,,,,,,,,,,,,,,,,,,,,,,,,,,,,,,,,,,1,,,,,,,,,
2022-01-24,4,"Slept comfortably, just couldn't get back to sleep after getting up to pee around 330. Made an elevated nest again instead of sleeping flatter and it was comfortable. Eventually got up just before 4. Poor workout in the morning. Tired all day and it was challenging w/ Nico and Sammy at home. I can't help but think about adding a third kid into the mix and how it was a stupid decision.",3,,1,1,1,1,,,,,,,,,,,,,,,,,,,,,,,,,,,,,,,,,,,,,,,,,,,,,,,,,,,,,
2022-01-25,4,"Slept well until about 2 when I got up to pee. Couldn't get back to sleep and went to the couch around 245. Took a while but I eventually got back to sleep and slept in until about 6. Couldn't get the Jedburg road project out of my mind. Maybe it's a sign I should back out, but I also know that I need to push through my discomfort to move onto bigger deals. Sent Nico to school and daycare called us at 10 to pick him up. He's going to have to stay home for the next couple of days and I wasn't happy about it. Not b/c of Nico, but b/c we're adding one more kid on top of everything we have going on.",2,,1,1,1,,,,,,,,,,,,,,,,,,,,,,,,,,,,,,,,,,,,,,,,,,,,,,,,,1,,,,,
2022-01-26,6,"Slept well last night and didn't get up at all. Not sure why. I think I forgot to take my allergy pill and multivitamin in the morning, wondering if that (allergy pill) has anything to do w/ it. Both kids at home again today, it's difficult to stay focused and get stuff done.",8,,1,1,1,1,1,,,,,,,,,,,,,,,,,,,,,,,,,,,,,,,,,,,,,,,,,,,1,,1,,,,,,,
2022-01-27,6,"Slept ok, got back to sleep after getting up to pee. Lots of stuff to do today and I found myself struggling to decide what to do and doing none of it.",6,,1,,1,,,,,,,1,,,,,,,,,,,,,,,,,,,,,,,,,,,,,,,,,,,,,,,,,,,,,,,
2022-01-28,8,Slept well and didn't get up to pee. Didn't take my allergy medicine today and I’m starting to think that may be contributing to my sleep issues. Stayed very busy today w/ real estate. On a time crunch w/ Jedburg - I need to chanel that energy and use it when I'm not on a time crunch.,8,,1,1,1,1,,,,,,,,,,,,,,,,,,,,,,,,,,,,,,,,,,,,,,,,,,,,,,1,,,,,,,
2022-01-29,6,Slept pretty well. Fell back asleep after alarm though for almost an hour. Hung out w/ the Grahams in the evening and had a good time.,6,,1,1,1,,,,,,,,1,,,,,,,,,,,,,,,,,,,,,,,,,,,,,,,,,,,,,,,,,,,,,,
2022-01-30,6,"Slept decently despite having eaten right before bed and going to sleep around 11. Had fun w/ Sammy today while Victoria and Nico were at church. Talked w/ Victoria about the jedburg lots, talked w/ Rick, then talked w/ the owner.",6,,1,1,1,,,,,,,,1,,,,,,,,,,,,,,,,,,,,,,,,,,,,,,,,,,,,,,,,,,,,,,
2022-01-31,6,"Didn't sleep great, couldn't get comfortable and my back was sore for some reason. Procrastinated a lot during the day, tennis at night. Day would have been an 8 if not for the lack of productivity.",4,,1,1,1,1,1,,,,,,,,,,,,,,,,,,,,,,,,,,,,,,,,,,,,,,,,,,,1,,,,,,,,,
2022-02-01,6,"Comfortable at night, just didn't sleep well. Went to bed around 1045, likely the reason why I didn't get up to pee. Pretty unproductive again today. Also got the news that I'm going to have to start going in daily starting tomorrow, so that was a huge bummer.",5,,1,1,1,1,,,,,,1,,,,,,,,,,,,,,,,,,,,,,,,,,,,,,,,,,,,,,,,1,,,,,,,
2022-02-02,5,"Slept OK, got up around 330 to pee and didn't get back to sleep. Comfortable rest though. Had to go into the office today.",5,,1,1,1,1,,,,,,,,,,,,,,,,,,,,,,,,,,,,,,,,,,,,,,,,,,,,,,,,,,,,,
2022-02-03,4,"Slept well until about 2:30, then very light sleep after that. Very tired in the morning. Not a great day, had to go into work where it was difficult due to only having my laptop monitor, no mouse, no keyboard, and no internet. Unfortunately, I was stewing over that most of the day. Then when I came home, I saw the cutting board in the sink w/ water all over it and started a fight w/ Victoria. Also ruminated about having to drive for so long and wait in line to pick up Sammy. Just an overall negative day. Then at night, Victoria had the pool board over and Charlotte was here. She was on the floor so I picked her up and put her on the couch and tried to get Sadie to stay w/ her. She was watching cocomelon and other baby-ish shows and it made me sad for her and her grandfather. I felt bad about my mental state throughout the day b/c compared to both of them, I have it really well. However, Victoria chose to make it that much harder on us by demanding a third kid, and that's what I really have a hard time wrapping my head around.",4,,1,1,1,1,,,,,,,,,,,,,,,,,,,,,,,,,,,,,,,,,,,,,,,,,,,,,,,,,,,,,
2022-02-04,8,"Slept pretty well, had to actively clear my mind after getting up to pee so I could get back to sleep and it worked well. Didn't get into deep sleep but it was ok. Pretty good day. I was productive w/ work and got a lot done outside of work too. Had a thin negative cloud over me all day though, thinking about kid 3 coming.",6,,1,1,1,1,,,,,,,1,,,,,,,,,,,,,,,,,,,,,,,,,,,,,,,,,,,,,1,1,,,1,,,,,
2022-02-05,5,"Slept OK but not great. Just an ok day, had some time to myself but I wasted a good bit of it on reddit.",5,,1,1,1,,,,,195.2,15.7,,,,,,,,,,,,,,,,,,,,,,,,,,,,,,,,,,,,,,,,,,,,,,,,
2022-02-06,5,"Just OK sleep. Tossed and turned, woke up before alarm but didn't get up, just kind of light sleep/rest. Lots of cooking done today.",5,,1,1,1,,,,,,,,,,,,,,,,,,,,,,,,,,,,,,,,,,,,,,,,,,,,,,,,,,,,,,
2022-02-07,5,"Poor sleep. Tossed and turned but was generally able to get back to light sleep. Victoria moved around a lot too and kept moving the covers around. Got up out of frustration around 345. Pretty tired all day, but work wasn't too bad and I was decently productive.",2,,1,1,1,1,,,,,,,,,,,,,,,,,,,,,,,,,,,,,,,,,,,,,,,,,,,,,,,,,,,,,
2022-02-08,6,"Slept well but still tired when I woke up. Ok day, not sure if I'm just getting used to going into work but it's not horrible anymore.",6,,1,1,1,1,,,,,,,,,,,,,,,,,,,,,,,,,,,,,,,,,,,,,,,,,,,,1,,,,,,,,,
2022-02-09,6,"Slept very well, still tired when I woke up though. OK day, nothing special. Played tennis w/ Sammy, trying to stay patient with him and keep it entertaining for him.",8,,1,1,1,,1,,,,,,,,,,,,,,,,,,,,,,,,,,,,,,,,,,,,,,,,,,,1,,,,,,,,,
2022-02-10,6,Slept well but went to bed late and woke up a few times. Pretty tired in the morning.,6,,1,1,1,,,,,,,,1,,,,,,,,,,,,,,,,,,,,,,,,,,,,,,,,,,,,,,,,,,,,,,
2022-02-11,6,"Slept well but woke up a few times again. Got some work done, good day lifting, and talked w/ Daniel a little over Teams tonight.",6,,1,1,1,1,,,,,,,1,,,,,,,,,,,,,,,,,,,,,,,,,,,,,,,,,,,,,,,,,,,,,,
2022-02-12,6,"Slept well enough. Tennis in the middle of the day, then we went out to eat and the kids were well behaved.",6,,1,1,1,,1,,,,,,,,,,,,,,,,,,,,,,,,,,,,,,,,,,,,,,,,,,,1,,,,,,,,,
2022-02-13,6,"Didn't sleep well. Tossed and turned and had a nightmare. I ate a lot of carbs right before bed though and that may have contributed. Sammy also messed up the pillow configuration yesterday. Did a lot of cooking today then spent several hours installing the garage door openers. I enjoyed doing it, but the whole time I was wondering if I should have just paid someone else to do it.",3,,1,1,1,,,,,,,,,,,,,,,,,,,,,,,,,,,,,,,,,,,,,,,,,,,,,,,,,,,,,,
2022-02-14,6,"Slept really well until about 1, then tossed and turned. Decent day, Helped Sammy w/ schoolwork in the afternoon then finished up w/ tennis.",4,,1,1,1,,1,,,,,,,,,,,,,,,,,,,,,,,,,,,,,,,,,,,,,,,,,,,1,,,,,,,,,
2022-02-15,5,"Got to sleep late b/c of tennis but slept well. Had a good day at work. Later, Victoria found out (I'm guessing from her mom) that I haven't been eating the communion cracker. She's clearly upset with me but we haven't really talked about it much. That's put a dark cloud over the day for me.",8,,1,1,1,1,,,,,,,,,,,,,,,,,,,,,,,,,,,,,,,,,,,,,,,,,,,,,,,,,,,,,
2022-02-16,4,Slept well but wok up around 320 and couldn't get back to sleep. Broughton was on my mind. Got up around 345. Very tired all day and there's a lot of tension b/w me and Victoria right now. Had a Teams interview this afternoon and I think I did well. I started out speaking fast but quickly realized it and I think I did a good job of speaking at a more reasonable pace.,3,,1,1,1,1,,,,,,,1,,,,,,,,,,,,,,,,,,,,,,,,,,,,,,,,,,,,,,,,,1,,,,,
2022-02-17,3,"Slept pretty well until 330. I was able to get myself back to sleep eventually but alarm still went off at 430. Another awkward day b/w me and Victoria until we talked in the evening. What I took away from it is that I need to be more affectionate (fair) and I need to fully participate in church. She wants me to speak w/ a priest or preacher, which I'm willing to do, but I don't see my mind changing on this. I can participate fully, but I'm going to have to look at it as a Stoic practice - you may be able to control my body but you can't control my mind.",5,,1,1,1,1,,,,,,,,,,,,,,,,,,,,,,,,,,,,,,,,,,,,,,,,,,,,,,,,,,,,,
2022-02-18,6,"Slept well, didn't want to get up. Victoria and Nico went to Greenville this weekend so it's just me and Sammy. After work, we had fun playing in the sunroom.",8,,1,1,1,1,,,,,,,1,,,,,,,,,,,,,,,,,,,,,,,,,,,,,,,,,,,,,1,,,,,,,,,
2022-02-19,8,"Slept well until I got up to pee, then I had a lump in my throat. Windows were open most of the day, I think that might be why. Pretty busy day today w/ just me and Sammy. Basketball, then the park, came home for a snack, then I took him to Broughton to walk through the houses. Then we got lunch at Ye Old, Ace, Aldi, then came home for a few minutes, then dinner w/ Brian. He had fun today too.",4,,1,1,1,,,,,,,,1,,,,,,,,,,,,,,,,,,,,,,,,,,,,,,,,,,,,,,,,,,,,,,
2022-02-20,5,"Slept OK. Hung out w/ Sammy again for most of the day. I enjoyed our weekend together and I think he did too. Kind of a cloud over my day today - thinking about our argument on Thursday night. I've always taken the stance that we should stay together - I feel like Victoria frequently wanted to break up - wondering if I made the right choice by having us stay together. Even now, she brought up separating. My default response was that we should not, but if I evaluate my reaction, it's mostly b/c of the kids. Maybe I'm just in a funk today though. I've felt like this before and the feeling passed. Hopefully it will pass again. Although, Victoria and I don't have much in common and I'm not sure what we're going to do after the kids leave the house.
 I also took Sammy to church today and I can't help identifying all of the hypocrisies - so many of the ""rules"" that aren't followed.",5,,1,1,1,,,,,,,,1,,,,,,,,,,,,,,,,,,,,,,,,,,,,,,,,,,,,,1,,,,,,,,,
2022-02-21,8,"Slept OK until 2 then tossed and turned, moved down to the couch around 315. Went to the park in the morning as a family and had fun, watched a movie while Nico napped, then I got to work on my car and the garage door openers. Surprisingly, I got everything back together w/ my car and I was pretty pumped about that. Finished up w/ tennis in the evening as well.",3,,1,1,1,1,1,,,,,,,,,,,,,,,,,,,,,,,,,,,,,,,,,,,,,,,,,,,1,,,,,,,,,
2022-02-22,6,"Slept pretty well. For some reason most nights, after I get up to pee I try to go back to sleep on my right side. I wake up shortly after w/ pain in my leg/hip and switch back to my left. I need to stop doing that. Decent day, stayed busy for the most part. Excited b/c we got multiple offers on the Broughton garage house",5,,1,1,1,1,,,,,,,,,,,,,,,,,,,,,,,,,,,,,,,,,,,,,,,,,,,,,,,,,,,,,
2022-02-23,6,"Slept ok, tired when I woke up though. Decent day, not as productive as I should have been though. Had sex in the evening and ""I"" wasn't super ""into it"", but Victoria gave me some sort of signal that she was enjoying it so ""I"" got more ""into it"". Interesting observation.",6,,1,1,1,1,,,,,,1,,,,,,,,,,,,,,,,,,,,,,,,,,,,,,,,,,,,,,1,1,,,,,,,,
2022-02-24,6,"Slept well until about 3 when Victoria woke me up b/c of a smoke alarm. We couldn't find it and it stopped, but she was paranoid that it was gas or something. Eventually I was able to identify that it was a low battery, but didn't get back to sleep. Tired all day. Exciting evening that ended up as a bust - Rick sent me two duplexes in Hanahan that were a home run. I was scrambling to get pre-approval letters and my PFS together but they were already under contract within hours of being listed. Russia also invaded Ukraine and I read up on it a little, which I probably shouldn't have.",5,,1,1,1,1,,,,,,,,,,,,,,,,,,,,,,,,,,,,,,,,,,,,,,,,,,,,,,,,,,,,,
2022-02-25,8,"Slept in Lena's room on our old mattress and it was comfortable. Very tired when I woke up though. Caught up w/ Ed Gommer at work today - he's very interesting and fun to talk to. Lift after work, pulled some bushes, then tennis.",8,,1,1,1,1,1,,,,,,1,,,,,,,,,,,,,,,,,,,,,,,,,,,,,,,,,,,,,1,,,,1,,,,,
2022-02-26,6,"Slept on old mattress again. OK day, had Nico's birthday party then went car shopping. Also worked on garage door openers",6,,1,1,1,,,,,195.4,15.9,,,,,,,,,,,,,,,,,,,,,,,,,,,,,,,,,,,,,,,,,,,,,,,,
2022-02-27,6,Awake/light sleep starting around 3. Church in the morning - I was more negative about it than I'd like to be. Finished garage doors and did some cooking,4,,1,1,1,,,,,,,,,,,,,,,,,,,,,,,,1,,,,,,,,,,,,,,,,,,,,,,,,,,,,,,
2022-02-28,6,"Slept OK, light sleep from about 1-2. Felt pretty tired all day and I thought it was just exhaustion, but I think it's actually the start of allergy season",6,,1,1,1,1,1,,,,,,,,,,,,,,,,,,,,,,1,,,,,,,,,,,,,,,,,,,,,1,,,,,1,,,,
2022-03-01,5,Slept pretty well but very tired when I woke up. Went to bed late last night b/c of tennis. Very tired all day but I think a lot of it is b/c of allergies. Took a nap in the afternoon and that helped. Had a lot to do today but struggled to stay focused on one thing at a time.,8,,1,1,1,1,,,,,,1,,,,,,,,,,,,,,,,,1,,,,,,,,,,,,,,,,,,,,,,,,,,,,,,
2022-03-02,6,"Light sleep in the middle of the night so I got up and moved to the couch around 215. Decent day, stayed pretty busy.",4,,1,1,1,,,,,,,,,,,,,,,,,,,,,,,,1,,,,,,,,,,,,,,,,,,,,,,,,,,,,,,
2022-03-03,6,Light sleep most of the night again. Busy day at work and busy getting ready for the syndication trip.,4,,1,1,1,1,,,,,,,,,,,,,,,,,,,,,,,1,,,,,,,,,,,,,,,,,,,,,,,,,,,,,,
2022-03-04,8,"Slept pretty well in the hotel room, just not enough sleep. Good day at the syndication seminar. I didn't do great networking but I did talk with a few people and had some good conversations. Lots of good info too.",6,,1,1,1,,,,,,,,,,,,,,,,,,,,,,,,1,,,,,,,,,,,,,,,,,,,,,1,,,,,,,,,
2022-03-05,8,"Poor sleep in the hotel. Another good day at the seminar. I made an effort to talk to people. Some were duds, but for the most part I engaged in good conversation. Made some good connections. Feeling very motivated and now I need to make sure that I keep it going.",4,,1,,1,,,,,,,,,,,,,,,,,,,,,,,,1,,,,,,,,,,,,,,,,,,,,,1,,,,,,,,,
2022-03-06,9,"Poor sleep, had to get up at 3 for the flight but woke up at 2 and couldn't get back to sleep b/c my mind was racing. Super pumped up all day after the seminar this weekend. My mind was racing w/ possibilities and I'm trying to organize my thoughts. Flights home were OK. There was a baby crying from Dallas to charlotte but it didn't bother me for some reason. From charlotte to chs, rick and I talked w/ an investor from Texas and we might do some business together. 
 I didn't want to eat any airport food so I skipped breakfast. Got home and I still wasn't feeling too hungry and I ended up not eating until about 630 or 7. I would have pushed through but I wanted to lift in the morning and I have tennis tomorrow so I wanted to have enough energy. Victoria and I enjoyed talking with each other and we talked for a couple of hours throughout the evening. I'm really in a good mood and want to keep this going.",3,,1,1,1,,,,,,,,,,,,,,,,,,,,,,,,1,,,,,,,,,,,,,,,,,,,,,1,1,,,1,,,,,
2022-03-07,6,"Great sleep last night. That's the best night's sleep I can remember having. I didn't wake up at all to pee or even toss and turn. I guess I was just so exhausted. I'm also wondering if my eating pattern from yesterday had anything to do with it. Not sure but I'll use it as a data point. I would have given my sleep a 10 but I was still tired when I woke up. Slept from about 930 to 430. Thought about going back to sleep until 6 but wasn't confident I'd be able to get back to sleep. OK day, stayed busy all day and didn't waste much time. Too much to do though and I didn't get much real estate done.",9,,1,1,1,1,1,,,,,,,,,,,,,,,,,,,,,,1,,,,,,,,,,,,,,,,,,,,,,,1,,,,,,,
2022-03-08,5,"Slept really well until 330. I fell back asleep but it didn't feel like it. Went to bed late so I'm tired in the morning. Had a lot to do today but struggled to prioritize. Nicole is coming into town this weekend so of course we have to do a deep clean of the whole house. Victoria got frustrated b/c I've been very busy with work and real estate and I don't have time to help clean until the evening when she's tired. I'm frustrated b/c I have more important things to do than clean during the day so if I'm going to clean, it's going to have to be in the evening.",8,,1,1,1,,,,,,,,,,,,,,,,,,,,,,,,1,,,,,,,,,,,,,,,,,,,,,,,,,,,,,,
2022-03-09,6,"Slept well until I got up to pee, then it took me a while to get back to sleep. I was thinking about the refinances that are happening, wondering if I made the right choice or not. Day was OK, still kind of down after last night's argument. First soccer practice tonight, I was under prepared.",4,,1,1,1,1,,,,,,,,,,,,,,,,,,,,,,,1,,,,,,,,,,,,,,,,,,,,,1,,,,,,,,,
2022-03-10,5,"Ok sleep with strange dreams. OK day, nothing special. Soccer practice in the evening.",6,,1,1,1,,,,,,,,,,,,,,,,,,,,,,,,1,,,,,,,,,,,,,,,,,,,,,,,,,,,,,,
2022-03-11,6,"Didn't sleep great, don’t really know why. Nothing special today",4,,1,1,1,1,,,,,,,,,,,,,,,,,,,,,,,1,,,,,,,,,,,,,,,,,,,,,,,,,,,,,,
2022-03-12,6,Slept OK just went to bed too late. I was very tired all day and I felt bad b/c I should have been playing w/ the kids.,6,,1,1,1,,,,,,,,,,,,,,,,,,,,,,,,1,,,,,,,,,,,,,,,,,,,,,1,1,,,,,,,,
2022-03-13,6,"Slept poorly, not really sure why. Didn't do early wakeup b/c of time change and we went to bed super late again. OK day, hung out w/ Nico for a while and he was pretty cool today.",3,,,,1,,,,,,,1,,,,,,,,,,,,,,,,,1,,,,,,,,,,,,,,,,,,,,,,,,,,,,,,
2022-03-14,6,"Slept well, got up right away. Kind of an irritating day, had to go into work but didn't get a whole lot done.",6,,1,1,1,1,1,,,,,,,,,,,,,,,,,,,,,,1,,,,,,,,,,,,,,,,,,,,,1,,,,,,,,,
2022-03-15,5,"Slept pretty well but still tired in the morning, went to bed too late. Very tired all day and in a bad mood. Eventually took a nap from about 1-2 and felt much better after that.",6,,1,1,1,1,,,,,,,,,,,,,,,,,,,,,,,1,,,,,,,,,,,,,,,,,,,,,1,,,,,,,,,
2022-03-16,6,"Slept well, comfortable all night. Pretty regular day, had a call w/ some syndicators after work that went well. Sammy misbehaved at school so we had him run around the circle a bunch of times. I followed on my bike, towing Nico. On the last lap, I popped the curb and ""chased"" him, he tripped and fell shortly after. Not sure if I should have done that or not.",8,,1,1,1,,,,,,,,,,,,,,,,,,,,,,,,1,,,,,,,,,,,,,,,,,,,,,1,1,1,,1,,,,,
2022-03-17,6,"Slept well again. Switched sides of the bed and I was comfortable all night, even with Sammy coming in at 11 b/c of a storm (cool storm). Still tired though, been going to sleep around 10 all week. Decent day, had a potluck at work with some very good food, closed on the Garrett refinance, and had soccer practice. The kids are difficult this season.",8,,1,1,1,1,,,,,,,,,,,,,,,,,,,,,,,1,,,,,,,,,,,,,,,,,,,,,,,,,,,,,,
2022-03-18,8,"Slept well, just not enough again. Decent day, went to work and figured some stuff out with teammates. As much as I dislike having to go into the office, it has been nice working with people and figuring stuff out as a team. Played tennis in the afternoon and Victoria and I just hung out and talked for a while after the kids went to bed.",8,,1,1,1,,1,,,,,,,,,,,,,,,,,,,,,,1,,,,,,,,,,,,,,,,,,,,,1,,,,,,,,,
2022-03-19,4,Slept well but woke up for a bit with quasi-cramp from tennis. Spent all day w/ the boys while Victoria was at her baby shower. We had fun and they did a good job. Then my mom and Suzy came over. Sammy started acting up and was very obnoxious. Then Victoria got really upset b/c I didn't clean up the kitchen well enough. I was annoyed that she's so picky about it but I should have done better. She left the house after the boys went to bed b/c she was so upset.,6,,1,1,1,1,,,,194.4,15.6,,1,,,,,,,,,,,,,,,,1,,,,,,,,,,,,,,,,,,,,,,,,,,,,,,
2022-03-20,8,"Didn't sleep too well b/c I was concerned about Victoria. I got up w/ the boys and we did breakfast, then I talked w/ Victoria. She was in a better mood and understood her feelings better. She was stressed b/c of the shower (largely b/c of my mom) then came home to see the kitchen how it was. When she left, she went over to her parents' (...) and had it out w/ her dad. Then she told me all of the stuff that my mom did and said and it was just really uncomfortable. Did a lot of cooking the rest of the day, worked on the garage, and finished up w/ some tennis.",5,,,,1,,1,,,,,,,,,,,,,,,,,,,,,,1,,,,,,,,,,,,,,,,,,,,,1,,,,,,,,,
2022-03-21,6,"Slept pretty well, didn't wake up until 15 minutes before my alarm. In the field at work all day, not too bad. Stayed busy and figured some things out. Real estate stuff got annoying today, trying to finish up Whetstone and figure out what to do w/ Broughton. Tennis in the evening, but I lost",8,,1,1,1,,1,,,,,,1,,,,,,,,,,,,,,,,1,,,,,,,,,,,,,,,,,,,,,1,,1,,,,,,,
2022-03-22,5,Slept well and didn't get up to pee again. In the field at work again today. I mostly enjoyed it but traffic there and back was really bad.,8,,1,1,1,1,,,,,,,,,,,,,,,,,,,,,,,1,,,,,,,,,,,,,,,,,,,,,,,1,,,,,,,
2022-03-23,8,"Slept well but still tired when I woke up. Pooped and meditated, then went back to sleep for about 50 minutes instead of lifting. Another day in the field at work and I enjoyed it. Good soccer practice tonight w/ only 3 kids.",8,,1,1,1,,,,,,,,,,,,,,,,,,,,,,,,1,,,,,,,,,,,,,,,,,,,,,1,1,,,,,,,,
2022-03-24,8,"Poor sleep - watch vibrated at 147 for some reason and I slept in about 1 hour increments after that. Another fun day in the field at work. It's been nice working w/ everyone and getting to know them, as well as getting more familiar w/ the equipment.",4,,1,1,1,1,,,,,,,,,,,,,,,,,,,,,,,1,,,,,,,,,,,,,,,,,,,,,,,,,,,,,,
2022-03-25,8,"Poor sleep, couldn't get too comfortable. Only slept w/ a sheet, no blanket, and I think that might have had something to do w/ it. Another good day. Went out to the field for a few hours at work and enjoyed hanging out. Worked on real estate almost the rest of the day, trying to tie up loose ends for Whetstone. It was stressful but I enjoyed figuring stuff out and working through stuff.",4,,1,1,1,1,,,,,,,,,,,,,,,,,,,,,,,1,,,,,,,,,,,,,,,,,,,,,,,,,,,,,,
2022-03-26,6,"Slept ok and slept in. OK day, had Nicole's wedding",6,,,1,1,,,,,192,15.2,1,,,,,,,,,,,,,,,,,1,,,,,,,,,,,,,,,,,,,,,1,,,,1,,,,,
2022-03-27,5,"Went to bed late so I slept in again. Tired all day, pretty bland.",5,,,,1,,1,,,,,,,,,,,,,,,,,,,,,,1,,,,,,,,,,,,,,,,,,,,,1,1,,,,,,,,
2022-03-28,6,"Slept pretty well, just not enough. Decent day, finally making some traction on Whetstone and it was good to figure that stuff out.",6,,1,1,1,1,,,,,,,1,,,,,,,,,,,,,,,,1,,,,,,,,,,,,,,,,,,,,,,,,,,,,,,
2022-03-29,5,"Slept ok, tossed and turned a little bit. Only went on reddit to find some insights on GME price action. Not as productive today as I should have been, couldn't get myself to stay focused on one task at a time. Didn't get to squat today. Disappointed, but maybe for the best - my legs need the rest.",5,,1,1,1,,,,,,,,,,,,,,,,,,,,,,,,1,,,,,,,,,,,,,,,,,,,,,,,,,,,,,,
2022-03-30,6,"Felt like light sleep all night. OK day, nothing special.",5,,1,1,1,,,,,,,,,,,,,,,,,,,,,,,,1,,,,,,,,,,,,,,,,,,,,,,,,,,,,,,
2022-03-31,6,Slept well but still tired in the morning. Slow moving and procrastinated in the morning. Tired all day.,6,,1,1,1,1,,,,,,,,,,,,,,,,,,,,,,,1,,,,,,,,,,,,,,,,,,,,,1,,,,,,,,,
2022-04-01,5,"Slept pretty well (some tossing and turning) but woke up tired. The past two mornings, I've been woken up in what feels like a deep sleep and that's probably not helping. Took Victoria to the hospital for pregnancy pains, turned out to be normal stuff.",6,,1,1,1,,,,,,,,,,,,,,,,,,,,,,,,1,,,,,,,,,,,,,,,,,,,,,,,,,,,,,,
2022-04-02,6,"Didn't enjoy my sleep. No real reason why. OK day, took Sammy to the new park and had fun hanging out w/ other dads. Bought our new minivan this evening.",5,,,,1,,,,,195.8,16,,,,,,,,,,,,,,,,,,1,,,,,,,,,,,,,,,,,,,,,,,,,,,,,,
2022-04-03,6,"Didn't sleep too well. Victoria moved around a lot and I ate cookies and cereal right before bed. OK day, I had the boys and we had a good time while Victoria was out. Family pics in the evening, did not go well. Bugs were everywhere but considering that, the boys did pretty well.",4,,,,1,,,,,,,,,,,,,,,,,,,,,,,,1,,,,,,,,,,,,,,,,,,,,,1,1,,,,,,,,
2022-04-04,6,Not great sleep. I know I slept b/c I had a lot of dreams but I woke up intermittently and it felt like a very long night.,4,,1,1,1,1,1,,,,,,1,,,,,,,,,,,,,,,,1,,,,,,,,,,,,,,,,,,,,,1,,,,,,,,,
2022-04-05,5,"Slept OK but kept waking up again. Able to get back to sleep quickly but still annoying. Started feeling pretty crappy in the evening, mainly around my stomach. It really hurt to sneeze or take a deep breath. Felt light headed and sore everywhere, likely some kind of virus.",5,,1,1,1,,,,,,,,,,,,1,,,,,,,,,,,,1,,,,,,,,,,,,,,,,,,,,,,,,,,,,,,
2022-04-06,4,"Poor sleep again, felt like a long night. Moved down to the couch and slept a little better there. Pretty achy all over w/ a slight headache. Felt better physically today but pretty down mentally. Not looking forward to kid 3 coming. My resentment towards Victoria is growing.",3,,,1,1,,,,,,,,1,,,,1,,,,,,,,,,,,1,,,,,,,,,,,,,,,,,,,,,,,,,,,,,,
2022-04-07,3,"Slept on the couch all night. Better, more continuous sleep but I still woke up a few times. Nice storm in the middle of the night. Virus (or whatever) is better but allergies are pretty strong today. Generally in a bad mood, not sure if it's my allergies/sickness that's causing it or the building resentment towards Victoria. Had a soccer game tonight and I need to get myself under control. Almost yelled at a few kids and almost pushed them around b/c they weren't listening.",5,,1,1,1,1,,,,,,,,,,,1,,,,,,,,,,,,1,,,,,,,,,,,,,,,,,,,,,1,,,,,,,,,
2022-04-08,4,"Slept on the couch again and I slept well. Decided to sleep in again though to rest up, still stuffy in the morning. Better day mentally but still feeling resentful. Felt OK most of the day, but got worse as the day progressed. Very dizzy and out of it by the end of the day.",6,,,,1,,,,,,,,,,,,1,,,,,,,,,,,,1,,,,,,,,,,,,,,,,,,,,,,,,,,,,,,
2022-04-09,6,"Slept on the couch, decent sleep. Feeling better (but not great) in the morning so far. Victoria got Nico's bug last night so we sent the kids away and I just hung out w/ Victoria all day. I felt fine and it was nice just not having the kids here.",6,,1,1,1,,,,,192,16,,,,,,,,,,,,,,,,,,1,,,,,,,,,,,,,,,,,,,,,,,,,,,,,,
2022-04-10,6,"Slept on the couch and slept well. Got up around 6:30. OK day, nothing great. I overreacted and spanked Sammy when I thought he intentionally kicked me in the knee. He was just trying to get out of his beanbag chair. I apologized and feel really bad about it.",8,,,1,1,,,,,,,,,,,,,,,,,,,,,,,,1,,,,,,,,,,,,,,,,,,,,,,,1,,1,,,,,
2022-04-11,6,Slept well in the bed. Got up right away and felt rested. Unstructured work day and I tried to stay productive and work on one thing at a time. Didn't do the best job but I got some stuff done.,8,,1,1,1,1,1,,,,,,1,,,,,,,,,,,,,,,,1,,,,,,,,,,,,,,,,,,,,,1,1,1,,,,,,,
2022-04-12,2,"Very tired in the morning, went to bed after 11 b/c of tennis. Slept pretty well but was quazi-awake for a little bit. Extremely exhausted all day and couldn't keep my eyes awake at work. Then before bed, Victoria offered me an ""out"" (whatever that means) b/c I'm so miserable w/ the kids. It's not really that I'm miserable, I just don't want to go through the infant stage again. It's extremely time consuming and I do not handle it well. I also don't know what to do w/ the kids - Sammy needs different things than Nico so it's hard to do anything with both of them at the same time. Then we're throwing another kid in there b/c it's what Victoria wants. I really don't want to be negative for this whole process and I need to figure out how to change my current mindset.",6,,1,1,1,,,,,,,,,,,,,,,,,,,,,,,,1,,,,,,,,,,,,,,,,,,,,,,,,,,,,,,
2022-04-13,5,"Slept pretty well but not as much as I wanted to. OK day, still very tired though.",8,,1,1,1,1,,,,,,,1,,,,,,,,,,,,,,,,1,,,,,,,,,,,,,,,,,,,,,,,,,,,,,,
2022-04-14,6,"Slept well, just not enough. Also slept in about an hour after my alarm went off. OK day, another long meeting at work.",6,,1,1,1,1,,,,,,,,,,,,,,,,,,,,,,,1,,,,,,,,,,,,,,,,,,,,,1,,,,,,,,,
2022-04-15,8,"Slept pretty well, warm and sweaty though. Took a caffeine pill (100mg) this morning to see how it would help. Didn't notice anything for a while but starting to feel something about 2 hours later. I feel like I have a lot of brain energy, but not the useful kind. Not quite anxiety but it's definitely not making me feel energized or awake. Pretty good day, stayed very busy w/ real estate all day. Finally got Dorchester Manor Boulevard A tenant to sign a lease after meeting with him in person. Finished up w/ some tennis in the evening.",6,,1,1,1,1,1,,,,,,,,,,,,,,,,,,,,,,1,,,,,,,,,,,,,,,,,,,,,1,,,,,,,,,
2022-04-16,6,Slept well but sweaty and weird dreams. Nothing special today. Went to dinner w/ the Grahams for April birthdays and it was pretty lousy. I have been feeling better (or less negative) about having a third kid recently. I don't know if it's b/c of the talk we had the other night or if I was just in a funk.,8,,1,1,1,,,,,194.2,16.2,,,,,,,,,,,,,,,,,,1,,,,,,,,,,,,,,,,,,,,,,,,,,,,,,
2022-04-17,6,"Slept OK, weird dreams though. Wasn't very tired when I woke up but got really tired in the early evening.",5,,,1,1,,,,,,,1,,,,,,,,,,,,,,,,,1,,,,,,,,,,,,,,,,,,,,,,,,,,,,,,
2022-04-18,6,"Slept pretty well but warm and sweaty. Poor workout in the morning, otherwise ok day.",6,,1,1,1,1,,,,,,,,,,,,,,,,,,,,,,,1,,,,,,,,,,,,,,,,,,,,,,,,,1,1,,,,
2022-04-19,2,"Woke up around 220 and couldn't get back to sleep, real estate was on my mind. However, I think the real culprit was I was sick. Got up around 345 to poop, then threw up around 415 or so. Threw up and pooped several more times throughout the day, last throw up was around 1130. Unfortunately, I had to stay home and miss Lena's birth. Very nauseous for most of the day and just lounged around. Started feeling better around 430pm after eating some applesauce.",3,,,1,1,,,,,,,,,,,,1,,,,,,,,,,,,1,,,,,,,,,,,,,,,,,,,,,,,,,,,,,,
2022-04-20,6,"Slept very well, woke up around 6:30 on my own. Feeling back to normal today. Although I feel bad not being able to be in the hospital to help out, I've enjoyed being on my own for the past couple of days. Sammy also scored a goal in soccer tonight so I took him for ice cream. I was proud of him. I'm worried that I'm too critical of him in soccer/push him too much, but I think it's at least partially helping.",8,,,,1,1,,,,,,,,,,,,,,,,,,,,,,,1,,,,,,,,,,,,,,,,,,,,,1,1,1,,,,,,,
2022-04-21,5,"Slept very well until 3 and I couldn't get back to sleep. This made me very tired the rest of the day. It was nice meeting Lena. Unfortunately, I started feeling a little nauseous in the afternoon around 4. Didn't really eat lunch at all and had a light dinner.",3,,1,1,1,1,,,,,,,,,,,1,,,,,,,,,,,,1,,,,,,,,,,,,,,,,,,,,,,,,,,,,,,
2022-04-22,5,"Slept well considering new baby. She sleeps for about 3 hours at a time, which isn't too bad. I was very tired in the morning so was not in a good mood. Took a nap after getting the kids to school and doctor's appointment and am in a better mood.",4,,,,1,,,,,,,,,,,,,,,,,,,,,,,,1,,,,,,,,,,,,,,,,,,,,,,,,,,,,,,
2022-04-23,3,"Lena did not sleep well last night so neither did we. Then, Victoria was upset b/c the kitchen wasn't clean enough. I really feel like she's got to let that go a little bit. Pretty tired most of the day but got a short nap and that helped. I have this underlying nausea feeling most of the time too, which really kills my appetite. I haven't been eating enough.",2,,,,1,,,,,,,,,,,,,,,,,,,,,,,,1,,,,,,,,,,,,,,,,,,,,,,,,,,,,,,
2022-04-24,6,"Much better night sleeping, only got up at 1145 then again at 430. OK day, nothing special. Lena's been pretty chill for the most part. Hung out w/ just Nico for a while and that was fun.",5,,,,1,,,,,,,,,,,,,,,,,,,,,,,,1,,,,,,,,,,,,,,,,,,,,,,,,,,,,,,
2022-04-25,6,"OK sleep but very tired in the morning. Took Lena to doctor in morning and had to admit her to the hospital later for blue light treatment. Pretty disappointing and a bummer b/c Victoria has to stay w/ her overnight. Other than that, I had a decent day, got a lot of real estate done. Should have taken some time to exercise though.",4,,,,1,,,,,,,,,,,,,,,,,,,,,,,,1,,,,,,,,,,,,,,,,,,,,,1,,,,,,,,,
2022-04-26,6,Victoria and Lena were in the hospital tonight for blue light treatment so I slept pretty well. Woke up around 3 and had trouble getting back to sleep but ended up sleeping until 6. Spent a while at the hospital then got some stuff done after the kids went to bed.,6,,,,1,1,,,,,,,1,,,,,,,,,,,,,,,,1,,,,,,,,,,,,,,,,,,,,,,,,,,,,,,
2022-04-27,3,"Didn't sleep too well and went to bed too late. Spent most of the day in the hospital just waiting. It was OK for a while, but then it just got ridiculous and I started to lose patience. Then, the landscapers let the dogs out (not their fault) and I got more impatient. Soccer was OK, but some of the kids still misbehaved. Then Victoria and I had another argument in the evening about how we don't have anything in common, she's always making concessions, and she doesn't feel heard.",3,,,,1,,,,,,,,,,,,,,,,,,,,,,,,1,,,,,,,,,,,,,,,,,,,,,1,,,,,,,,,
2022-04-28,4,"Slept pretty well, still tired in the morning. Took Lena to the doctor again and she's still yellow, needs to go back again tomorrow. Victoria and I continued our discussion, focusing on Sammy's eating (how I messed him up) and the concessions that I feel that I've made. Victoria doesn't seem to think the concessions I listed are concessions at all. After Sammy got home, we played frisbee and soccer for a little bit then he asked me to play trucks w/ him outside. I felt like I should have but told him I was going to help Mommy w/ stuff inside. I feel bad about it but it's good for him to play by himself, he seems to have had fun, and I don't know how to play trucks very well. I also rearranged the cabinet next to the stove so my cooking ingredients fit in there and that made Victoria happy.",5,,,,1,,,,,,,,,,,,,,,,,,,,,,,,1,,,,,,,,,,,,,,,,,,,,,,,,,,,,,,
2022-04-29,6,"Slept OK but Lena kept us up until after 11, then had a kind of rough night. Took her back to the doctor and still concerned about her color. Had a pretty productive day, both work-wise and real estate-wise. Played w/ Sammy in the afternoon and had fun w/ the mouse game.",4,,,,1,,,,,,,,,,,,,,,,,,,,,,,,1,,,,,,,,,,,,,,,,,,,,,,,,,,,,,,
2022-04-30,5,"Lena kept us up late again. Slept well other than that, very tired in the morning. Tried to do an activity w/ the boys in the afternoon but it didn't go too well and I felt bad - I don't really know what to do w/ them b/c they're at such different stages.",4,,,,1,,,,,188,15.6,,,,,,,,,,,,,,,,,,1,,,,,,,,,,,,,,,,,,,,,,,,,,,,,,
2022-05-01,5,"Pretty decent sleep, Lena only woke up at 1 and 5. OK day, didn't do a whole lot though. Finally got a workout in.",6,,,,1,1,,,,,,,,,,,,,,,,,,,,,,,1,,,,,,,,,,,,,,,,,,,,,,,,,,,,,,
2022-05-02,5,"Lena didn't sleep until about midnight so it was a rough night. Very tired in the morning. Also going to try intermittent fasting again since I'm unable to workout in the mornings. We'll see how it goes. Started intermittent fasting today. Difficult to discern exhaustion from last night and tiredness from not eating, but I think it went well enough. I was hungry in the morning and didn't end up eating until about 3 pm. Would have eaten around noon but I took a nap and woke up around 1:30, no time before getting Sammy. Before that, I felt pretty cold. It also took me a little while to feel ""normal"" after eating but eventually I felt pretty good, maybe better than usual. I fed Lena during dinner so I just held off on eating and worked out after putting the kids to bed. That was also interesting. I don't really like lifting that late but I've got to try something.",3,,,,1,1,,,,,,,,,,,,,,,,,,,,,,,1,,,,,,,,,,,,,,,,,,,,,1,1,,,,,,,,
2022-05-03,5,"Woke up feeling pretty good. Went to bed late (11ish?) but Lena slept well and I got up at 6. I need to make time for meditation though. OK day, got a lot of work and real estate done. Bad news that Jessica is leaving the program so I'm going to the be lead engineer for a while now. Also spent a lot of time on the phone w/ lenders and insurance, which was pretty annoying. But that's part of this so I'm not going to complain.",6,,,,1,1,,,,,,,1,,,,,,,,,,,,,,,,1,,,,,,,,,,,,,,,,,,,,,,,,,,,,,,
2022-05-04,5,"Didn't sleep great b/c of Lena. Wasn't too bad, but she woke up around 4:40 and I didn't really get back to sleep after that. On the phone a lot again today, some for work but mostly real estate. Evening was OK, played outside w/ the kids and made a wrist roll up rig for working out. IF is going ok so far - hungry in the mornings but not unbearable and it doesn't seem to be affecting my mood/cognition. I'm enjoying eating a large meal around noon. I'm probably not eating enough though.",4,,,,1,,,,,,,,,,,,,,,,,,,,,,,,1,,,,,,,,,,,,,,,,,,,,,,,,,,,,,,
2022-05-05,5,"Lena's been getting up around 5 the past two days which is tough - by the time she's done eating, it's about 5:30 so not much point in going back to sleep. This morning, I got up and did some backwards walking and sprints. Very tired and very hungry, mood is not great either. Pretty average day. Had fun at soccer w/ Sammy in the evening. Started to get frustrated b/c of lack of time for working out/tennis.",3,,,,1,,,,,,,,,,,,,,,,,,,,,,,,1,,,,,,,,,,,,,,,,,,,,,,,,,,,,,,
2022-05-06,4,"Slept a little better - Lena got up at 4 instead of 5 so that was nice. We've been going to bed around 10, which is probably too late but we're trying to make sure Lena stays asleep for a while. Busy day w/ work, stuck in a very long, frustrating meeting for a while about requirements.",5,,,,1,,,,,,,,,,,,,,,,,,,,,,,,1,,,,,,,,,,,,,,,,,,,,,,,,,,,,,,
2022-05-07,4,"OK sleep, Lena woke up around midnight and 3. I seemed to be in the middle of deep sleep when she woke up though. I'm also getting frustrated by not being able to wake up before the kids, or not enough before the kids. Took Sammy to Frankies for a birthday party and it was very stressful. I felt bad b/c I kept telling him not to swipe his card for certain things but he's too young to understand. It wiped me out and I was tired the rest of the day.",4,,,,1,1,,,,187.6,14.9,,,,,,,,,,,,,,,,,,1,,,,,,,,,,,,,,,,,,,,,1,,,,,,,,,
2022-05-08,5,"Lena's been waking up more but Victoria's been handling most of it. I'll rock her once or twice a night though. Went to mother's day brunch, very expensive. I overlooked that they included a tip already and tipped $55 on top of that and was not happy w/ myself. I also ate way too much, almost to the point of throwing up, but I almost felt like I had to at $48/person. Got some work done while Nico napped, then played ball outside w/ Sammy for a little bit, which was actually fun. Ate 3 slices of pizza and some cereal before bed - I need to get my cheat days under control. I still did my fasting today so it wasn't a full day's cheat which I guess is better.",4,,,,1,,,,,,,,1,,,,,,,,,,,,,,,,1,,,,,,,,,,,,,,,,,,,,,,,,,,,,,,
2022-05-09,4,"Poor sleep tonight. I got woken up once/hour the first three hours of sleep (once by Sadie), then I fed Lena both times in the night and she was very noisy when she was sleeping. I was in a very negative mood this morning. Had fun w/ the boys in the evening, read some books and tossed them around on the beanbags. Struggled when it was time for us to go to bed, Lena is very difficult. Up until about 11 or so. I was in a very negative place.",2,,,,1,1,,,,,,,,,,,,,,,,,,,,,,,1,,,,,,,,,,,,,,,,,,,,,,,,,,,,,,
2022-05-10,5,"Stayed up too late and I had to feed Lena during the night. Very tired in the morning and pretty angry. I'm not handling the added stress of a third kid well and it's turning out pretty much how I thought it would. She's trending towards how Nico was. Had to go on base, but I realized I forgot my badge when I got there. OK day, frustrated w/ the finishing touches w/ Broughton. The kids did well in the evening.",2,,,,1,1,,,,,,,,,,,,,,,,,,,,,,,1,,,,,,,,,,,,,,,,,,,,,1,,,,1,,,,,
2022-05-11,5,"Lena kept us up until about 11 again but only got up at 2:30. Finally closed on Broughton and it's a relief to have it finished. Had fun at soccer, starting to get through to Sammy and working on strategies to help him succeed.",4,,,1,1,,,,,,,,,,,,,,,,,,,,,,,,1,,,,,,,,,,,,,,,,,,,,,,,,,,,,,,
2022-05-12,5,"Got to sleep a little early but Lena kept us up for a while. Sammy had a nightmare around 4 so I went to sleep on the other mattress in his room. It was super comfortable. Pretty bummed about having to go to Clemson for Sofia's graduation all day. Had to go into the office to get training on taking over for Jessica, not looking forward to that. Sammy got in trouble at school again so I made him run 6 laps. Not sure if it's a good thing or not but he does it pretty well and he's not all that winded afterwords. He scored a goal in soccer and did a pretty good job with a new strategy we worked up (poaching at the goal). We won our first game and had a good time, the two biggest troublemakers weren't there.",4,,,,1,,,,,,,,1,,,,,,,,,,,,,,,,1,,,,,,,,,,,,,,,,,,,,,,,,,,,,,,
2022-05-13,3,"Victoria and Lena were out so I got a decent night's sleep. Went to bed later than I should have b/c I was getting stuff done but still slept from about 10:30-6. Really enjoyed the ride up to Clemson w/ Brian and Sammy. Sammy stayed quiet for about the first two hours and Brian and I got to talk, mostly about his business. Graduation was pretty miserable, but I likely contributed to that. The kids were hit or miss but overall decent. I just really hate all of the ritual and ceremony stuff. I only ate lunch today, a small salad. By the time everyone else realized we hadn't eaten dinner, it was 9:00. I actually wasn't upset - I pretty much expected it to happen.",6,,,,1,,,,,190.6,15.4,,1,,,,,,,,,,,,,,,,1,,,,,,,,,,,,,,,,,,,,,1,,,,,,,,,
2022-05-14,4,"Slept well from about midnight to 3, then on and off. Nico got up at 6 but he cuddled w/ me until 8, which was nice. Had fun at breakfast, then we went to the children's museum in Greenville. The kids did well and liked it. Another food argument on the way home - the kids were hungry so Victoria got them … donuts. She was also hungry but didn't ask me to stop anywhere and was upset that I didn't.",4,,,1,1,1,,,,,,,,,,,,,,,,,,,,,,,1,,,,,,,,,,,,,,,,,,,,,1,1,,,,,,,,
2022-05-15,6,"Lena slept well last night. We used sounds, which I think helped. Took family pics w/ Angela this morning and that was OK, she's easy to talk to. Then I was able to get some work done while Sammy played, went grocery shopping, and played some tennis.",6,,,,1,,1,,,,,,,,,,,,,,,,,,,,,,1,,,,,,,,,,,,,,,,,,,,,1,,,,,,1,,,
2022-05-16,4,"Lena slept well again. Went to bed too late though (around 11) and not b/c of Lena. Had to go to the test range today, lots of waiting around and wasted time. Struggled with Nico when I got him home, not sure if I overreacted or he just needs some discipline. I spanked him a lot b/c he wasn't listening but he did better after that and followed directions. I got him to eat good food and try the potatoes before his easy food. He didn't have a bottle until bedtime. I got Sammy to eat potatoes for dinner w/ minimal complaints.",5,,,,1,1,,,,,,,1,,,,,,,,,,,,,,,,1,,,,,,,,,,,,,,,,,,,,,1,,,,,,1,,,
2022-05-17,6,"Very comfortable all night but woke up tired b/c Lena got up around 440, so it was tough to get back to sleep for only an hour. Got a lot of work done today and had a good evening w/ the boys. They've been listening pretty well the past two evenings except for Nico's tantrum yesterday. I got Sammy to eat rice and veggies w/ minimal complaints.",6,,,,1,1,,,,,,,,,,,,,,,,,,,,,,,1,,,,,,,,,,,,,,,,,,,,,,,,,,,1,,,
2022-05-18,5,"Poor sleep. I slept well until Lena's first wakeup around 1, then light sleep after that. She got up around 5 again and didn't really get back to sleep after that. Very hungry in the morning too. Pretty meh day overall.",4,,,,1,,,,,,,,1,,,,,,,,,,,,,,,,1,,,,,,,,,,,,,,,,,,,,,,,,,,,1,,,
2022-05-19,5,Just OK sleep. Lena got up twice but stayed up and grunting after her second feed.,4,,,,1,,,,,,,,,,,,,,,,,,,,,,,,1,,,,,,,,,,,,,,,,,,,,,1,,,,,,,,,
2022-05-20,5,Decent sleep. Lena got up at 445 but I was able to get a good hour of sleep after that. Sammy's graduation was today and it was pretty fun. Pretty normal day. I felt bad though that I picked Nico up around 5:30 and it was just him and one other little girl in his class.,5,,,,1,1,,,,,,,1,,,,,,,,,,,,,,,,1,,,,,,,,,,,,,,,,,,,,,1,,,,,,,,,
2022-05-21,5,"Went to bed too late (11). Lena did pretty well though, but woke up around 515 so I just stayed up and went for a walk/run. Took the boys to the playground w/ Wesson, enjoyed hanging out w/ his dad. Sammy had a pretty poor day of listening though and we need to figure out how to fix it. I also think I need to stop eating cheese, or at least not as much. First meal was at noon and I was stuffed the rest of the day, even though I usually eat more than that for my first meal during the week. Very frustrating and I didn't have the stomach to eat enough after tennis.",4,,1,,1,,1,,,190.6,15.6,,,,,,,,,,,,,,,,,,1,,,,,,,,,,,,,,,,,,,,,1,,,,1,1,,,,
2022-05-22,5,"Slept all the way until 5 or so, Victoria got up w/ Lena at 2 and I didn't even hear it. Took the boys for a bike ride this morning and Sammy made it up the hill w/o stopping for the first time today. My dad and Deb stopped by today and it was nice seeing them again. For some reason, my stomach felt very bloaty all day and I was pretty exhausted. Not sure if it's related to yesterday or not, but I was both starving (and getting light headed) and without an appetite.",5,,,,1,,,,,,,,,,,,,,,,,,,,,,,,1,,,,,,,,,,,,,,,,,,,,,,,1,,,,,,,
2022-05-23,5,"Not great sleep, Lena grunted a lot again. Pretty light sleep from about 3:30 on. Decent day, but pretty tired and for some reason, bloaty. I've been bloaty since Saturday and I don't have a great reason why. I got a good bit of work done today but Victoria didn't - she was taking care of Lena for most of it. I kind of feel bad but I knew we were too busy to have another kid and this is what she wanted.",3,,,,1,1,,,,,,,,,,,,,,,,,,,,,,,1,,,,,,,,,,,,,,,,,,,,,,,,,,,,,,
2022-05-24,4,Slept OK. Messed my neck up last night w/ Lena on the couch so that's been annoying. It started out OK in the morning but got much worse throughout the day. It really sapped my energy and mood. I didn't feel bloaty today though.,5,,,,1,1,,,,,,,1,,,,,,,,,,,,,,,,1,,,,,,,,,,,,,,,,,,,,,,,,,,,,,,
2022-05-25,4,"Poor sleep - Lena was up from about 1-330. Neck still in a lot of pain, worse than yesterday. Went to the chiro in the afternoon and I think that's going to fix it. Lena pretty fussy all day.",3,,,,1,1,,,,,,,,,,,,,,,,,,,,,,,1,,,,,,,,,,,,,,,,,,,,,,,,,,,,,,
2022-05-26,5,"Poor sleep again. Lena would not fall asleep until around 11, then got up at 3. I fed her and I felt pretty awake. After that, she just kept grunting and I didn't get back to good sleep. Not super tired in the morning, but maybe I just don't know what it's like to feel energized again. Went out to visit the property in Eutawville. I really enjoyed being out there and talking w/ Rick about the possibilities.",3,,,,1,,,,,,,,,,,,,,,,,,,,,,,,1,,,,,,,,,,,,,,,,,,,,,,,,,,,,,,
2022-05-27,5,"Lena only woke up at 3 and went back to sleep easily, so it was a pretty good night's rest. A little more tired in the morning than usual though for some reason. Got some work and real estate done, closed on the Eutawville restaurant. Lena has been difficult again, and it's pretty much all falling on Victoria. I really don't feel bad about it though, this is exactly what I thought might happen. Only ate once today, dinner after the kids went to bed. I meant to eat lunch after closing, but I had other work to do and felt good enough to wait.",6,,,,1,,,,,,,,,,,,,,,,,,,,,,,,1,,,,,,,,,,,,,,,,,,,,,1,,,,,,,,,
2022-05-28,5,"Slept well, only got up once w/ Lena to feed her. Scheduled to get up at 5 this morning to head up to Darlington but I woke up around 430, concerned about Darlington closing on Tuesday. Drove up to Darlington today to check out the homes, enjoyed spending time w/ Rick and working on real estate. There was some palpable tension w/ Victoria b/c I left her w/ all three kids. I felt bad about it, but also didn't b/c this was something I had to do. Only at once today, dinner around 730 or 8. I don't mind eating only once, but I am concerned about increased strength and muscle loss.",4,,1,1,1,,,,,188.4,15.2,,,,,,,,,,,,,,,,,,1,,,,,,,,,,,,,,,,,,,,,1,1,,,,,,,,
2022-05-29,4,"Slept pretty well and slept in until about 8. Marisa came over for several hours, I mostly enjoy her coming over. After that, we went to the pool, which I’m growing increasingly resentful of, but not much else to do w/ the boys.",5,,1,,1,,,,,,,,,,,,,,,,,,,,,,,,1,,,,,,,,,,,,,,,,,,,,,,,,,,,,,,
2022-05-30,5,"Slept well. Watched a movie w/ the boys today while Lena slept and Victoria was out, glad she actually slept the whole time. We got Sammy a set of Velcro paddles w/ a tennis ball for his graduation gift and he actually liked playing with them, even after he took a shot to the eye. We also played a board game. He got upset when he was losing, but I really tried to make him follow the rules and play it out.",5,,1,1,1,1,,,,,,,,,,,,,,,,,,,,,,,1,,,,,,,,,,,,,,,,,,,,,1,,,,,,,,,
2022-05-31,4,"Slept pretty well, woke up a little early concerned about Darlington but I was able to get back to sleep. Super busy today w/ work and real estate. Work wouldn't have been too bad but I was stuck on some super long meetings that I couldn't really pay attention to and they just slowed my other work down. Lots of decisions to make w/ real estate but didn't get to spend enough time on it. Also did not handle Lena too well when Victoria left her here and I just grew resentful that Victoria foisted this additional burden on us.",4,,,,1,,,,,,,,,,,,,,,,,,,,,,,,1,,,,,,,,,,,,,,,,,,,,,,,,,,,,,,
2022-06-01,5,"Slept well, had a little trouble getting back to sleep after feeding Lena though. Super busy today with both work and real estate. Victoria helped out a lot by keeping the kids occupied. I mostly enjoyed it but it was a bit overwhelming. Didn't eat until after 4pm after workout. I've really been enjoying putting off eating. I have some hunger early in the day but it subsides. I still feel sharp and it saves a lot of time too.",5,,,,1,1,,,,,,,1,,,,,,,,,,,,,,,,1,,,,,,,,,,,,,,,,,,,,,,,,,,,,,,
2022-06-02,6,"Slept well, got up twice with Lena but it wasn't bad. Laid in bed for 20 minutes after alarm, not happy about that. I don't want to start that trend again. Another busy day w/ work and real estate. Took Sammy to the pool after work.",5,,,1,1,,,,,,,,,,,,,,,,,,,,780,1230,,,1,,,,,,,,,,,,,,,,,,,,,1,,,,1,,,,,
2022-06-03,6,"Lena was pretty noisy last night. Also, we've been putting her down around 8 for the last couple of nights in order to get some peace in the evening, but she's been waking up twice instead of once. Probably a good tradeoff, but it takes its toll. Pretty good day, very busy again w/ work and real estate.",4,,,,1,1,,,,,,,,,,,,,,,,,,,1080,1260,,,1,,,,,,,,,,,,,,,,,,,,,,,,,,,,,,
2022-06-04,6,"Lena was really grunty again but we got to sleep in until 740 when Sammy came in. Pretty decent day, went to Eutawville to show Victoria the restaurant. Veronica came along (I had invited her) but so did Sofia. The boys were kind of a pain there but that's to be expected. Then we went to dinner and I did well not eating ""cheat meal"" stuff, just some rice w/ my pork and refried beans. At home, I had some cereal after my salad but overall I'm ok w/ the level of cheating today.",4,,,,1,,,,,185.4,14.9,1,1,,,,,,,,,,,,750,1290,,,1,,,,,,,,,,,,,,,,,,,,,,,,,,,,,,
2022-06-05,6,"Poor sleep as Lena was really grunty again, but I slept in until 745 again. I don't like sleeping in that long, but maybe it's helping. I got up and got the boys breakfast and put Lena in the swing while Victoria caught up on sleep. The boys did really well, Lena slept in the swing, and I got a good bit of stuff done. It was a pretty good morning. Then after Nico's nap, Victoria took the kids and I got to play tennis.",4,,,,1,,1,,,,,,,,,,,,,,,,,,795,960,,,1,,,,,,,,,,,,,,,,,,,,,1,,,,,,,,,
2022-06-06,6,"Went to bed way too late, around 1145. Slept well but pretty tired in the morning. Stayed busy w/ work until I closed up around 3. Got a workout in then took the boys to the pool. That was pretty fun. Lena has also been doing pretty well during the day - we figured out that if we swaddle her and put her in her bassinet she will sleep for a couple of hours at a time.",4,,1,,1,1,,,,,,,,,,,,,,,,,,,750,1230,,,1,,,,,,,,,,,,,,,,,,,,,,,,,,,,,,
2022-06-07,6,Poor sleep. Lena was pretty grunty and seemed to eat a lot and Sammy came in in the middle of the night. Stayed very busy again all day. I went to Sammy's swim meet and watched him in the waiting area - he didn't seem to have any friends and just hung around another kid b/c he had gummies. It was very sad. I hope he is enjoying his childhood. He seems to be but I don't know.,3,,1,,1,1,,,,,,,1,,,,,,,,,,,,810,1290,,,1,,,,,,,,,,,,,,,,,,,,,,,,,,,,,,
2022-06-08,3,"Better sleep but not great. All around rough day. Had to go into work for a meeting that I didn't need to be there for, then it took me over half an hour to log onto my SIPR account, then I went to the bank to open an account and that took way longer than it should have. Didn't get home until 2:30 and I was feeling weak and irritable from not eating. I thought that was strange b/c I've gone about 24 hours before w/ no issue, maybe it was just the annoyances. Then I had another pointless meeting to join. Lena also didn't behave too well tonight. I tried to acknowledge and observe my state of mind and that helped keep me under control.",4,,1,,1,,,,,,,,,,,,,,,,,,,,900,1230,,,1,,,,,,,,,,,,,,,,,,,,,,,,,,,,,,
2022-06-09,5,"Slept pretty well, just went to bed too late. Day was decent but stuck on work calls for a while. Struggling w/ Darlington, trying to figure out what to do w/ each property.",5,,1,,1,1,,,,,,,,,,,,,,,,,,,810,1230,,,1,,,,,,,,,,,,,,,,,,,,,,,,,,,,,,
2022-06-10,5,"Poor sleep. Went to bed around 10 which was fine, but Nico woke up screaming at midnight and he was up for about an hour. Then he woke up again around 2, then I fed Lena around 3. OK day, nothing special. Lots of work meetings again. I took the boys to the pool in the evening and Sammy was very sad b/c he didn't get to spend time w/ me. I felt really bad b/c I had to be w/ Nico the whole time at the pool.",2,,1,,1,,,,,,,,1,,,,,,,,,,,,780,1200,,,1,,,,,,,,,,,,,,,,,,,,,,,,,,,,,,
2022-06-11,5,"Slept OK and slept in until about 7. Cold most of the night. Lena got up to eat around 5 and I thought about just staying up but I figured it would be better to rest. OK day, did a lot of cleaning in preparation for visitors coming over.",4,,,,1,,,,,186.6,14.2,1,,,,,,,,,,,,,870,1230,,,1,,,,,,,,,,,,,,,,,,,,,,,,,,,,,,
2022-06-12,5,"Slept OK. It's been rougher w/ Lena getting up twice a night again though. OK day, did a lot of cleaning in the morning b/c Wesson was supposed to come over but that got cancelled. Watched too much tv today and I'm bummed I haven't lifted in a while. Went to the pool w/ the boys and Sofia - Sammy showed interest in monkey in the middle which was nice.",5,,,,1,,,,,,,,,,,,,,,,,,,,870,1290,,,1,,,,,,,,,,,,,,,,,,,,,,,,,,,,,,
2022-06-13,6,"Poor sleep. Was in a bad mood when Lena got up at 345 and took a long time to get back to sleep. Pretty decent day, figuring stuff out w/ Darlington. Finally got a workout in too.",3,,1,,1,1,,,,,,,,,,,,,,2,,,,,900,1200,,,1,,,,,,,,,,,,,,,,,,,,,1,1,,,1,,,,,
2022-06-14,4,"Slept well. Lena only got up once and Victoria fed her so I didn't get up at all other than to pee. Went to bed at 1045 though so still tired in the morning. Got some stuff done today but I felt like I wasted a lot of time going back and forth between tasks. Then I spend a large part of the evening w/ Nico and Lena. Lena slept on me, but was difficult when I tried to get her to bed and I didn't handle it well. Got a slight feeling of hemorrhoids later in the day, I'm wondering if it's from squats yesterday.",6,,1,,1,,,,,,,,,,,,,,,2,,,,,810,1230,,,1,,,,,,,,,,,,,,,,,,,,,,,,,,,1,,,
2022-06-15,5,"Slept comfortably but went to sleep too late around 1045 again. OK day but again, I felt like I was disorganized and wasted time. Wesson's family came over tonight and I think it went well.",5,,1,,1,,,,,,,,,,,,,,,0,,,,,780,1170,,,1,,,,,,,,,,,,,,,,,,,,,,,,,,,1,,,
2022-06-16,5,"Slept well and Lena slept through the night for the first time. OK day, felt like I wasted a lot of time again trying to figure out what to do. Had a good meeting w/ Rick and Joey about Darlington, which gave me good direction and answered some of my questions/concerns about getting houses to appraise for high enough values.",6,,1,,1,1,,,,,,,,,,,,,,1,,,,,840,1245,,,1,,,,,,,,,,,,,,,,,,,,,,,,,,,1,,,
2022-06-17,6,"Couldn't get very comfortable last night but slept OK. Decent day, started to get organized and got some stuff done on my to do list. Daniel came over tonight too and we had a good time.",4,,,,1,,,,,,,1,,,,,,,,1,,,,,780,1230,,,1,,,,,,,,,,,,,,,,,,,,,,,,,,,1,,,
2022-06-18,6,"Slept well but I went to sleep too late again. Ok day, had some time to myself and got a good workout in. I feel like I'm starting to lose control of my eating again on cheat days. The past two weeks have been pretty good, but I feel like I'm getting gluttonous again. Today wasn't bad, but it was a little worse.",5,,,,1,1,,,,188,15.3,,1,,,,,,,2,,,,,720,1230,,,1,,,,,,,,,,,,,,,,,,,,,1,1,,,,,1,,,
2022-06-19,8,"Slept decently but I woke myself up snoring a couple of times. I had some cream cheese w/ dinner last night, maybe that's why? It was a lot cooler outside this morning too, so maybe it was a change in weather. Pretty good day - got a good lift in and got a lot of things done while everyone was at church, then we went through our clothes and got rid of a bunch of stuff.",4,,1,1,1,1,,,,,,,,,,,,,,2,,,,,645,1050,,,1,,,,,,,,,,,,,,,,,,,,,,,,,,,,,,
2022-06-20,5,"Slept OK. Decent day, started off w/ Lena taking a 2 hour nap on me while Victoria was at swim practice. Played w/ the boys in the sunroom for a bit, then got Sammy to play tennis with me. He did better than last time but still said he didn't have fun b/c he doesn't like running. He barely ran at all. It's very frustrating and disappointing.",5,,1,,1,,,,,,,,,,,,,,,1,,,,,750,1170,,,1,,,,,,,,,,,,,,,,,,,,,,,,,,,,,,
2022-06-21,5,"Slept OK but couldn't get too comfortable. OK day, got some work done then Sammy had a swim meet. He did well and seemed to enjoy it, I'm wondering what I need to do to get him to enjoy tennis or other sports. Maybe force him to do it like we did with swimming? I've noticed that I've been going to espn.com a lot recently any time I'm just waiting for something. Need to cut that out.",4,,1,,1,1,,,,,,,,,,,,,,2,,,,,750,1290,,,1,,,,,,,,,,,,,,,,,,,,,1,,,,,,1,,,
2022-06-22,5,"OK sleep, went to sleep too late though. Lena slept well. Hemorrhoids bothered me in the middle of the night. I did squats today, wondering if that caused them. They got pretty bad later in the day too. I got painfully hungry around 11:30 for some reason. OK day, spent a lot of time doing work work then had most of the afternoon to myself.",5,,1,,1,1,,,,,,,1,,,,,,,1,,,,,720,1170,,,1,,,,,,,,,,,,,,,,,,,,,,,,,,,1,,,
2022-06-23,5,"Slept OK, felt like a long night. Hemorrhoids are getting pretty bad. I'm also not getting everything out when I poop the first time. Not sure if I'm eating something I shouldn't be or what. I might be putting too much chili powder on my food, I know that's caused issues in the past. OK day, took some time away from work to help out w/ Lena. Tried to play a board game in the middle of the day w/ Sammy but he was being difficult and stubborn again. Later, we told him to wash his hands. He went to the bathroom and came back out w/o even turning the water on. I spanked him hard w/ a spoon. Not too hard, but he cried a lot and said it hurt. I felt a little bad but something's got to change.",5,,1,,1,1,,,,,,,,,,,,,,2,,,,,960,1215,,,1,,,,,,,,,,,,,,,,,,,,,,,,,1,1,1,,,
2022-06-24,4,"Slept well, lots of dreams. OK day, I was at home by myself most of the day and got some stuff done but I struggled staying on a single task and don't feel like I got enough done. Went to a baseball game in the evening and it was ok.",6,,1,,1,,,,,,,,1,,,,,,,1,,,,,855,1020,,,1,,,,,,,,,,,,,,,,,,,,,,,,,,,1,,,
2022-06-25,8,"Went to sleep around midnight. Got up at 2 to wake Victoria up and I couldn't get back to sleep until 245 or 3 - couldn't shut my mind down and lots of negative thoughts for some reason. Each time they came up, I took a step back and observed them and where I was feeling them and that seemed to help ""reduce their half-life"". Pretty good day. Victoria and I reupholstered the dining room chairs and it was fun working together. Then I had a few hours to myself and got a good bit done, then went to play tennis. Had a good match against Eric. I'm starting to get the desire to go all out on my ""cheat"" days again and I don't like it. I feel like I have to stuff myself and get as much in as possible. I did pretty good today, but I still feel the urge.",3,,,,1,,1,,,186.4,14.6,,,,,,,,,2,,,,,885,1320,,,1,,,,,,,,,,,,,,,,,,,,,1,1,,,,,1,,,
2022-06-26,6,"Slept ok, went to bed too late again around 11. OK day, finished up the chairs and had a few hours to myself in the evening.",5,,,,1,1,,,,,,,,,,,,,,2,,,,,860,1200,,,1,,,,,,,,,,,,,,,,,,,,,1,,,,,,1,,,
2022-06-27,6,"Slept very comfortably last night. OK day. Laid off the chili powder yesterday and I only pooped once. Hemorrhoids seem to be gone too. Stayed busy and worked a long time on real estate, specifically bookkeeping. I set up a QuickBooks account for ATM REI, LLC and got through about a year and a half's transactions. Not sure if it was the best use of my time, but I'll give it a shot. Encouragingly, it was similar to the spreadsheet that I've been building over the past 11 years or so. That was kind of cool to know that I'm on the right track.",6,,1,,1,,,,,,,,,,,,,,,1,,,,,840,1140,,,1,,,,,,,,,,,,,,,,,,,,,,,,,,,,,,
2022-06-28,4,"Poor sleep, Lena was very fussy. I think it was b/c Victoria ate milk/soy. First solid poop in a couple of weeks though this morning. Frustrating day. I took the day off of work to go to the water park. Sammy did not behave well there while we were waiting to get in. We almost left. We had fun while we were there though. Then later in the day, Sammy started acting up again and we had a long talk w/ him. We don't know how to get through to him about his aggressive laziness and stubbornness.",3,,1,,1,1,,,,,,,1,,,,,,,1,,,,,780,1215,,,1,,,,,,,,,,,,,,,,,,,,,,,,,,,,,,
2022-06-29,6,"Slept OK but Victoria woke me up in the middle of the night upset about Sammy eating a ton of gummies at the swim meet. Pretty tired in the morning. OK day, got some work done. Sammy was home w/ me for almost all day and he behaved very well. We had some discussions about food and it seemed like he got it but who knows. I got him to eat some different foods too so hopefully it will stick.",4,,1,,1,,,,,,,,,,,,,,,1,,,,,780,1170,,,1,,,,,,,,,,,,,,,,,,,,,,,,,,,,,,
2022-06-30,6,"Poor sleep. Lena was pretty fussy and Sam came in sometime in the middle of the night. I turned him away but it was just another thing. Stayed in bed half an hour past my alarm again. OK day, actually did a lot of work work on spreadsheets so it was fun. Worked out w/ Sammy this evening. I think he enjoyed it. I tried to stay patient.",3,,1,,1,1,,,,,,,,,,,,,,1,,,,,780,1260,,,1,,,,,,,,,,,,,,,,,,,,,,,,,,,,,,
2022-07-01,5,"OK sleep, was a little difficult to get comfortable. I'm getting really tired of waking up in the middle of the night to feed Lena though. OK day, got some more spreadsheet work done. I had all three kids in the afternoon though which made it challenging to focus. Hurt my back a little doing squats today.",4,,1,,1,1,,,,,,,,,2,,,,,2,,,,,765,1200,,,1,,,,,,,,,,,,,,,,,,,,,1,,,,,,,,,
2022-07-02,6,"Slept comfortably. Pretty good day. Went berry picking in the morning but it was kind of a bust. Still had fun though. Then I got to play a little tennis w/ Casey at night. Also introduced Sammy to Settlers of Catan Jr. and he really enjoyed it. I was very glad about that. I was worried he wouldn't like it or wouldn't understand, but he caught on quick and had a lot of fun.",5,,,,1,,1,,,187.2,14.4,1,,,2,,,,,1,,,,,750,1350,,,1,,,,,,,,,,,,,,,,,,,,,1,,,,,,,,,
2022-07-03,6,"Slept well just not quite enough. Grocery shopping w/ everyone in the morning and re-upholstered the chairs, then played tennis w/ Tom. Played more Catan w/ Sammy before bed.",5,,,,1,,1,,,,,,,,2,,,,,2,,,,,750,1250,,,1,,,,,,,,,,,,,,,,,,,,,1,,,,,,,,,
2022-07-04,8,"Slept well, my nest is pretty comfortable right now. Went to bed too late though, fell asleep around 11. Good day, started out at the pool w/ the boys. Sammy actually worked on doing front flips. Then we prepped for a cookout w/ Victoria's family and Sammy helped peel the shrimp. The cooking went well - I used the flat top for only the second time and made stirfry. It turned out very well.",6,,,,1,,,,,,,,,,1,,,,,1,,,,,810,1170,,,1,,,,,,,,,,,,,,,,,,,,,,,,,,,,,,
2022-07-05,5,"Poor sleep. Lena is pretty sick and I was up for close to an hour. Victoria was up probably most of the night though. I was complaining about having to be up (through body language, not necessarily verbally) and should have done better, but this is precisely one of the things I didn't want to experience again. OK day, not much to comment on.",2,,1,,1,1,,,,,,,,,1,,,,,1,,,,,960,1200,,,1,,,,,,,,,,,,,,,,,,,,,,,,,1,,,,,
2022-07-06,5,Poor sleep again b/c Lena is sick. I also couldn't really get comfortable. OK day. Sammy was at Veronica's all day and he was sick. Lena was pretty miserable all day too.,2,,1,,1,1,,,,,,,1,,1,,,,,1,,,,,780,1170,,,1,,,,,,,,,,,,,,,,,,,,,1,,,,,,,,,
2022-07-07,5,"Poor sleep. Lena was up at 11, 12, 3, and about 530. Nearly inconsolable. Took the day off of work for Sammy's birthday and to do Lena's passport. Sammy's birthday seemed like a dud and I feel bad about it. He liked getting lunch w/ Brian, but we took him to get a nice dessert and he really wasn't into it. He would have preferred some basic candy. He's getting over a cold so maybe that's why, but it was still disappointing. I feel like we should have prepared better. We didn't even end up getting him a watch or placemat. We did get a fish for him though, but even with that it didn't excite him as much as we thought it would.",2,,,,1,,,,,,,,,,1,,,,,2,,,,,720,1200,,,1,,,,,,,,,,,,,,,,,,,,,,,,,,,,,,
2022-07-08,5,"Lena slept better so we slept better. Didn't even feel my alarm go off at 6. Struggled to get comfortable though. OK day, did some work and got a workout in. Struggled w/ Sammy in the afternoon. He's becoming more defiant and isn't following directions. Victoria dropped him off b/c he wasn't listening and the first thing he said to me was TEA! as he held up a chic fillet cup so I smacked him in the face twice.",5,,,,1,1,,,,,,,1,,1,,,,,2,,,,,780,1185,,,1,,,,,,,,,,,,,,,,,,,,,,,,,,,,,,
2022-07-09,8,"Slept ok but struggled to get comfortable again. Also had weird dreams. Pretty decent day. Just me and Sammy in the morning. We went to play tennis, soccer, and hockey. He seemed to have fun. Then we went to the pool and brought Nico back for lunch. I got a little tennis in, practicing serves while everyone else went to dinner. Sammy did a much better job listening today.",5,,1,1,1,,1,,,186.2,14.9,,,,1,,,,,1,,,,,780,1245,,,1,,,,,,,,,,,,,,,,,,,,,1,1,,,,,,,,
2022-07-10,6,"OK sleep other than Victoria coming home late and drunk. Stayed up for almost 2 hours getting her to throw up, cleaning up (I cleaned up milk about 4 times), and off to bed. This is not a complaint, it was kind of funny, but I was tired in the morning. Good tennis in the morning. Victoria's parents took the kids all day. I felt bad about it b/c I should be spending time w/ them/watching them, but this was organized external to me. And if we're going to live so close to them, I'm going to embrace it and take advantage of it instead of complaining about it I guess. I got some work and cleaning done. Probably not as much as I could/should have, but it was nice to have quiet time.",3,,1,,1,,1,,,,,,,,1,,,,,1,,,,,630,1050,,,1,,,,,,,,,,,,,,,,,,,,,,,,,,,,,,
2022-07-11,6,"Went to bed early and slept pretty well. Struggled to stay comfortable though. OK day, not much to report. Just me and Sammy in the evening. He helped me grill and we talked while he ate dinner. I think we're starting to get through to him, but who knows.",5,,1,,1,1,,,,,,,,,1,,,,,1,,,,,780,1260,,,1,,,,,,,,,,,,,,,,,,,,,,,,,,,,,,
2022-07-12,3,"Went to bed late but slept well. Felt mostly like a wasted day. I had some time to myself in the afternoon but didn't know what to do w/ it. Same in the evening. I ended up working on this spreadsheet. We had Sammy's swim banquet tonight. He didn't want me to go b/c he didn't want me to not let him eat whatever he wanted. I let him eat whatever he wanted and he still said he didn't want me to go next year. I even ate burgers w/ bread in solidarity (and I feel very bloaty the next morning). I don't know what to do about his eating. I know I've contributed to his mindset but I also don't want him to just eat whatever junk he's given. I don't want him to develop an eating disorder, which it looks like he's going to.",8,,1,,1,,,,,,,,1,,1,,,,,1,,,,,720,1155,,,1,,,,,,,,,,,,,,,,,,,,,,,,,,,,,,
2022-07-13,3,"Poor sleep. Went to sleep too late (around 11), then Lena kept us up until 12:30. Then I ended up waking up about half an hour before my alarm. I slept comfortably when I slept, just not enough. Poor mood most of the day. I'm frustrated with work stuff (can't figure something out) and the Sammy eating thing is weighing heavily on me. We did one more event for Sammy's birthday and it was kind of a bust again. In the evening, I just held Lena and watched Ozark while she slept for three hours. It kind of felt like a waste of time but I didn't have anything pressing to do and Victoria needed some time to get stuff done. I think Ozark also put me in a bad mood but once I realized that I was able to change it for the most part.",2,,1,1,1,,,,,,,,,,1,,,,,1,,,,,750,1170,,,1,,,,,,,,,,,,,,,,,,,,,1,,,,,,,,,
2022-07-14,5,Went to bed too late again around 11. Very tired in the morning. Slept well though. Tired most of the day but it was OK. Still frustrated w/ work stuff but making progress.,4,,1,,1,1,,,,,,,,,1,,,,,1,,,,,765,1065,,,1,,,,,,,,,,,,,,,,,,,,,,,,,,,,,,
2022-07-15,5,"Slept well and pretty solidly. Neck is bothering me, I think I slept weird on it the other night. Went to the chiro b/c my neck kept getting worse throughout the morning. I had Lena while Victoria went out tonight and she cried a lot - I did not handle it well.",8,,1,,1,1,,,,,,,,,3,,,,,2,,,,,780,1170,,,1,,,,,,,,,,,,,,,,,,,,,1,,,,1,,,,,
2022-07-16,6,"Slept pretty well but woke up a little early. Didn't get out of bed though. Neck hurt in the morning so I took a couple of advil so it wouldn't ruin my (and everyone else's) day. Today was OK, went to the park w/ the boys and the Wessons in the morning then bought a suit in the afternoon.",6,,,,1,,,,,185.2,14.2,1,,,2,,,,,1,,,,,780,1260,,,1,,,,,,,,,,,,,,,,,,,,,,,,,,,,,,
2022-07-17,6,"Poor sleep b/c of my neck. Got up and took some painkillers around 3:30 and it helped. Went to the pool in the morning and saw Yeadon Smith, a real estate syndicator that Victoria and I were just talking about before going to the pool. He was talking w/ Nick (shark tank) and it could have been a good opportunity for me to introduce myself but unfortuantely, I don't have the confidence to do that and I don't want to make the wrong first impression. I'm frustrated by my lack of communication skills. OK day, worked with Sammy to eat new foods again. I don't know if it's making any difference.",2,,,,1,,,,,,,1,,,4,,,,,2,,,,,810,1245,,,1,,,,,,,,,,,,,,,,,,,,,,,,,,,,,,
2022-07-18,5,"Slept well but went to sleep too late around 11. Took more advil before bed for my neck. Went to the chiro for my neck again. It was feeling better throughout the day but worse again before bed. Kind of a disappointing day, Victoria, Sammy, and Lena are out of town so I have a good opportunity to lift but really wasn't feeling it. Not sure why, possibly a side effect of my neck. I took Nico to the playground after school today and he had fun.",3,,1,,1,1,,,,,,,1,,3,,,,,2,,,,,780,1185,,,1,,,,,,,,,,,,,,,,,,,,,,,,,,,,,,
2022-07-19,5,Poor sleep. Neck was in pain but not as bad as the other night. Just couldn't get comfortable until just before my alarm went off. Neck felt OK throughout the day and worse in the evening. Right leg started to bother me too (sciatica) and that was frustrating. I enjoyed playing w/ Nico after I picked him up today.,3,,1,,1,1,,,,,,,,,4,,,,,1,,,,,750,1230,,,1,,,,,,,,,,,,,,,,,,,,,1,,,,,,,,,
2022-07-20,5,"Much better sleep last night. Didn't wake up until after 4am to pee. Unfortunately, I had to take a couple of advil before bed b/c of my neck but at least I slept well. Neck and leg were still bothering me so I went to the chiro. It seems like my leg is fixed but neck is still sore. Mostly worked on the computer today, got a lot done w/ nobody here. Sammy was difficult when he got home, crying a lot and he stayed up until almost 11.",6,,1,,1,,,,,,,,,,3,,,,,2,,,,,780,1140,,,1,,,,,,,,,,,,,,,,,,,,,,,,,,,,,,
2022-07-21,6,Slept well. Neck is still sore but I was able to sleep well w/o advil. Leg pain was fixed so that's great. Neck still pretty stiff but not much pain. Not much to report on the day.,6,,1,,1,1,,,,,,,,,1,,,,,1,,,,,840,1140,,,1,,,,,,,,,,,,,,,,,,,,,,,,,,,,,,
2022-07-22,6,"Slept well just went to bed too late. Went back to sleep after my alarm for 23 minutes. Pretty good day, had lunch w/ Rick which is always nice. Played w/ Sammy and Nico in the afternoon, went to the pool, then played tennis in the evening.",6,,1,,1,,1,,,,,,,,1,,,,,1,,,,,750,1305,,,1,,,,,,,,,,,,,,,,,,,,,1,1,,,,,,,,
2022-07-23,8,"Slept well but went to bed late again, this time mostly b/c of tennis and I had to eat afterwards. I really need to start my meditation habit again now that I have a somewhat more routine morning. Finally got my hair cut today for a gala that we have this evening. I wasn't looking forward to it but we had a lot of fun. Went w/ Dan and Ruth from the circle. I enjoyed hanging out w/ Dan. Open bar and I did a decent job of not going overboard, mostly b/c I didn't want to feel sick tomorrow.",6,,1,,1,,,,,187.6,15,,,,,,,,,1,,,,,750,1290,,,1,,,,,,,,,,,,,,,,,,,,,,,,1,,,,,,
2022-07-24,5,"Very tired in the morning. Met Rachel and Lee at the aquarium w/ the boys. OK day. I broke my fast early in the morning b/c I was feeling a little nauseous and it was the right call. I felt better almost instantly. Aquarium was OK, not much to report for today. Felt tired most of the time.",6,,,,1,,,,,,,1,,,,,,,,1,,,,,570,1155,,,1,,,,,,,,,,,,,,,,,,,,,,,,,,,,,,
2022-07-25,6,"Slept well but woke up tired in the morning. Enjoyed my work today, working on spreadsheets. I have a lot going on right now and starting to feel a little overwhelmed. I'm going to have to trim down my liesurely morning routine for a couple of weeks to save time. I took Nico to Ace this afternoon and we had fun.",6,,1,,1,1,,,,,,,,,,,,,,2,,,,,780,1260,,,1,,,,,,,,,,,,,,,,,,,,,,,,,,,,,,
2022-07-26,6,"Great sleep last night, just not enough. I was very comfortable. Unrelatedly, I've been feeling very chubby for the past couple of days. OK day, got a good bit of work done, played w/ Nico a bit in the afternoon, and got a lift in.",9,,1,,1,1,,,,,,,,,,,,,,1,,,,,750,1125,,,1,,,,,,,,,,,,,,,,,,,,,1,1,,,,,,,,
2022-07-27,5,"Went to sleep around 11 again and Lena got up a couple of times. OK day, had to go into work but that was a waste of time. Went to check out a property in Walterboro as well. Didn't eat until 430pm and it was difficult to eat a second meal so close afterwords. Not difficult I guess, just didn't have the appetite to eat. Not much to report otherwise.",4,,1,,1,1,,,,,,1,,,,,,,,1,,,,,990,1200,,,1,,,,,,,,,,,,,,,,,,,,,,,,,,,,,,
2022-07-28,5,"Went to sleep way too late aroud 1130. Very tired in the morning. Slept well otherwise. Pretty regular day. In the evening, we discussed Victoria's new swim idea, whether she should give it up to someone else or keep it herself.",5,,1,,1,,,,,,,,,,,,,,,1,,,,,750,1155,,,1,,,,,,,,,,,,,,,,,,,,,,,,,,,,,,
2022-07-29,4,"Went to sleep late again. Very tired in the morning. Pretty regular day. Took Sadie to the vet and the waiting time was very long. Usually, I would have gotten impatient but I was mindful of that and it helped. Later, I was excited to go play tennis but after about 15 minutes and nobody showing up, I checked the email and I had the date wrong. I was very disappointed. I stayed to hit serves (which didn't go well) and found myslef just stewing later. I had to remind myself several times that I'm choosing to feel that way and I can choose to not be upset or to think about something else. It helped, but still felt like a waste of time and wasted opportunity. I also think I waited too long to eat and ate too close to tennis.",5,,1,,1,,1,,,,,,,,,,,,,1,,,,,990,1275,,,1,,,,,,,,,,,,,,,,,,,,,1,,,,,,,,,
2022-07-30,3,"Went to sleep late but still didn't sleep in much. Not the best sleep either, kind of restless. Lena's baptism and party were today. My mom came down and brought her drama with her. She was disappointed b/c she wanted it to just be her and the kids this weekend. My uncle Tim came to the party and baptism but actively ignored me. Is it strange that I'm ok with it? I didn't particularly enjoy today, lots of noise and too many people.",4,,,,1,,,,,,,,,,,,,,,1,,,,,750,1260,,,1,,,,,,,,,,,,,,,,,,,,,,,,,1,,,,,
2022-07-31,4,"Went to sleep late again. Woke up before 6 on my own but very tired so I just stayed in bed and read. Nico was challenging today, more diaper rash so he was very fussy. Went to the waterpark in the morning then my mom and kathy stopped over in the afternoon. Victoria had a meeting so I was on Lena duty in the evening. She cried a lot and I did a good job of ignoring her for a while but she eventually got to me.",4,,,,1,,,,,,,,,,,,,,,1,,,,,870,1260,,,1,,,,,,,,,,,,,,,,,,,,,,,,,,,,,,
2022-08-01,5,"OK sleep, went to bed more or less on time. OK day, took Nico to the pool and had fun with him jumping in. Otherwise nothing special.",5,,1,,1,1,,,,,,,,,,,,,,1,,,,,750,1230,,,1,,,,,,,,,,,,,,,,,,,,,,,,,,1,,,,
2022-08-02,5,"Slept OK, kind of light at some points. Not much to report today.",5,,1,,1,,,,,,,,1,,,,,,,1,,,,,750,1185,,,1,,,,,,,,,,,,,,,,,,,,,,,,,,,,,,
2022-08-03,3,"Slep OK but not great. Kind of a rough day. My legs have been feeling tired/heavy even though (or perhaps because) I haven't been doing much. Not sure what it means, but I'm interpreting it as I'm getting weaker. I felt irritated most of the day and kind of uncomfortable and anxious. I feel like I have so much to do but I'm just waiting on a lot of things. It also isn't helping that I'm unable to lift more frequently. I need to dedicate even just 10 minutes at some point each day to just go out and do swings or chinups or something. In the evening, Sammy chose to hang out w/ me and do crafts instead of going to Veronica's, which was nice. I would have liked to lift, but I'm glad he chose to hang out w/ me. I also acted like a jerk a few times. In the evening, I discovered that Ringo peed in the sunroom and I lost control, yelling a lot. Earlier, I was helping Victoria get Lena out to the car and didn't say goodbye b/c I'm frustrated that she's so busy and decided to take on another thing (president of the PTA) on top of swimming, the beginning of the school year, and of course, deciding to have a third kid (the last of which I can't really bring up).",5,,1,,1,,,,,,,,,,,,,,,1,,,,,750,1185,,,1,,,,,,,,,,,,,,,,,,,,,1,,,,,,,,,
2022-08-04,4,"Slept well but I had a number of dreams that were anxiety-producing for some reason and I woke up several times. Felt physically better today. I got some new shoes and I'm curious that maybe they are the reason for my leg issue. Had a real estate incident come up today with Eutawville. I wouldn't say it was completely out of the blue, but the campers will need to be vacated almost immediately. I had to tell the tenants and they understandably took it rough. I was stressed out about the situation for a bit, but later though that this will just be another thing that we get through and I wasn't too stressed after that. Didn't do much for our anniversary, both of us were very busy.",3,,1,,1,,,,,,,,,,,,,,,1,,,,,750,1170,,,1,,,,,,,,,,,,,,,,,,,,,,,,,,,,,,
2022-08-05,8,"Woke up at 4 to get up to pee and couldn't get back to sleep. Ended up getting up around 430 and did a quick lift. Nice to exercise but it would have been nice to sleep more. Lots on my mind, specifically Eutawville. Most of my day was spent working on Eutawville. It was very time consuming and I was on the phone for a long time, but I enjoyed problem solving and figuring things out.",3,,1,,1,1,1,,,,,,1,,,,,,,2,,,,,750,1380,,,1,,,,,,,,,,,,,,,,,,,,,1,1,,,,,,,,
2022-08-06,6,"Slept well just went to bed too late b/c of tennis (around midnight). OK day, very tired in the morning. Got to take a 3 hour nap in the afternoon though which was nice. Nico and Lena were crying a lot for about an hour, then we went to our anniversary dinner event which was a lot of fun.",5,,1,,1,,,,,187.8,15.1,,,,,,,,,1,,,,,900,1350,,,1,,,,,,,,,,,,,,,,,,,,,,,,,,,,,,
2022-08-07,5,"Another night of going to bed at midnight. Very tired in the morning and throughout the day. Felt a little sick to my stomach for a lot of the day from drinking, even though I didn't drink that much.",4,,,,1,1,,,,,,,,,,,,,,3,,,,,705,1170,,,1,,,,,,,,,,,,,,,,,,,,,,,,,,,,,,
2022-08-08,5,"Great sleep last night, the only way it would have been better is if I had slept all the way through. OK day, stressful though. Went up to Eutawville to meet w/ the restaurant tenant, I think we have things straightened out. More issues w/ the camper tenants though, power got turned off and they were apparently not prepared for it. Definitely didn't eat enough, only had a steak and part of a pork chop.",9,,1,,1,,,,,,,,,,,,,,,1,,,,,1020,1230,,,1,,,,,,,,,,,,,,,,,,,,,1,,,,,,,,,
2022-08-09,5,"Pretty horrible sleep last night. Slept well for about 3 hours until 115, then couldn't get back to sleep. Eutawville was on my mind, but it also could have been due to not eating enough. I didn't feel hungry but maybe it messed w/ my blood sugar or something. Didn't get back to sleep until about 4. Hemorrhoids started again. Not really sure why. My previous thought was maybe from lifting, but my workout on Sunday wasn't that tough. Current theory is general stress related. Most of the day was spent dealing w/ Eutawville tenants. I found somewhere affordable for them to stay. I went out there to return their rent checks. I asked for a police escort and was told they would be there, but they didn't show up. I actually stayed pretty patient. I also stayed calm when the tenant went berzerk.",2,,1,,1,,,,,,,,1,,,,,,,1,,,,,780,1200,,,1,,,,,,,,,,,,,,,,,,,,,,,,,,,1,,,
2022-08-10,6,"Slept better. OK day, stayed busy. Excited about starting a new build on Garrett w/ SIPs.",5,,1,,1,,,,,,,,1,,,,,,,2,,,,,810,1200,,,1,,,,,,,,,,,,,,,,,,,,,,,,,,,1,,,
2022-08-11,4,"Slept pretty well but went to bed too late around 11. Put too much cayenne pepper on my food last night so pretty bad poops in the morning. Exhausting day and very busy. In the evening, Nico and Lena were both crying a lot again. We put Nico down to bed and finally got Lena to sleep in her swing. More tenant issues and other stuff with Eutawville, it's starting to get exhausting.",6,,1,,1,,,,,,,,,,,,,,,2,,,,,810,1230,,,1,,,,,,,,,,,,,,,,,,,,,,,,,1,,1,,,
2022-08-12,3,"Slept well. More Eutawville stuff today. That wasn't horrible but it's getting old. Hopefully I finished it though by paying them $600 each and I filed for the eviction on Terron. Victoria kind of broke today. I really wanted to say we shouldn't have had a third kid, but I didn't. It would have only made things worse.",6,,1,,1,1,,,,,,,,,,,,,,1,,,,,780,1260,,,1,,,,,,,,,,,,,,,,,,,,,,,,,,,1,,,
2022-08-13,5,"Couldn't really get comfortable and kept getting hot. OK day, I was w/ Lena for a while this morning and we went for a long walk. She did well. Then I had some time to myself, I spent a lot of it lifting, cooking, and eating. I need to make some decisions on Darlington but I'm procrastinating b/c I don't feel like I have all of the info. I need to identify what info I need then act.",4,,1,1,1,1,,,,189.4,15.1,,,,,,,,,3,,,,,840,1200,,,1,,,,,,,,,,,,,,,,,,,,,,,,,,,,,,
2022-08-14,5,"Slept pretty well. OK day, got a lift in but not much else. Spent most of the evening doing meal prep for the kids.",5,,1,,1,1,,,,,,,,,,,,,,1,,,,,630,1140,,,1,,,,,,,,,,,,,,,,,,,,,1,,,,,,,,,
2022-08-15,5,"Didn't sleep too well - couldn't get comfortable and woke up a lot. Sammy's first day of first grade so we all took him in. Got some decent work done today, but I'm waiting on a lot of people for stuff w/ real estate. It's getting frustrating b/c I feel like I'm not getting enough done.",4,,1,,1,,,,,,,,1,,,,,,,3,,,,,720,1080,,,1,,,,,,,,,,,,,,,,,,,,,,,,,,,,,,
2022-08-16,5,"Not great sleep again. Couldn't get comfortable. Got up at 4:30 today to help Victoria get off to practice then got a workout in. Wasn't too tired, hopefully I can keep this up. I'm also interested to see how I do w/ shifting my eating window to early in the morning and not eating in the evening. Decent day, very busy with work and real estate. I'm learning a lot from Eutawville, specifically that I need to do better due dilligence. The tenan screwed me over again by vandalizing the room I put her up in, not sure what's going to happen with that yet.",4,,1,,1,1,,,,,,,,,,,,,,1,,,,,360,720,,,1,,,,,,,,,,,,,,,,,,,,,1,,,,,,,,,
2022-08-17,5,"Frustrating sleep again. I fall asleep but can't stay asleep for too long, need to roll over frequently. OK day, work went well, the stuff I've been working on for months is finishing up and it looks like we did a good job. Played w/ the kids some.",4,,1,,1,1,,,,,,,,,,,,,,1,,,,,375,870,,,1,,,,,,,,,,,,,,,,,,,,,,,,,,,,,,
2022-08-18,5,"Slept a little better, but didn't get to sleep until about 10 so very tired in the morning. OK day, got a lot of work done and took a walk in the afternoon. Not sure what to do w/ my time in the evenings now that I'm lifting in the mornings.",5,,1,,1,1,,,,,,,,,1,,,,,1,,,,,390,810,,,1,,,,,,,,,,,,,,,,,,,,,1,1,,,,,,,,
2022-08-19,5,"Slept much better and went to sleep around 830. I had my earplugs in, which may have helped. Still tired in the morning though. OK day, started out very frustrated and anxious though. First, my hip is bothering me so it's limiting my exercises. Second, I have a lot of stuff to do with real estate and work, but I'm waiting on others and it's frustrating. I had the evening to myself and got to listen in while Rick talked to some potential buyers of the Darlington portfolio, that was interesting. I need to slow down my cadence when I talk and speak more clearly. I probably come off as aggressive and impatient. I'm also not digging this not eating after 2pm thing as much. Maybe I just need to get used to it, but I'm feeling pretty hungry right now before bed.",8,,1,,1,1,,,,,,,1,,2,,,,,1,,,,,390,810,,,1,,,,,,,,,,,,,,,,,,,,,,,,,,,,,,
2022-08-20,5,"Slept OK but woke up early (5) and couldn't get back to sleep. Wasn't super tired so that's fine. Played some good tennis in the morning, but the day kind of went downhill after that. The kids were aggravating and Victoria was in a funk b/c her day didn't go as planned. I could have hit w/ Daniel and Gregg in the evening but decided not to b/c it's late, I'm tired, Victoria would need help, and I already hit in the morning. I really wanted to, but I think I made the right choice. Unfortunately, I made poor eating choices today, especially in the evening. Not sure why I pigged out so much but I'm annoyed by it.",5,,1,,1,,1,,,186.2,14,1,,,1,,,,,1,,,,,600,1200,,,1,,,,,,,,,,,,,,,,,,,,,,,,,,,,,,
2022-08-21,5,"Slept OK, woke up several times to rotate and I woke up on my own around 5 again. Kids were unruly in the morning but I got some time to myself in the afternoon to get some housework done.",4,,1,1,1,,,,,,,,,,1,,,,,2,,,,,870,900,,,1,,,,,,,,,,,,,,,,,,,,,,,,,1,,,,,
2022-08-22,4,"Poor sleep, woke up about every hour to rotate. Mixed bag of a day. Not very busy at work, but I was on Lena duty for a while as Victoria taught. My hips are bothering me - not so much pain as immobility and stiffness. I also don't really know what to do w/ the kids when we're hanging out and I feel bad about it. Feeling pretty hungry in the evenings too, but maybe I just need to get used to the new schedule.",3,,1,,1,1,,,,,,,1,,1,,,,,1,,,,,405,810,,,1,,,,,,,,,,,,,,,,,,,,,,,,,,,,,,
2022-08-23,4,"Slept well last night. Rearranged my nest, which might have helped, but I also put in ear plugs. I still fell back asleep after my alarm though for 20 minutes. I was in a combative mood for most of the day. Victoria's annoyed that I'm busy and have calls to make for real estate. I'm frustrated b/c it seems like she's the only one who's allowed to be busy. Her teaching schedule changed, so I'm spending a lot of time during the day making sure Lena's quiet. Fortunately, I don't have much work to do this week. None of this would be an issue though if Victoria didn't want to have a third kid, but of course I can't say that out loud. Not yet anway.",8,,1,,1,1,,,,,,,,,,,,,,1,,,,,395,750,,,1,,,,,,,,,,,,,,,,,,,,,,,,,,,,,,
2022-08-24,6,"Slept well again. Decent day, started out kind of snippy w/ Victoria but it got better throughout the day. Got sammy to eat a decent bit of fish for dinner so that was nice.",8,,1,,1,1,,,,,,,1,,,,,,,2,,,,,390,780,1290,,1,,,,,,,,,,,,,,,,,,,,,1,,,,,,,,,
2022-08-25,6,"Slept well, just not quite as good as yesterday. Tossed and turned a couple of times. Decent day, stayed very busy all day w/ real estate. I feel like I got a lot done but I also feel like I'm working harder than I need to be. Maybe this is just a phase I'm going through until I get systems in place and find regular contractors.",6,,1,,1,1,,,,,,,,,,,,,,2,,,270,,390,780,1320,,1,,,,,,,,,,,,,,,,,,,,,,,,,,,,,,
2022-08-26,6,"Didn't sleep too well, couldn't get comfortable. Also had weird dreams. Stayed busy all day and enjoyed it. Barely did anything for real work all week, but also didn't have much to do. Had an interview w/ a wholesaler and I might start making calls for them. It pays strictly on commission, which I'm cool with. I'd like to do it in order to learn systems and better negotiation skills, but I'm concerned that I'm taking too much time away from everything else, specifically kids and Victoria. On the other hand, this could help a lot by giving me better skills to transition into real estate full time. I drove up to Myrtle Beach w/ Sammy and Lean for Victoria's swim meet, had fun going through the aquarium w/ Sammy. I did not do well eating. I shouldn't have eaten anything after leaving home, but Sammy had an icecream cone and offered me some, then I just had a plate full of meatballs at the aquarium and 3 or 4 little cheesecake bites.",4,,1,1,1,1,,,,,,,1,,,,,,,2,,,270,,390,1140,1290,,1,,,,,,,,,,,,,,,,,,,,,,,,,,,,,,
2022-08-27,8,Slept in a bed w/ Sammy last night and it did not go well. He moves around so much and likes to sleep diagonally. We did have fun just the two of us today though.,3,,1,,1,,,,,,,,,,,,,,,1,,,360,,525,1020,1320,,1,,,,,,,,,,,,,,,,,,,,,,,,,,,,,,
2022-08-28,6,"OK sleep but couldn't get too comfortable. OK day, didn't do a whole lot. Got some good tennis in this evening though.",4,,1,,1,,1,,,,,1,,,,,,,,1,,,360,,690,1335,1380,,1,,,,,,,,,,,,,,,,,,,,,1,,,,,,,,,
2022-08-29,6,"Slept well, just not enough. OK day, went up to Eutawville again to meet w/ contractor and inspector, meeting went well. Probably not the best use of my time as an investor but I'm learning and gaining experience. Also spoke w/ restaurant tenant and smoothed things out.",6,,1,,1,,,,,,,,,,,,,,,1,,,285,,405,915,1310,,1,,,,,,,,,,,,,,,,,,,,,,,,,,,,,,
2022-08-30,5,"Slept well, just not enough. Very tired when I woke up. Frustrating day - I have a lot to do but I'm just waiting on others. Sammy had his first football practice this evening.",8,,1,,1,1,,,,,,,1,,,,,,,3,,,270,,400,735,1320,,1,,,,,,,,,,,,,,,,,,,,,1,,,,,,,,,
2022-08-31,5,"Slept comfortably, just not enough and I had some annoying/frustrating dreams. OK day, working on a lot of things and maybe starting to feel overwhelmed. I can handle it though, just need to get better organized. Sammy had early dismissal so we went to lunch with him.",5,,1,,1,1,,,,,,,,,,,,,,2,,,270,,390,750,1310,,1,,,,,,,,,,,,,,,,,,,,,,,,,1,,,,,
2022-09-01,5,"Slept well and was very comfortable. Busy day, still wondering if I'm working too much at the expense of family.",8,,1,,1,1,,,,,,,,,,,,,,1,,,270,,390,840,1300,,1,,,,,,,,,,,,,,,,,,,,,,,,,,,,,,
2022-09-02,5,"Slept OK. Thought my alarm went off already so I was quasi-awake for a little while. Very busy day again, which was fine. Morning started out poor - I was in a bad mood and ""not enjoying this season of life"". Not sure why it hit me so hard this morning, maybe b/c Nico woke up crying but I was just really negative about being a dad. I tried focusing on it and isolating that feeling and I think it helped to at least not make it worse. Maybe I'm just tired and not eating enough. Busy w/ both work and real estate. Had fun w/ the boys this evening - they were well behaved.",5,,1,,1,1,,,,,,,1,,,,,,,1,,,270,,390,810,1290,,1,,,,,,,,,,,,,,,,,,,,,,,,,,1,,,,
2022-09-03,5,Slept pretty well. Weird dreams though. I was only in light sleep from about midnight to 1am though in anticipation of my alarm (to wake victoria up for breastfeeding). Woke up on my own at 430 for some reason so I decided to just get up for the day. I had the boys by myself for most of the day. We did OK but I don't really know what to do with them a lot of the time.,5,,1,1,1,1,,,,187.8,14.6,,,,,,,,,1,,,270,,570,930,1300,,1,,,,,,,,,,,,,,,,,,,,,,,,,,,,,,
2022-09-04,8,"Slept OK but woke up a few times. Got up and ran sprints in the morning. Victoria was overwhelmed again today so I tried to entertain the kids but it didn't go too well. I don't feel bad for her though, she does this to herself. We went to the beach in the afternoon and had a lot of fun. I took the kids out on boogie boards and Sammy really liked it. He said I was the best dad ever. I don't usually put too much thought behind those comments but it was nice at least. Then we stopped at Sonic on the way home. I didn't eat of course but it really bothers me that they go to fast food so often with the kids.",5,,1,,1,1,,,,,,,,,,,,,,1,,,360,,450,740,1320,,1,,,,,,,,,,,,,,,,,,,,,1,1,,,,,,,,
2022-09-05,6,"Not the best sleep, woke up and tossed and turned a bunch. I wonder if it's b/c I was hungry when I went to bed. Decent day, went over to mana and payas for lunch around noon. I'm annoyed that we're always taking the grahams w/ us - why can't we just take separate cars - but it's really not a big deal. A lot of is is just sofia - I cannot stand her at all. Later, I took sammy and nico to the pool for a couple of hours and we had fun.",5,,1,,1,1,,,,,,1,,,,,,,,1,,,400,,450,780,1395,,1,,,,,,,,,,,,,,,,,,,,,,,,,,,,,,
2022-09-06,5,"Slept well but went to sleep too late. OK day, this was my first day making calls w/ Barrington and it was not convenient - we need to figure something else out w/ our office setup.",5,,1,,1,1,,,,,,,,,,,,,,1,,,270,,390,840,1320,,1,,,,,,,,,,,,,,,,,,,,,,,,,,,,,,
2022-09-07,5,"Slept well. OK day, stayed busy w/ real estate and barrington. Sammy said he wants me to help coach his football team, so that was nice. Not sure if I'll be able to b/c of Nico though.",8,,1,,1,1,,,,,,,,,,,,,,1,,,270,,390,825,1320,,1,,,,,,,,,,,,,,,,,,,,,1,,,,,,,,,
2022-09-08,5,"Slept well but Lena was pretty noisy. Very busy in the morning, lots of stuff going on. It cooled down after that though. I had to be on calls pretty late, which was inconvenient. My excitement for this Barrington job is waning, but I'm sure it would help if I could just get my first property under contract.",6,,1,,1,1,,,,,,,,,,,,,,1,,,270,,405,840,1320,,1,,,,,,,,,,,,,,,,,,,,,,,,,,,,,,
2022-09-09,4,"Slept well but I need to get to sleep earlier. Struggling to find enough time to do everything. Not able to spend enough time making calls, but I'm getting leads. It's inconvenient to have the 4:45 calls at the end of the day, that's prime kid time. Went to bed pretty annoyed. Victoria went out to a PTA meeting around 5:30 and I was supposed to play tennis tonight. She didn't get back until after I went to bed. Fortunately, I guess, tennis got called off b/c of rain but it was still iritating. I also feel like I wasn't super bothered by it at first but I worked myself up to feel upset.",8,,1,,1,1,,,,,,,,,,,,,,1,,,270,,390,900,1245,,1,,,,,,,,,,,,,,,,,,,,,,,,,,,,,,
2022-09-10,5,"Didn't sleep great, starting a cold and I felt something in the back of my throat most of the night. Just me and the boys for most of the day while Victoria was at a swim meet. They did a good job playing together and we had fun making daddy bars. I was kind of short w/ victoria this morning and there's some tension between us. Pretty tired most of the day too.",4,,1,,1,1,,,,187,14.2,,,,,,1,,,2,,,270,,450,840,1320,,1,,,,,,,,,,,,,,,,,,,,,,,,,,,,,,
2022-09-11,5,"Slept better, still a little lump in the back of my throat. Pretty bland day, not much to report. Not very sick, just a perpetual lump in the back of my throat.",5,,1,,1,,,,,,,,,,,,1,,,1,,,360,,615,870,1320,,1,,,,,,,,,,,,,,,,,,,,,1,,,,1,,,,,
2022-09-12,4,"Slept OK up until about 3 when I got up to pee and Lena got noisy. Do not feel rested. Rough day today. Lena's still home with us and Victoria's new teaching schedule is challenging. I can't get anything done when I'm holding Lena and I can't make phone calls when Victoria's teaching. I might need to stop making calls, but I think we just need a different situation/setup. Got to play tennis in the evening though, which was nice.",4,,1,,1,1,1,,,,,,1,,,,1,,,3,,,270,,405,1305,1395,,1,,,,,,,,,,,,,,,,,,,,,1,,,,,,,,,
2022-09-13,5,"Had trouble falling asleep for some reason, took me about 45 minutes. Might have just been excited/amped up from tennis. Very tired this morning. OK day, all kids were at school so that was nice.",3,,1,,1,1,,,,,,,,,,,,,,2,,,270,,405,900,1350,,1,,,,,,,,,,,,,,,,,,,,,,,,,,,,,,
2022-09-14,3,"Slept great but even more tired in the morning. Need to go to sleep earlier. Starting to feel overwhelmed today, mostly b/c of the new barrington job. I'm falling behind on my training b/c I had to do work stuff the past couple of days. Also, started to feel pretty sick around 6pm when we put the kids to bed. Nauseous and sweaty. Then I had the thought that maybe I'm allowing myself to feel sick or choosing it, and this is what my meditation practice is training me for. After that it subsided, which is strange. Tried to go to sleep early, around 730, but didn't end up getting to sleep until about 9:30. Couldn't turn my brain off. Not stressful though and I think the rest helped.",8,,1,,1,1,,,,,,,,,,,1,,,2,,,270,,390,870,1290,,1,,,,,,,,,,,,,,,,,,,,,,,,,,,,,,
2022-09-15,6,"Slept well, felt more rested than yesterday morning. Just took a while to fall asleep. Busy day, falling behind on Barrington stuff and trying to keep up w/ work stuff. Fortunately, work isn't too busy right now. Dropped Victoria and Lena off at the airport. I took the boys to the pool this evening for sammy's swim lessons. I wasn't going to swim w/ Nico b/c I had a barrington meeting at 445 but I decided to skip it and swim instead. Nico wouldn't have had as much fun and I don't want to be working all the time.",6,,1,,1,1,,,,,,,1,,,,,,,1,,,270,,420,810,1335,,1,,,,,,,,,,,,,,,,,,,,,,,,,,,,,,
2022-09-16,6,"Slept pretty well. OK day, nice and quiet here at home. Took the boys to a meeting w/ Matt in the afternoon, they did OK.",8,,1,,1,1,,,,,,,1,,,,,,,1,,,270,,390,750,1365,,1,,,,,,,,,,,,,,,,,,,,,,,,,,,,,,
2022-09-17,6,"Slept well but went to sleep too late. Stayed up just dicking around. Had a good day w/ the boys. Sammy asked to go for a run in the morning so we ran around the circle a few times. Made some fudge in the morning. Hung out in the circle for a while w/ the other families, played some pickleball, then went to dinner w/ Brian and the boys. Didn't do a good job eating and stayed up too late just dicking around again.",8,,1,,1,1,,,,187,14.7,,,,,,,,,1,,,270,,375,1170,1350,,1,,,,,,,,,,,,,,,,,,,,,,,1,,,,,,,
2022-09-18,6,"Slept well but went to sleep too late. Took a walk w/ Sammy in the morning. Had a decent day w/ the boys. Went to the pool w/ the Wessons. They got candy, so it was hard for me not to let Sammy get some. I eventually gave in but it was just a bad situation. Dicked around on my tablet before bed again, I have to stop.",6,,1,1,1,,,,,,,,1,,,,,,,1,,,360,,480,750,1335,,1,,,,,,,,,,,,,,,,,,,,,,,,,,,,,,
2022-09-19,5,"Slept OK but woke up at 4 before my alarm. Couldn't get super comfortable most of the night either. Started feeling a bit overwhelmed again today, Eutawville has a lot to take care of. I also realize I didn't do a good enough job of due dilligence for this property (or much of any). Lesson learned, but I still have a hard time saying no to Rick - he generally knows what he's talking about and I don't want to hold us back. Maybe I need to though. Haven't had much time to spend on making calls or even work. I'm starting to think I should drop it for now but I want to keep trying and at least get one contract. I'm also frustrated about the after school activities - I lost about 3.5 hours b/c I need to take Sammy to swimming. I enjoyed playing w/ Nico though so it's not a waste, but it's very inconvenient and I have a lot to do. Also, very hungry at bedtime.",5,,1,,1,1,,,,,,,1,,,,,,,1,,,240,,405,810,1305,,1,,,,,,,,,,,,,,,,,,,,,,,1,,,,,,,
2022-09-20,5,"Slept pretty well. OK day, had to go into work. While there, Douglas said they want me to take over as lead systems engineer b/c the government won't be able to get one. He also said I'd need to come in one day/week, prefereably two. That's doable. Also nice to know that they've been cool w/ me staying home these past four+ months. Also, feeling pretty hungry and iritated in the evening so I ate a little snack around 7:30. Probably didn't eat enough during the day.",8,,1,,1,1,,,,,,,,,,,,,,1,,,270,,390,1170,1305,,1,,,,,,,,,,,,,,,,,,,,,1,,1,,,,,,,
2022-09-21,6,"Slept well, third night in a row of not getting up to pee and 4th in 5 days. I wonder what's up with that. I also noticed that I started falling asleep almost instantly. Decent day, feel like I got a lot done. I was constantly busy anyway.",8,,1,,1,1,,,,,,,1,,,,,,,1,,,270,,390,770,1355,,1,,,,,,,,,,,,,,,,,,,,,,,1,,,,,,,
2022-09-22,8,"Slept well again but woke up around 345 and couldn't get back to sleep. Unfortunately, I stayed in bed until about 4:15. Busy day today but I enjoyed it. Played in the pool w/ Nico while Sammy had swim practice. Then Daniel came over to grill in the evening. Stayed up way too late but I enjoyed talking with him.",5,,1,1,1,1,,,,,,,,,,,,,,1,,,225,,360,1320,1380,,1,,,,,,,,,,,,,,,,,,,,,,,1,,,,,,,
2022-09-23,8,"Slept well but not enough. Very tired in the morning. Ran some sprints and that woke me up. Stayed very busy and kind of felt overwhelmed/losing control w/ Barrington, I think I'm working on too many leads at once. Also feel like I'm falling behind on Darlington b/c of Barrington.",8,,1,,1,1,,,,,,,,,,,,,,1,,,270,,420,810,1350,,1,,,,,,,,,,,,,,,,,,,,,,,1,,1,,,,,
2022-09-24,8,"Slept well, decided to sleep until about 6 b/c I went to sleep late. Pretty good day, had fun w/ the boys. Made brownies and crafts w/ Sammy while Nico took a nap.",8,,1,,1,1,,,,186.8,14.6,,1,,,,,,,1,,,360,,510,1260,1400,,1,,,,,,,,,,,,,,,,,,,,,,,,,,,,,,
2022-09-25,6,"Slept well but very tired, stayed up too late again dicking around. Lots of cooking and cleaning today getting everything ready for when Victoria came back and the upcoming week. Had fun building a fort w/ Sammy. Didn't eat enough today, had a snack of pb/almond milk and ham before getting victoria from the airport.",6,,1,,1,1,,,,,,,,,,,,,,2,,,360,,480,1110,1320,,1,,,,,,,,,,,,,,,,,,,,,1,,,,,,,,,
2022-09-26,6,"Not great sleep, Lena was pretty fussy. Pretty tired in the morning. Had to go into work today for a PCA. Not too bad, but the auditor got under my skin a little and I'm not sure how well I hid my annoyance. Ate pretty late in the evening b/c I didn't have much of a lunch and wanted to be able to do squats in the morning.",4,,1,,1,1,,,,,,1,,,,,,,,1,,,270,,390,1170,1290,,1,,,,,,,,,,,,,,,,,,,,,,,,,,,,,,
2022-09-27,6,Didn't sleep well for some reason until about 3:45 or so. I stayed in bed for half an hour after my alarm went off. Went into work again. Not much to report. Very tired when I went to bed.,5,,1,,1,1,,,,,,,,,,,,,,1,,,280,,390,810,1335,,1,,,,,,,,,,,,,,,,,,,,,1,,,,,,,,,
2022-09-28,6,"Slept better but still very tired in the morning. Didn't have a great morning mentally, very frustrated that I was stuck getting all of the kids ready. The two boys are fine but adding in the third kid is just a different thing. I was thinking how I usually try to avoid having Victoria handle all three kids by herself, espeically in the morning, but she doesn't seem to grant me that same courtesy. Especially considering I didn't want a third kid b/c we both have too much going on. I got over that though b/c Lena was pretty good this morning. Work was OK again, nothing special. Got to have a good call w/ Parker Styles w/ Barrington, he's a nice guy and very passionate about his business.",6,,1,,1,1,,,,,,,,,,,,,,1,,,270,,360,870,1245,,1,,,,,,,,,,,,,,,,,,,,,,,,,,,,,,
2022-09-29,6,"Slept OK, woke up a few times but I was actually very comfortable. Schools are closed today so all kids will be home. Victoria still has to teach so I'll likely be on kid duty. Not looking forward to today. Decent day, stayed very busy. Watched the kids while Victoria taught, also got a lot of my own stuff done.",6,,1,,1,1,,,,,,,,,,,,,,1,,,270,,390,840,1335,,1,,,,,,,,,,,,,,,,,,,,,,,1,,,,,,,
2022-09-30,8,"Slept well just not enough. Very busy (but mostly enjoyable) day. Had a number of work things to do in the morning, including a meeting when Victoria also had a meeting. We both had to talk and all of the kids were home. I didn't lose it as much as I thought I would and we got it worked out. Then w/ Barrington, I got another verbal agreement but I messed something up in the formula and offered $40k more than I was supposed to. The team was very supportive, not negative, and had me go back and offer the correct amount. That still got accepted (probably means I could have gone much lower) so it worked out, but that was a roller coaster. The team's reaction is very interesting and much different from what I've experienced professionally (specifically at SRC). They were very supportive and helpful, but also acknowledged that I made a mistake. I'm working on internalizing this and implementing it myself. I feel like I've internalized SRC's aproach which is unfortunate, but hopefully this aproach will take over. Ended up cuddling and hanging out w/ Victoria in the evening instead of both of us doing work and we both enjoyed that.",6,,1,,1,1,,,,,,,,,,,,,,1,,,270,,405,930,1345,,1,,,,,,,,,,,,,,,,,,,,,,,,,,,,,,
2022-10-01,4,"Slept pretty well, took a few minutes to get back to sleep after Lena got us up. Day started out poorly, the Grahams wanted to go somewhere for breakfast for victoria's birthday. Most places weren't open b/c of the hurricane so we just spent a lot of time fucking around. Eventually went to a donut place (of course) and took them over to mana and payas. Later in the day, we went to a wedding and of course, stayed longer than victoria said we were going to. The food was good though.",6,,1,,1,1,,,,187,14.3,,,,,,,,,1,,,360,,630,1215,1305,,1,,,,,,,,,,,,,,,,,,,,,,,,,,,,,,
2022-10-02,6,"Poor sleep. Woke up several times, didn't feel like I got deep sleep, and woke up about an hour before my alarm. Likely b/c of the food and drinks last night (I only had three drinks and two of them were very small). Got a lot of house work done today. Sammy threw up b/c he at 3 (!) donuts yesterday. I got frustrated w/ Victoria in the morning - she always says we have so much to do on the weekends but she sleeps in. She was feeling sick this morning so I was going to take Lena to the grocery store but Victoria didn't want that. I felt a little bad about being impatient, but I just don't see how she wants to have another kid when it doesn't seem like we can handle the three that we have now, which I think is too much.",3,,1,,1,1,1,,,,,,,,,,,,,2,,,300,,870,1260,1335,,1,,,,,,,,,,,,,,,,,,,,,1,,,,,,,,,
2022-10-03,5,"Decent sleep, was comfortable all night. Odd day today. I stayed busy, spent a lot of time making calls for Barrington. I was all about it last week but really wasn't feeling it today. I'm spending a lot of time doing this and not making any money. I keep reminding myself I'm doing it for the experience, but is it worth it? I did get my first property under contract today though. Finished up w/ some tennis. Played poorly though.",6,,1,,1,1,1,,,,,,,,,,,,,1,,,270,,390,1275,1365,,1,,,,,,,,,,,,,,,,,,,,,1,,,,,,,,,
2022-10-04,4,"Slept pretty well. Woke up at 4:30 but decided to just cuddle instead of work out. Victoria's birthday was today. Sammy and I had gotten her steaks and carrot cake and I thought we were going to have that for dinner, but she got Moes delivered and didn't end up eating dinner. Then her mom and sister came over, and that's when we had cake. Then she went w/ them to the halloween store. It hurt my feelings that we didn't do what I had planned for her and she chose to hang out w/ her mom and sister instead of me on her birthday. Normally I would default to acting distant or passive aggressive, but today I stepped back and realized that I'm at least partially to blame for it and it's her birthday so she can do what she wants. We discussed it tangentially in the evening - she said she thinks I don't like hanging out w/ her and I don't think she likes hanging out w/ me, but that's as far as it went. She says I'm so busy, but I really just fill my time w/ stuff b/c she's also busy and doesn't have time either. We need to make time to hang out w/ each other more. I went to bed feeling sad, but tried not to show it. Felt pretty sad most of the afternoon, but I acknowledge that it's b/c of choices I've made. I'm also sad that we don't have sex very often, also likely mostly b/c of me. As of today, we're averaging sex every 11 days over the past 13 months or so.",6,,1,,1,,,,,,,,,,,,,,,1,,,270,,390,990,1350,,1,,,,,,,,,,,,,,,,,,,,,,,,,,,,,,
2022-10-05,3,"Slept well just not enough. Went back to sleep for about 20 minutes after my alarm. I have to do better about getting up right away. Feeling depressed again today, feels like our relationship isn't going well. I what we can do to spend more time together and she didn't know. I think it will be easier after swimming but who knows. Very hungry in the evening so I just ate a quick snack. We went to bed early so we could cuddle, but by the time we finished reading she said she didn't want to. Also worrying about Darlington a lot. It kept me up for a while. Went to bed at 9:15 but didn't get to sleep until about 11. My balls and prostate (?) were also pretty sore today, not sure if it was just blue balls or something else. Got up around 9:45 to jack off and see if it would help me fall asleep (didn't watch porn so that was good) but it didn't. Felt a little relief though.",6,,1,,1,1,,,,,,,1,,,,,,,1,,,270,,390,1200,1380,,1,,,,,,,,,,,,,,,,,,,,,,,,,,,,,,
2022-10-06,5,"Slept well once I eventually fell asleep. Sad again in the morning. OK day, spent more time on work work. Got to cuddle at night so that was nice, but I still feel like Victoria is still distant.",3,,1,,1,1,,,,,,,,,,,,,,1,,,270,,405,720,1320,,1,,,,,,,,,,,,,,,,,,,,,,,,,,,,,,
2022-10-07,5,"Slept well, still took about 15 minutes to get out of bed though. OK day, nothing special. I'm still struggling w/ what to do about Barrington - I enjoy it, but it ties me to my desk which is something I don't want. Victoria had the swimmers over this evening and I got the fire going w/o any cheaters, so that was nice.",6,,1,,1,1,,,,,,,,,,,,,,1,,,270,,420,825,1305,,1,,,,,,,,,,,,,,,,,,,,,1,,,,1,,,,,
2022-10-08,4,"OK sleep, felt a little stuffy. Woke up very tired but wouldn't be able to get back to sleep. Just me and the kids today. I didn't do my best. I was very tired all day and felt like I was being pulled all over the place. Lena actually did well most of the time and did a decent job sleeping. Nico also took a good nap. But I felt like I couldn't do much b/c I was always just waiting for Lena to wake up. I also messed up dinner - I gave the kids some leftover pasta that I knew they wouldn't like, then gave in by giving them mac and cheese, which I knew sammy didn't like. I also gave him a piece of ham, but that's about all he ate. I felt bad and need to figure something better out. I also didn't do well eating today; I ate about a tray and a half of leftover fetucchini from yesterday and ate cereal way too late. Not pleased w/ myself overall today.",4,,1,,1,1,,,,186,14.6,,,,,,,,,2,,,360,,480,1200,1365,,1,,,,,,,,,,,,,,,,,,,,,,,,,,,,,,
2022-10-09,5,"OK sleep but not great, still very tired all day. Had fun w/ the kids going to the ashley ridge farm. Played pickle ball in the late afternoon w/ the cul de sac group, then had some fun sex in the evening. Definitely didn't eat enough today, just a few eggs and some sausage for breakfast then two chicken thighs at lunch. Wasn't super hungry though in the evening.",5,,1,,1,1,,,,,,1,,,,,,,,1,,,420,,585,765,1305,,1,,,,,,,,,,,,,,,,,,,,,,,,,,,,,,
2022-10-10,5,"Good sleep last night. Woke up and wasn't super tired like I have been usually. Spent a lot of time working today, not bad but not especially what I want to do. Ate late b/c of tennis.",8,,1,,1,1,1,,,,,,,,,,,,,1,,,270,,390,1320,1370,,1,,,,,,,,,,,,,,,,,,,,,1,,,,,,,,,
2022-10-11,6,"Slept well just not enough. I actually woke up 3 minutes before my alarm and was ready, but just stayed in bed until it went off. Then I stayed in for another 7 minutes or so. It's like some kind of trigger for me that I struggle with for some reason. Went to lunch w/ Victoria, spent a lot but it was fun. Regular day, spent a lot of time working but I don't mind the Barrington stuff too much. It would be nice if I were making some money on it though. Sammy had a football game today, he's not fast but he's giving a lot more effort and looks good when he's running the ball. I had fun w/ Nico at the game too, tackling each other.",6,,1,,1,1,,,,,,,,,,,,,,2,,,270,,390,750,1350,,1,,,,,,,,,,,,,,,,,,,,,,,,,,,,,,
2022-10-12,5,"Slept well. Woke up at 4:15 to pee and decided to sleep in until 5:30 and skip my workout. Not happy about that, but I didn't want to squat today. Hopefully this is just a blip. Stayed busy today but don't feel like I was productive.",6,,1,1,1,,,,,,,,1,,,,,,,1,,,330,,405,810,1305,,1,,,,,,,,,,,,,,,,,,,,,,,,,,,,,,
2022-10-13,5,"Slept well but still tired in the morning. Didn't want to work out but I forced myself to. I wonder if I'm not eating enough recently? Worked too much today. Spent a lot of time on Barrington and actual work. Still conflicted about Barrington - I like the company and the environment, but man it's a lot of work (and I haven't made any money yet). Regular work pays well, it's pretty relaxed, but I don't especially enjoy the work itself. Also sous vide'ed some beef tenderloin pieces today, they turned out great.",6,,1,,1,1,,,,,,,,,,,,,,2,,,270,,360,735,1290,,1,,,,,,,,,,,,,,,,,,,,,,,,,,,,,,
2022-10-14,6,"Slept well, woke up at 4 (30 minutes early) and kind of got back to sleep. Got up right away this morning and had a decent workout. Not sure what changed from yesterday. Worked too much again today but I kind of enjoy the Barrington stuff.",6,,1,,1,1,,,,,,,,,,,,,,1,,,270,,390,870,1320,,1,,,,,,,,,,,,,,,,,,,,,,,,,,,,,,
2022-10-15,6,"Slept ok, tossed and turned a bit. Weird dreams too. Victoria got strep and was stuck in bed all day. Nico and Sammy went w/ victoria's parents for the day so it was just me and Lena. She did pretty well and slept a decent bit. We went for a walk in the afternoon. I found it interesting that I didn't mind today that much, but if Victoria was available, I probably would have rather done something else. It's like I knew I couldn't do anything else so I was OK with it. Also didn't do a great job eating again, had a couple of pieces of candy and some cookies in the evening.",5,,1,,1,,,,,185.6,14.1,,1,,,,,,,1,,,360,,705,1185,1410,,1,,,,,,,,,,,,,,,,,,,,,,,,,,,,,,
2022-10-16,6,"Slept on the couch in an effort to not catch strep. Slept well but went to bed too late. Also got woken up by Lena a couple of times, but she's not feeling well either now. Took Sammy to a birthday party today, I was glad he had fun w/ the other kids. I was pretty bored most of the time, but didn't really try to talk w/ other parents.",6,,1,,1,,1,,,,,,,,,,,,,2,,,360,,630,1260,1335,,1,,,,,,,,,,,,,,,,,,,,,1,,,,1,,,,,
2022-10-17,6,"Slept well, just not enough. Got up pretty soon after alarm though. Woke up around 3:45 to pee, but stayed in bed and got ack to sleep. Nothing special today.",6,,1,,1,1,1,,,,,,,,,,,,,2,,,270,,405,1305,1400,,1,,,,,,,,,,,,,,,,,,,,,1,,1,,,,,,,
2022-10-18,4,"Slept well, just not enough. Didn't work out b/c of tennis last night. Not a bad day, but I'm starting to feel overwhelmed a little bit. Fortunately, work has been pretty light but real estate is getting challenging. I'm falling behind on Barrington and it seems like I'm making too high of offers on properties. Darlington is looming as well, and we're putting in a lot of money w/o having sold anything yet.",6,,1,,1,,,,,,,,,,,,,,,1,,,330,,405,990,1350,,1,,,,,,,,,,,,,,,,,,,,,,,,,,,,,,
2022-10-19,5,"Slept well, just not enough. OK day, nothing special.",6,,1,,1,1,,,,,,1,,,,,,,,2,,,270,,390,780,1335,,1,,,,,,,,,,,,,,,,,,,,,,,,,,,,,,
2022-10-20,5,"Slept well, just not enough. Very tired in the morning, moreso than usual. Struggled to get through an easy workout. Had a parent teacher conference for Sammy, sounds like he's doing very well in school. Had to go meet someone for Barrington today and I'm rethinking whether or not this is worth it. I want to stick with it though and get as much out of it as I can. Very tired all day.",6,,1,,1,1,,,,,,,,,,,,,,1,,,270,,360,840,1260,,1,,,,,,,,,,,,,,,,,,,,,,,1,,,1,,,,
2022-10-21,6,"Went to bed earlier and slept well. Stayed in bed for a while, considering going back to sleep, but determined that I wouldn't be able to so I got up after about 20 minutes. OK day, nothing special. Had a good call w/ Parker from Barrington, just have to keep my head down and let the numbers do their work.",8,,1,,1,1,,,,,,,,,1,,,,,1,,,270,,360,900,1305,,1,,,,,,,,,,,,,,,,,,,,,,,,,,,,,,
2022-10-22,6,"Slept OK, a little too warm though. OK day, went to a pumpkin patch w/ the kids. It was fine until someone brought up face painting and we stood in line for an hour. I had the boys for a few hours in the afternoon. We ran some errands then they played outside while I worked in the shop a little. Then we all went out to get ice cream in the evening. I didn't do a great job eating, got a little out of control. I need to reign it in.",6,,1,,1,,,,,182.4,13.4,1,,,,,,,,2,,,360,,510,1200,1320,,1,,,,,,,,,,,,,,,,,,,,,,,,,,,,,,
2022-10-23,6,"Not great sleep but it was OK. Woke up a few times, not super comfortable. Ok day, tennis in the morning then I had several hours to myself. I made lunches, did laundry, read a little, and had a little nap.",5,,1,,1,,1,,,,,,,,,,,,,2,,,360,,510,825,1310,,1,,,,,,,,,,,,,,,,,,,,,1,,,,,,,,,
2022-10-24,5,"Tossed and turned most of the night, then woke up ~30 minutes before my alarm. OK day, worked for a while. Tennis in the evening.",5,,1,,1,1,1,,,,,,,,2,,,,,1,,,270,,390,1260,1365,,1,,,,,,,,,,,,,,,,,,,,,,,1,,,,,,,
2022-10-25,5,"Slept pretty well, set my alarm for an hour later b/c of tennis but I was mostly awake for a while before it went off. Spent a while working, then Sammy had football. Tried playing w/ Nico during and it was fun for a bit, but then he got upset and it went downhill fast. Ate a late lunch b/c I was busy on the phone. Also indulged in some chicken nuggets, which I'm not happy about.",6,,1,1,1,,,,,,,,,,2,,,,,1,,,330,,390,945,1290,,1,,,,,,,,,,,,,,,,,,,,,,,,,,,,,,
2022-10-26,4,"Slept pretty well but Lena was up crying for a while. Busy day, turned into a stressful one later. Eutawville is really getting to me, the restaurant tenant is refusing to pay any more for updating it.",4,,1,1,1,1,,,,,,1,,,3,,,,,1,,,270,,390,720,1350,,1,,,,,,,,,,,,,,,,,,,,,,,,,,,,,,
2022-10-27,9,"Slept well, pretty much all the way to my alarm. Rotated a couple of times but slept solidly otherwise. Had an onsite day w/ the Barrington team and it was awesome. Just a bunch of dudes hanging out, making money, and talking business and personal growth. Very inspiring and fun.",8,,1,1,1,1,,,,,,,,,3,,,,,1,,,270,,390,1140,1310,,1,,,,,,,,,,,,,,,,,,,,,1,,,,,,,,,
2022-10-28,5,"Poor sleep. Woke up b/w 2 and 230, couldn't get my mind to stop worrying about real estate. Came down to the couch to see if that helped and it didn't. Finally started getting back to sleep at 415, 15 minutes before my alarm. Felt scattered all day, jumping back and forth from task to task.",2,,1,1,1,1,,,,,,,,,3,,,,,2,,,270,,390,840,1260,,1,,,,,,,,,,,,,,,,,,,,,,,,,,,,,,
2022-10-29,5,"Slept well, Lena woke us up a few times. Disney on ice in the morning, the boys did pretty well. The show was mostly meh. Then we had a cul de sac party in the evening, which was ok, nothing great.",6,,1,1,1,,,,,184.6,14,,,,3,,,,,1,,,360,,510,1200,1320,,1,,,,,,,,,,,,,,,,,,,,,,,,,,,,,,
2022-10-30,5,"Slept pretty well. Pretty routine Sunday. OK day, put off eating for a while, but I also lost a little control and snacked as I was making lunch. I noticed that I did the same thing last Tuesday when I waited too long to eat my lunch. Had a few hours to myself in the afternoon but I don't feel like I used them wisely.",6,,1,1,1,,,,,,,1,,,3,,,,,1,,,360,,810,900,1290,,1,,,,,,,,,,,,,,,,,,,,,1,,,,1,,,,,
2022-10-31,5,"Slept well. Busy day. Drove around for a while for work, ate a lot of almonds - mindlessly as I drove home, justified it by saying I wasn't sure if I was going to have time to eat lunch (I did). I felt strangely hungry and annoyed for most of the rest of the day. Had fun w/ the kids trick or treating though.",8,,1,1,1,1,,,,,,,,,3,,,,,2,,,270,,390,840,1335,,1,,,,,,,,,,,,,,,,,,,,,,,,,,,,,,
2022-11-01,5,"Slept well until Lena started crying a little after 3, which kind of ruined the rest of my sleep. Worked a lot today, both on work and Barrington. Sammy had a completed pass today in football, that was pretty awesome. It was a good throw. Also, when he came out for a rest, he asked if we could wrestle like I do w/ Nico. It was nice, but also made me feel bad b/c clearly he feels left out.",3,,1,1,1,1,,,,,,,,,2,,,,,1,,,270,,390,720,1350,,1,,,,,,,,,,,,,,,,,,,,,,,,,,,,,,
2022-11-02,5,"Woke up around 245 to pee, then couldn't get back to sleep. Eutawville was on my mind. I wonder if it's b/c my last meal was earlier than usual yesterday. I'm enjoying meditating again, although today's session was all over the place. Very tired in the afternoon, took a nap while the kids ate dinner. Kind of felt bad about that.",3,,1,1,1,1,,,,,,,,,1,,,,,1,,,270,,390,840,1320,,1,,,,,,,,,,,,,,,,,,,,,,,,,,,,,,
2022-11-03,6,"Slept OK. Lena woke us up a couple of times. I was concerned about not getting back to sleep but kind of forced it. Very busy, had to go into work for a meeting, then hit Barrington hard the rest of the day. Probably spent too much time on it, but I'm enjoyoing it.",4,,1,1,1,1,,,,,,,,,1,,,,,1,,,270,,390,780,1335,,1,,,,,,,,,,,,,,,,,,,,,,,,,,,,,,
2022-11-04,6,"Slept well. OK day, stayed pretty busy. I need to figure out a good way to cut off from work from a certain point. I'm going like I was at the start of the pandemic, just working a lot. However, I enjoy it now b/c it's real estate. Went to Pine Forest in the evening to hang out w/ Daniel and watch some tennis, it was nice hanging out.",6,,1,1,1,1,,,,,,,,,1,,,,,1,,,270,,405,840,1350,,1,,,,,,,,,,,,,,,,,,,,,1,,,,,,,,,
2022-11-05,6,"Slept well but got up early b/c I have wome work to catch up on. OK day, spent most of the time at the Grahams. Played w/ the boys quite a bit and that was fun.",6,,1,1,1,,,,,186.4,14.2,1,,,,,,,,1,,,270,,480,1200,1380,,1,,,,,,,,,,,,,,,,,,,,,,,,,,,,,,
2022-11-06,4,"Not great sleep but not horrible. Woke up a few times and woke up before my alarm, but daylight savings time ended so it was about the right time. Had most of the day to myself but mostly did chores. Didn't have much else to do, unfortunately. Would have liked to have played tennis earlier in the day but couldn't fine anyone until later in the day. Went to bed really late.",4,,1,1,1,,1,,,,,,1,,,,,,,2,,,360,,480,1335,1320,,1,,,,,,,,,,,,,,,,,,,,,1,,,,,,,,,
2022-11-07,4,"Not great sleep again, woke up for a bit in the middle of the night but was able to get back to sleep. Had to go into work for a while. Felt stressed mostly about Darlington. Also didn't eat a good lunch, just almonds b/c I was at work and under prepared. I was a little short w/ the kids tonight, possibly b/c I was hungry, but they were also not listening well.",4,,1,1,1,,,,,,,,,,,,,,,1,,,330,,390,855,1410,,1,,,,,,,,,,,,,,,,,,,,,,,,,,,,,,
2022-11-08,4,"Slept well. The past several nights when I wake up to pee, I've found myself clenching my jaw really tightly. I'm sure it's b/c of Darlington. Going to start wearing a mouthguard to bed. Very busy day, had to go into work. Phone also would not stop ringing, real estate and Barrington. Got another contract signed though.",6,,1,1,1,1,,,,,,,,,,,,,,2,,,270,,405,750,1290,,1,,,,,,,,,,,,,,,,,,,,,,,,,,,,,,
2022-11-09,4,"Slept pretty well, got up to pee probably about 30 minutes before my alarm though. Legs were very sore in the morning, I thought it was from squats yesterday, but I'm coming down w/ some kind of illness. Achey, dizzy, slight sore throat, generally out of it. Had fun w/ just Nico in the evening, he did a pretty good job eating then we watched a little TV. I should pick him up earlier tomorrow from school, hopefully I'll get a good bit done during the day. Having Darlington issues, specifically getting gas hooked up to one of the houses. I yelled in the car out of frustration, then realized how silly I would have looked to a bystander and that it was completely unnecessary. I think my illness contributed to the frustration, but still should have done better. Good observation though.",6,,1,1,1,1,,,,,,,1,,,,1,,,2,,,270,,390,720,1290,,1,,,,,,,,,,,,,,,,,,,,,,,,,,,,,,
2022-11-10,5,"Slept well. Slept until 6 instead of 4:30 to allow more rest. Felt much better today, just a little phlegm. Spent a lot of time on the phone today, felt kind of productive but also like a waste. Tried doing work while on the phones and it just got aggravating having to jump back and forth. Hung out w/ Nico this evening, went for a walk in the rain. Power went out and we had fun w/ just the flashlight.",8,,1,1,1,,,,,,,,1,,,,,,,1,,,360,,435,840,1305,,1,,,,,,,,,,,,,,,,,,,,,,,,,,,,,,
2022-11-11,5,"Not great sleep. Woke up at 2:45 to pee and couldn't get back to sleep. I laid there for a while, then finished my book. Finally fell back asleep probably around 3:45, then didn't get up at my 4:30 alarm. Slept until my 6:00 alarm. Feeling sick again today, just congestion though. Had most of the day to myself. Off of work today, so I was able to just do Barrington stuff. Made a lot of calls and contacts. I'm enjoying the process, but it's definitely not something I want to do forever.",3,,1,1,1,1,,,,,,,,,,,1,,,1,,,165,,495,840,1305,,1,,,,,,,,,,,,,,,,,,,,,,,,,,,,,,
2022-11-12,3,"Poor sleep. Congested and hot most of the night. Couldn't get comfortable. Pretty negative day. Had plans to go to lunch/dinner, but they fell through. Not that I was really looking forward to that either, just the whole miscommunication and mess. I was stuck w/ Lena for a couple of hours while victoria had a work thing and she screamed for a large part of it. Then I was just generally in a bad mood after that. Felt like a wasted day.",3,,1,1,1,,,,,184,13.9,,,,,,1,,,1,,,360,,510,1140,1305,,1,,,,,,,,,,,,,,,,,,,,,1,,,,,,,,,
2022-11-13,5,"Slept well. Not stuffy at all and I was able to sleep on my back w/o snoring (as far as I could tell). Slept w/ a mouthguard in as well b/c of my grinding/clenching recently. Ok day, spent a while going through kids' clothes again but had fun w/ victoria. Going into work this week so I had to cook my lunches - don't really enjoy doing that anymore apparently. Finished up w/ tennis.",8,,1,1,1,,1,,,,,,,,,,1,,,2,,,360,,540,1260,1365,,1,,,,,,,,,,,,,,,,,,,,,,,,,,,,,,
2022-11-14,5,"Slept pretty well but was up for a few minutes after getting up to pee. Pretty normal day, not much to report.",6,,1,1,1,,,,,,,,,,,,,,,2,,,330,,390,720,1320,,1,,,,,,,,,,,,,,,,,,,,,,,,,,,,,,
2022-11-15,6,"Slept well. Wok up around 4, not tired. Was going to get up but Victoria was next to me so I just cuddled up. Very busy day. Went into work for a mini conference (all week), and did some talking. I feel like I did a decent job of speaking more slowly and clearly, not much stuttering. Got a lot of stuff done at lunch, very productive.",6,,1,1,1,1,,,,,,,,,,,,,,1,,,240,,375,735,1320,,1,,,,,,,,,,,,,,,,,,,,,,,1,,1,,,,,
2022-11-16,5,"Slept pretty well, tossed a couple of times. Got up right away, so that's good. Long day at work, not much else today.",6,,1,1,1,1,,,,,,,,,,,,,,1,,,270,,375,765,1350,,1,,,,,,,,,,,,,,,,,,,,,,,1,,,,,,,
2022-11-17,5,"Slept well, third night in a row of not getting up to pee. A bit concerned that I might not be drinking enough, but I had probably about 3/4 gallons. Got up right away this morning, but pretty tired. Another all day meeting at work. By the time I got home, I was not really in a good mood. I was hungry, and I'm sure I haven't been eating enough this week so I ate a little bit after I got the kids to bed. Lena was tough, she wouldn't stop crying and didn't want a bottle. Just reinforced that I don't want any more kids.",8,,1,1,1,1,,,,,,,,,,,,,,2,,,270,,375,1125,1290,,1,,,,,,,,,,,,,,,,,,,,,,,1,,,,,,,
2022-11-18,6,"Tossed a bit, then woke up around 3 and only got light sleep after that. Back into work today, but only a half day. Very tired. Got some Barrington stuff done after work then finished up the day w/ some good tennis.",4,,1,1,1,1,1,,,,,1,,,,,,,,2,,,270,,375,1305,1425,,1,,,,,,,,,,,,,,,,,,,,,1,,,,,,,,,
2022-11-19,4,"Stayed up way too late last night. Meant to get up at 5 this morning but misset my alarm, woke up at 6, which was probably better. Drove to Clemson w/ Brian. I enjoyed the drive, we have good conversations about politics, economics, current events, etc. Tailgate was about as expected, wasn't too pumped about being there.",5,,1,,1,,,,,,,,,,,,,,,1,,,360,,390,1140,1260,,1,,,,,,,,,,,,,,,,,,,,,,,1,,,,,,,
2022-11-20,4,Pretty poor sleep. Slept next to Sammy and it felt like the longest night ever.,3,,1,,1,,,,,,,,,,,,,,,1,,,270,,420,840,1260,,1,,,,,,,,,,,,,,,,,,,,,1,1,,,,,,,,
2022-11-21,4,"Not the best sleep, woke up a few times. Was able to get myself back to sleep though. Frustrating day. Lots of meetings in the morning. Went to take pics of a house for Barrington, severely underestimated the rehab so that was likely a big waste. Also wasted time trying to stop by another seller's house and he didn't come to the door.",4,,1,1,1,1,,,,,,,,,,,,,,1,,,270,,390,825,1320,,1,,,,,,,,,,,,,,,,,,,,,,,,,,,,,,
2022-11-22,5,"Slept well, just don't feel super rested for some reason. Spent a while on Barrington today. Found out that one of my contracts has about an $83k spread, so that's awesome. Another one will have about $5k, but I'm just glad we'll likely close on it. Hung out w/ Victoria after the kids went to bed, we hadn't done that in a while.",6,,1,1,1,1,,,,,,,,,,,,,,1,,,270,,390,870,1305,,1,,,,,,,,,,,,,,,,,,,,,,,,,,,,,,
2022-11-23,5,"Decent sleep, but Lena woke us up around 3. Slept in about 25 minutes after my alarm too, I had forgotten it went off. Played w/ the kids for a while today and did prep work for Thanksgiving. Tennis in the afternoon, then came home and did some food prep. Victoria sent me som screenshots of a recipe, I asked her to send me the links, and she tried to use this as an analogy for when she asks me for something that I deem trivial/unimportant and I don't cooperate and it turned into a long monologue of hers.",6,,1,1,1,1,1,,,,,,,,,,,,,1,,,270,,390,1215,1335,,1,,,,,,,,,,,,,,,,,,,,,1,,,,,,,,,
2022-11-24,8,Slept well. Busy morning getting ready for Thanksgiving. Enjoyed doing a lot of cooking and got to try a few new dishes. Most turned out pretty well. Pretty good day overall.,8,,1,1,1,1,,,,,,1,,,,,,,,1,,,270,,510,1215,1320,,1,,,,,,,,,,,,,,,,,,,,,,,,,,,,,,
2022-11-25,6,"Slept OK. Alarm went off at 430 but I slept in until 6. Went to help Brian at his store today, just rearranged stuff in the front. Had a burger for lunch, probably should have gotten a salad though. The kids were rambunctious today too, put them to bed a little early, then Victoria and I watched a show until we went to bed. Developed a bit of a cough today, have kind of a tickle in my lungs.",6,,1,1,1,,,,,,,,,,,,1,,,1,,,270,,450,870,1350,,1,,,,,,,,,,,,,,,,,,,,,1,,,,,,,,,
2022-11-26,5,"Tossed and turned a few times. Not the best day. Went over to mana and paya's to watch the Clemson game. The boys behaved pretty well, which was nice. Then we went to steel city for dinner and victoria and I watched several more episodes of the crown. I didn't do a good job of eating today, ate too much ice cream after dinner. I had my cough again and got these blood pressure headaches, which intensified as the day went on. When I'd stand up or do something moderately intense, I'd get a throbbing headache for several seconds. Got pretty intense by the end of the day.",5,,1,1,1,,,,,186,14.2,,,,,,1,,,1,,,360,,465,1200,1335,,1,,,,,,,,,,,,,,,,,,,,,,,,,,,,,,
2022-11-27,4,"Couldn't get comfortable. Lena has also been a big pest, she won't stop crying in her pen so I have to go get her. The only way she sleeps is if she's in our bed. Not the best day. We put up Christmas stuff today and the kids didn't listen too well. I also had a short temper b/c I wasn't feeling well, low-grade headaches all day. However, they were better than yesterday. The blood pressure related headaches didn't really start until the late afternoon, and they weren't as bad as yesterday either.",4,,1,1,1,,,,,,,,,,,,1,,,1,,,360,,525,870,1305,,1,,,,,,,,,,,,,,,,,,,,,,,,,,,,,,
2022-11-28,5,"Slept pretty well. Adjusted my nest to allow me to sit more upright, stayed pretty comfortable all night. Stayed busy w/ work, real estate, and Barrington. Took care of a few lingering real estate items, mostly insurance. Then took Sammy to basketball tryouts. He did pretty well. I was impressed w/ how well he did at left handed dribbling.",6,,1,1,1,1,,,,,,,1,,,,,,,2,,,270,,390,870,1350,,1,,,,,,,,,,,,,,,,,,,,,,,,,,,,,,
2022-11-29,5,"Slept well, got Lena at 3am. Stayed busy again. Ate late b/c I was trying to get calls in while Victoria and the kids were out. Later in the day, I started getting a little light headed and my throat is starting to get sore. Took the kids to the lighting of the Christmas trees, not as bad as I was expecting. I had a bit of mild road rage on the way there, just complaining about traffic. Wasn't happy that I had that. Victoria is also upset that I haven't agreed to do the nativity scene. I just really feel uncomfortable in those situations.",6,,1,1,1,1,,,,,,,,,,,1,,,1,,,270,,390,960,1365,,1,,,,,,,,,,,,,,,,,,,,,,,1,,,,,,,
2022-11-30,2,"Poor sleep - my cold or whatever is pretty uncomfortable. Everything is stiff, I have a small headache, congestion in the back of my nose, feel a little light headed, and generally tired. Slept in to try to help, doesn't seem to have helped. Symptoms seemed to subside in the morning. I went into work and felt OK for a while, then I started feeling a little dizzy again. Left around 1:45 or so, then about as soon as I got home, my stomach started hurting. Started out feeling like really bad bloating, then it evolved into just pain, like I did a great ab workout but worse. Didn't even make any calls or do anything after I got home, just laid on the couch. It flaired up every time I moved, so I tried not to move too much. I pooped a couple of times, but that didn't help. Eventually, I threw up a little. Went to sleep on the couch around 7 and it was pulsating.",3,,1,1,1,,,,,,,,,,,,1,,,3,,,345,,420,930,1140,,1,,,,,,,,,,,,,,,,,,,,,1,1,,,,,,,,
2022-12-01,5,"Slept decently on the couch, woke myself up snoring several times. I feel much better this morning. Got a good bit of work done, but I'm feeling scattered across all of my projects. Victoria and I also seem to be getting on each other a lot recently. On my side, it feels like death by 1000 papercuts, on her side it probably feels like I'm complaining too much. Didn't eat lunch - I don't quite have my appetite back yet, but I did eat a full salad for dinner.",6,,1,,1,,,,,,,,,,,,,,,1,,,330,,390,1170,1320,,1,,,,,,,,,,,,,,,,,,,,,,,,,,,,,,
2022-12-02,5,"Not the best sleep. Couldn't really get comfortable and was dripping sweat at one point. OK day, stayed busy w/ real estate, had some good calls.",4,,1,1,1,1,,,,,,,1,,,,,,,1,,,270,,390,840,1350,,1,,,,,,,,,,,,,,,,,,,,,1,,,,,,,,,
2022-12-03,4,"Poor sleep again, couldn't get comfortable and kept waking myself up snoring. Broke my early wakeup streak today - Sammy came in at 5:30 b/c he couldn't sleep. Challenging day - kids were wild at home, then we had several activities w/ them and they dind't behave great there either. Then we had the AR athletic booster club thing, which I didn't want to go to, and stayed too long, but Victoria had a good time talking w/ her AD. He and his wife are very nice and you can tell that he really likes and respects her. Also, we had fun shower sex while the kids napped. That was cool.",4,,,,1,,,,,184.4,13.6,1,,,,,,,,1,,,360,,510,1305,1365,,1,,,,,,,,,,,,,,,,,,,,,,,,,,,,,,
2022-12-04,6,"Poor sleep again, same as last night. Very frustrating. I get this big loogie just stuck in the back of my throat and can't clear it. Had a good tennis match in the morning. Pretty relaxed day, had a lot of time to myself. After tennis, I got a few things done on the computer, made lunches for the boys, then did some more computer stuff in the evening. Stayed up too late though.",3,,,,1,,1,,,,,,1,,,,,,,1,,,360,,480,870,1320,,1,,,,,,,,,,,,,,,,,,,,,1,,,,,,,,,
2022-12-05,5,"Slept better. The elevated nest wasn't working so I laid more flat and it seemed to help. Still only on my side though. I got hot a few times and it seemed to help to just stick one of my hands out of the covers. Stayed busy today, found it difficult to stay focused on a single task at once.",5,,1,1,1,1,,,,,,,,,,,,,,1,,,270,,390,880,1290,,1,,,,,,,,,,,,,,,,,,,,,,,,,1,1,,,,
2022-12-06,5,"Slept well until about 330 and couldn't get back to sleep - Darlington was on my mind. Had to go into work for a 1:30 meeting and the morning just felt almost wasted. The meeting was pointless so that was frustrating. Nobody was home when I got home so I just worked on Barrington for a while. Got my new phone today, spent a while setting it up.",4,,1,1,1,1,,,,,,1,,,,,,,,1,,,210,,405,690,1290,,1,,,,,,,,,,,,,,,,,,,,,1,,,,,,,,,
2022-12-07,5,"Slept OK, shifted around a lot. Feeling kind of sad this morning, can't exactly pinpoint why. Another day having to go in for a late meeting, made an effort to stay productive and not waste time though. Watched The Santa Clause w/ Victoria and Sammy after dinner, was nice to just relax. Sammy cried at one point, nice to see that he has emotion.",5,,1,1,1,1,,,,,,,,,,,,,,1,,,270,,390,705,1290,,1,,,,,,,,,,,,,,,,,,,,,,,1,,,,,,,
2022-12-08,5,"Slept decently. Woke up around 330 to pee, didn't think I'd get back to sleep but I got into light sleep. Worked all day, mostly on Barrington. I'm starting to get annoyed and again questioning whether this is worth my time or not. However, I'm gaining discipline WRT identifying what a good deal is. Daniel came over this evening to hang out for a few minutes.",5,,1,1,1,1,,,,,,,,,,,,,,1,,,270,,390,855,1305,,1,,,,,,,,,,,,,,,,,,,,,,,,,,,,,,
2022-12-09,5,"Slept pretty well and comfortably. Lena had to come home b/c they said she had a fever. Of course, victoria brought Nico home so it was difficult to get anything done after that. Stayed busy w/ Barrington. I put Nico down for a nap and he refused to sleep, started whining and crying. I went up and ""intensely talked"" to him, and he threw a bear at me so I threw it back, maybe too hard. He started crying but he went to sleep. After that, we went to movie night at Beech Hill, and the boys behaved pretty well.",6,,1,1,1,1,,,,,,,,,,,,,,1,,,270,,390,840,1350,,1,,,,,,,,,,,,,,,,,,,,,,,,,,,,,,
2022-12-10,5,"Slept OK, tossed and turned. Struggled w/ Sammy today, he was difficult and made some poor decisions. Ran some errands w/ everybody in the morning/afternoon, then we had the living nativity in the evening. It wasn’t as bad as I expected, but still not something I enjoyed. Made some good mac and cheese today. I wanted to eat more before bed, but decided not to b/c of how I've been feeling the past couple of weeks on my free day.",5,,1,1,1,1,,,,181.2,13.5,,,,,,,,,1,,,360,,465,1140,1305,,1,,,,,,,,,,,,,,,,,,,,,,,,,,,,,,
2022-12-11,3,"Slept OK, rotated around a few times again. It's frustrating, but at least I'm not snoring as much anymore. Not a great day. Went to the playground in the morning for one last playdate w/ Serenity, then we were going to go grocery shopping. Victoria brought up going to eat breakfast somewhere and I didn't want to, partially b/c the boys already ate and partially b/c it's expensive and we're already spending so much on food. We ended up going to waffle house, and of course she got them chocolate milk and waffles. I'm not sure what exactly bothered me so much - part of it was spending extra money, part of it was being guilted into going, and part of it was rewarding the kids for not great behavior. Either way, it put me in a poor mood for the rest of the day unfortunately. I had some time to myself for a few hours after that, went on an appointment for Barrington, then came home and relaxed a bit before doing the monthly finances. Couldn't shake the negative vibe I had for some reason.",5,,,1,1,,,,,,,,,,,,,,,1,,,360,,660,900,1260,,1,,,,,,,,,,,,,,,,,,,,,,,,,,,,,,
2022-12-12,5,"Slept well, rolled around a few times though. Went to bed early and I woke up before my alarm. Stayed in bed though and got some more light sleep. Both Nico and Lena have hoof and mouth disease so they'll be home from school for the next couple of days. Trying not to preemptively suffer from that. I'm wondering if my mouth sores are hoof and mouth that I got from the kids.",6,,1,1,1,1,,,,,,,,,,,,1,,1,,,270,,390,900,1320,,1,,,,,,,,,,,,,,,,,,,,,,,,,,,,,,
2022-12-13,5,"Slept pretty well, still rolled around a bit. Not looking forward to today w/ both kids home and Victoria has to go in to proctor a test the next 2 or 3 days. Surprisingly decent day. It helped that Lena slept until about 11. I was able to get a decent bit done during the day. More than I expected anyway.",6,,1,1,1,1,,,,,,,1,,,,,1,,1,,,270,,405,900,1320,,1,,,,,,,,,,,,,,,,,,,,,,,,,,,,,,
2022-12-14,5,"Slept OK but Nico woke us up a couple of times. Also, I got up to pee and as soon as I got back into bed my alarm went off. Unfortunately, I stayed in bed another 10 minutes before getting up for some reason. I had Nico and Lena again today and they did pretty good. I didn't get a whole lot of work done, but I took them on a ride w/ me to pick up a lock box. Nico did pretty well all day. Played some good tennis in the evening too.",5,,1,1,1,1,1,,,,,,,,,,,1,,2,,,270,,390,1260,1320,,1,,,,,,,,,,,,,,,,,,,,,1,1,,,,,,,,
2022-12-15,5,"Slept pretty well but Sammy woke us up a couple of times. Stayed in bed about 10 minutes after my alarm. OK day, nothing special. Victoria and Corey went to Halls tonight and had a great experience. It would have been nice to go, but I stayed home w/ the kids b/c I didn't want to ask Veronica to watch them. I played cards w/ Sammy and had fun, then Lena woke back up. We just hung out on the couch and watched a show, she was fun and just chewed on some toys for a while. I was going to send Victoria a text w/ Lena screaming while she was at dinner, but I didn't want to ruin her evening or make her rush. Glad I didn't do that, she really enjoyed the evening.",5,,1,1,1,1,,,,,,,,,,,,1,,2,,,270,,390,870,1330,,1,,,,,,,,,,,,,,,,,,,,,,,,,,,,,,
2022-12-16,5,"Slept pretty well, don't feel like I moved around too much. OK day, did a lot of Barrington but it feels like it's not going anywhere. Had some time to myself in the evening and I'm having trouble unplugging from work - there's always something to do. I also ate the leftovers from Victoria and Corey's Hall's dinner and it was fantastic. Felt sick later in the evening from it but even being heated up, it's one of the best meals I've had.",6,,1,1,1,1,,,,,,,1,,,,,1,,1,,,270,,390,870,1380,,1,,,,,,,,,,,,,,,,,,,,,,,1,,,,,,,
2022-12-17,6,"Slept well but woke up early and didn't get back to sleep so I just cuddled Victoria for a bit. Sammy came in several times starting around 515. After morning tennis, we went to a party in the cul de sac for the kids, it was decent. Sofia and Veronica are upset at Victoria, and Sofia dropped off a bunch of clothes that Victoria lent her w/ a long note. The note was ridiculous and just shows that Sofia doesn't get anything. We laughed and talked about the note a lot during the day. We shouldn't have, but it was funny and easy to do. At the end of the day, Victoria and I just hung out on the couch and talked. That was nice.",5,,,1,1,,1,,,183.4,13.2,,,,,,,1,,1,,,315,,450,1110,1260,,1,,,,,,,,,,,,,,,,,,,,,1,,,,,,,,,
2022-12-18,5,"Slept pretty well, back in the elevated position b/c Victoria said I've been snoring a lot lately. OK day today, but lots of stuff stemming from Sofia's letter. Went to church w/ mana and paya, then grocery shopping and got lunch. Hung out for a while w/ the boys, then after they went to bed victoria spoke on the phone w/ her parents for a long time and it just made things worse.",6,,1,1,1,,,,,,,,,,,,,1,,1,,,360,,480,990,1380,,1,,,,,,,,,,,,,,,,,,,,,,,,,,,,,,
2022-12-19,6,"Slept OK, just not enough. Woke up and cuddled instead of lifting, figured it would be OK to take the whole week off. Drove to atlanta today, the kids did ok. Lena did very well. The drive went pretty well. We ate some good hot pot at night too.",5,,1,1,1,,,,,,,,1,,,,,1,,1,,,270,,480,1260,1350,,1,,,,,,,,,,,,,,,,,,,,,,,,,,,,,,
2022-12-20,6,"Slept OK but lena was w/in reach. OK day in Atlanta, met the Indians at the children's museum then got lunch. The kids were a bit out of control at lunch, I may have been too aggressive w/ Sammy. Went to the botanical gardens to see the lights in the evening, they were pretty cool. Kids did more or less OK there.",4,,1,,1,,,,,,,,,,,,,1,,2,,,345,,540,1260,1320,,1,,,,,,,,,,,,,,,,,,,,,1,,,,,,,,,
2022-12-21,6,"Very poor sleep. Sammy woke us up shortly after going to bed b/c his leg hurt, then Nico came over a little while later. I brought him up to sleep but he moved around a lot so I put him back in his closet. Lena moved around a lot too, didn't sleep much. Last day in Atlanta, the kids didn't do a great job listening and I got very frustrated. Drove to Greenville though and hung out w/ Casey in the evening. Mouth sores are still pretty bad and I started getting hemorhoids today too.",2,,1,,1,,,,,,,,,,,,,1,,2,,,315,,540,1110,1335,,1,,,,,,,,,,,,,,,,,,,,,,,,,,,1,,,
2022-12-22,9,"Slept pretty well at Casey's house. Had a good day w/ the guys. Chopped down a tree at Casey's then went to hang out at Joe's. Got lunch at an Afghan place, came back and played a board game, then got dinner at Thai, and came back to hang out some more. Had a lot of interesting conversations and it was nice hanging out w/ everyone again.",5,,1,,1,,,,,,,,,,,,,1,,0,,,405,,540,1260,1425,,1,,,,,,,,,,,,,,,,,,,,,,,,,,,1,,,
2022-12-23,8,"Slept pretty well just not enough. Drove back home, left Casey's around 5:15 or so. Was nice to see victoria and the kids when I got home. Did some kid stuff in the morning, went grocery shopping, got a lift in w/ Chris, then ate at Halls for dinner.",5,,1,,1,1,,,,,,,,,,,,1,,1,,,270,,360,1290,1380,,1,,,,,,,,,,,,,,,,,,,,,1,,,,1,,1,,,
2022-12-24,8,"Slept OK, woke up well before my alarm though and struggled to get back to sleep. Light sleep until about 7. OK day, hung out w/ the kids, church wasn't horrible, then we came back and ate and played a game.",5,,1,,1,,,,,188.6,14.9,1,,,,,,1,,1,,,315,,780,1260,1439,,1,,,,,,,,,,,,,,,,,,,,,,,,,,,,,,
2022-12-25,8,"Slept pretty well and the kids slept in until about 7:30. The kids really enjoyed their presents, especially the ones that used to be mine. Went over to Brian and Veronica's for a bit, then mana and paya's. The kids got a lot of nice gifts. Food was just OK at mana and paya's. My mouth sores really put a damper on things for me. I made some great zupa tuscana, but it was challenging to eat.",6,,,,1,,,,,,,,,,,,,1,,1,,,450,,690,1170,1320,,1,,,,,,,,,,,,,,,,,,,,,,,,,,,,,,
2022-12-26,8,"Slept on some new pillows. It was comfortable, but I woke myself up snoring many times and couldn't sleep well until after my alarm went off. Went over to the Grahams and set up their vacuum and bidets, then came back to catch up on some computer work. Went back over for dinner and a card game.",3,,1,1,1,1,,,,,,1,,,,,,1,,2,,,270,,735,1200,1320,,1,,,,,,,,,,,,,,,,,,,,,1,,,,,,,,,
2022-12-27,5,"Slept better on the new pillows. Feels like my mouth sores are finally gone, that was miserable. Spent most of the day doing Barrington, also had some calls regarding the Darlington portfolio. I'm getting more and more nervous about that project but trying to stay calm. Sammy had basketball practice tonight and he seemed like he was more engaged and had fun.",6,,1,1,1,1,,,,,,,,,,,,1,,2,,,270,,390,900,1320,,1,,,,,,,,,,,,,,,,,,,,,,,,,,,,,,
2022-12-28,5,"Slept well, more comfortable with the new pillows. Stayed in bed for 20+ minutes after my alarm b/c I was tired and comfortable. Now I just need to go to bed earlier. Had to go into work, but I was able to sneak in and out quickly. Felt like I spun my wheels again today, not really making progress on anything. Forced myself to make some uncomfortable calls w/ Barrington so that was good. Making an effort to drink more water starting today.",6,,1,1,1,1,,,,,,,1,,,,,,,2,,,270,,420,870,1320,,1,,,,,,,,,,,,,,,,,,,,,,,,,,,,,,
2022-12-29,6,"Slept well until about 2:45 when Lena started kicking me. Hemorrhoids also started bothering me, although I feel like today it was more of a hygene issue. Surprisingly, I didn't get up to pee last night even though I drank much more water than usual (at least a gallon). No workout in the morning b/c I'm having a breakfast meeting w/ Rick to discuss Darlington. Did some Darlington work most of the morning, then Corey's brother and girlfriend came over. Talked w/ them for a bit, then played w/ the kids while everyone else talked. Did a little Barrington in the afternoon while everyone else was away. I was worn out from the computer by the end of the day so I went to bed a little earlier than usual.",5,,1,1,1,,,,,,,,1,,,,,,,1,,,270,,435,750,1275,,1,,,,,,,,,,,,,,,,,,,,,,,1,,,,1,,,
2022-12-30,8,"Slept well and very comfortably until about 3:30 when my hemorrhoids woke me up. Very frustrating. I was able to get back to light sleep until my alarm went off, but I was up for at least half an hour. Good day today. Did a little F4 work, had a few good Barrington offer calls, had some good cold calls from a list, got an offer on a Darlington property, took down christmas ornaments, and had a good tennis match.",5,,1,1,1,1,1,,,,,,,,,,,,,3,,,270,,390,1260,1380,,1,,,,,,,,,,,,,,,,,,,,,,,,,,,1,,,
2022-12-31,6,"Slept super deep until I got up to pee, then good sleep the rest of the night. Alarm went off at 6 but I went back to sleep. OK day today, nothing special. I shaved my beard today (to the skin) and victoria cut several inches off of my hair. Went over to Mana and Paya's and installed a toilette, then went to dinner w/ the Grahams. I did pretty well eating today, didn't go crazy. Really wanted to pig out after getting home but I resisted.",9,,1,1,1,,,,,188.6,15,1,,,,,,,,1,,,430,,600,1260,1335,,1,,,,,,,,,,,,,,,,,,,,,,,,1,,,1,,,
2023-01-01,6,"Slept well and slept in again. OK day. Sammy (fish) died, and Sammy (kid) was a little upset, but he helped flush him and clean out his tank. Went to drop the kids off w/ Victoria at her parents and was going to come back and get some stuff done, but I ended up staying and playing. Sammy did a good job learning how to hoverboard.",8,,,,1,,,,,,,,,,,,,,,1,,,450,,765,840,1320,,1,,,,,,,,,,,,,,,,,,,,,,,,,,,1,,,
2023-01-02,5,"Slept well for a while but woke up around 230 or so and struggled to get back to sleep for a while. Also laid in bed for 20 minutes after my alarm. OK day, started off w/ a lift, went to the pool w/ the kids, played tennis (poorly), then came home to do some house work. My vasectomy is still scheduled for this Thursday, Victoria's not happy about it. We talked about it briefly, but not in depth.",4,,1,1,1,1,1,,,,,,,,,,,,,1,,,270,20,405,930,1320,,1,,,,,,,,,,,,,,,,,,,,,1,1,,,,,,,,
2023-01-03,6,"Felt like very light sleep all night. I think I slept most of the night, but not very deeplly. The past two nights, Victoria and I had tea before bed, that might be causing poor sleep. Decent day, mostly Barrington stuff. Sammy had basketball and scored 2 baskets during his scrimmage, which was awesome. Made some progress on Darlington as well.",4,,1,1,1,1,,,,,,,,,,,,,,2,,,270,10,405,840,1320,,1,,,,,,,,,,,,,,,,,,,,,,,1,,,,,,,
2023-01-04,6,"Slept well but had a weird dream so I woke up pretty anxious, took me a while to realize why. Took a walk w/ Victoria in the middle of the day, which was nice, but we ended up talking about my vasectomy, which is supposed to be tomorrow. I ended up postponing it again. I'm extremely frustrated, but not surprised. Stayed up later than usual, but I talked w/ Daniel on the phone for about an hour and it was a good conversation - we hadn't talked in a while and it was nice to catch up.",6,,1,1,1,1,,,,,,,,,,,,,,1,,,270,3,390,780,1350,,1,,,,,,,,,,,,,,,,,,,,,,,,,,,,,,
2023-01-05,6,"Slept well for a while but woke up around 230 or 3 (didn't check the time) and couldn't get back to good sleep. No reason at first, but then Darlington got stuck in my mind. I ate lunch about an hour earlier than normal, I wonder if that had anything to do w/ not being able to sleep as long. Very busy day, mostly Barrington. On the cusp of feeling overwhelmed, need to take some time to do stuff for work and Darlington.",3,,1,1,1,1,1,,,,,,,,,,,,,2,,,270,3,410,1230,1320,,1,,,,,,,,,,,,,,,,,,,,,1,,,,,,,,,
2023-01-06,6,"Slept well but got woken up in the middle of good sleep by my alarm. Took the morning off lifting b/c I've got to catch up on some work. Stayed busy all day, got frustrated w/ an in-person Barrington meeting that was a complete waste of about 2 hours. Watched ""this is 40"" w/ victoria at night and enjoyed it together.",8,,1,1,1,,,,,,,,,,,,,,,1,,,270,10,615,870,1410,,1,,,,,,,,,,,,,,,,,,,,,,,,,,,,,,
2023-01-07,6,"Slept well just not enough. Sammy had basketball in the morning and he looks like he's putting more effort in, still doesn't quite get it though. Had some time to myself after basketball, did some cooking and got my oil changed. I made some pretty good soup. Then went to the Graham's and played pickleball for a while, and Victoria and I watched a movie (glass onion) after the kids went to bed.",6,,,,1,,,,,185,13.8,1,,,,,,,,1,,,410,25,630,1170,1365,,1,,,,,,,,,,,,,,,,,,,,,1,,,,,,,,,
2023-01-08,6,"Slept well. Alarm went off at 6 and I couldn't decide if I should get up or try to go back to sleep - wasted about 45 minutes just laying there. Had several hours to myself again, I need to be more effective when I have this down time. I got a few things done but could have done more. Victoria cut my hair again today, it's not horrible haha. Sammy asked to play a board game so that was fun. Tennis in the evening.",8,,1,1,1,1,1,,,,,,,,,,,,,1,,,360,45,630,1230,1335,,1,,,,,,,,,,,,,,,,,,,,,1,1,,1,1,1,,,,
2023-01-09,4,"Slept well until I got up to pee, then never really got back to sleep. I was comfortable and didn't really have anything on my mind, I just couldn't sleep. Also took a bit longer to fall asleep than usuall, 10-15 mintues. Busy w/ Barrington today but a bunch of go nowhere calls, very frustrating. Also felt like I yelled at Sammy all day and I was in my own head for a lot of the afternoon.",3,,1,1,1,1,,,,,,,,,,,,,,2,,,210,,405,930,1320,,1,,,,,,,,,,,,,,,,,,,,,,,,,,,,,,
2023-01-10,4,"Slept well other than Nico waking up w/ a nightmare sometime in the middle of the night. I brought him in and he didn't keep still. Very tired when my alarm went off, stayed in bed an extra 20+ minutes. Nico and Lena stayed home sick today and Victoria took care of them. I had a lot of offer calls w/ Barrington and none of them are going anywhere. I feel like my daily score is currently correlated to how I feel about Barrington work. I'm also currently feeling a bit overwhelmed w/ Barrington, Darlington, and actual work. Didn't make time to make lunch so I had a late dinner and went to bed earlier than usual, but still later than I would have liked. Exhausted at the end of the day.",4,,1,1,1,1,,,,,,1,,,,,,,,1,,,270,22,390,1155,1280,,1,,,,,,,,,,,,,,,,,,,,,,,,,,,,,,
2023-01-11,5,"Poor sleep again. Woke up around 140 to pee and struggled to get back to sleep, probably got a bit of light sleep. Darlington was on my mind, but it was also like I was searching for something to keep me awake. OK day, stressful b/c Nico and Lena were home though. Nico was fine, Lena cried a lot.",4,,1,1,1,1,,,,,,,,,,,,,,1,,,270,4,390,810,1320,,1,,,,,,,,,,,,,,,,,,,,,,,,,,,,,,
2023-01-12,5,"Good sleep, tired when I woke up. Stressful day again, Nico had to stay home again which wasn't a big deal, but Lena stayed home too and she cried a lot again. I got very frustrated b/c it's hard to concentrate w/ all of the noise.",8,,1,1,1,1,1,,,,,,,,,,,,,2,,,270,5,390,1290,1350,,1,,,,,,,,,,,,,,,,,,,,,1,,1,,,,,,,
2023-01-13,4,"Slept well, busy morning getting ready for PA. Got a lot of work work done before kids got up though, very productive. Hurt my foot last night in tennis, hopefully it doesn't turn into anything major. Flew up to PA today, the kids did OK on the first flight and Nico and Lena did poorly on the second. See Monday for trip summary. Got into Grandma's and hung out w/ her and Doug for a while, nice to see them again. The kids did pretty well playing w/ blocks on the floor.",6,,1,1,1,,,,,,,,,,1,,,,,1,,,270,0,480,1170,1290,,1,,,,,,,,,,,,,,,,,,,,,,,,,,,,,,
2023-01-14,6,"Not great sleep, Nico and Lena make a lot of noise in their sleep. The kids enjoyed the breakfast fairy in the motel, then we went over to grandma's for breakfast. After that, I went outside w/ the boys and my dad to play football and it got too rough - lots of crying from both of them. Then we went to the barn and the kids liked that. Then we drove around to a lot of places, it was nice to see what all changed and stayed the same. Nico was really whiney all day. We ate way too late, but it was really good Sichuan food.",5,,,,1,,,,,,,,,,,,,,,1,,,345,,600,1245,1305,,1,,,,,,,,,,,,,,,,,,,,,,,,,,,,,,
2023-01-15,6,"Really poor sleep, breakfast fairy, then grandma's again. Went back out to the barn then the kids liked playing in the bamboo. Went over to Todd and Laura's and hung out for a while. They were supposed to come over for dinner but changed their minds. Too bad, I would have liked to hang out w/ Todd and Laura but it seems like they don't like coming around at all anymore. Had fun talking w/ dad, Doug, and Grandma after dinner about various things too.",3,,,,1,,,,,,,,,,,,,,,2,,,360,,570,1185,1320,,1,,,,,,,,,,,,,,,,,,,,,,,,,,,,,,
2023-01-16,4,"Woke up very early for our flight. Nico was super whiney again. Nico and Lena slept the first flight but were in pretty bad moods the second. Nice to be home. Super tired after getting home, but I played w/ the boys for a while before I passed out for a bit, then I went grocery shopping. Trip Summary: It was nice seeing everyone again but it was very difficult traveling w/ the kids. Lena wasn't horrible, but all of the extra things we needed for her were cumbersome. She was also pretty fussy a lot, but it's likely b/c she's super constipated. Nico was just miserable the whole trip. He had strep before we left but he got some medicine that helped. Incredibly whiney the whole time and just very difficult to deal with. I lost my patience many times.",5,,1,,1,,,,,,,,1,,,,,,,2,,,210,5,255,840,1190,,1,,,,,,,,,,,,,,,,,,,,,1,,,,,,,,,
2023-01-17,4,"Went to sleep pretty early last night, slept well. Took a while to get out of bed though, contemplated just sleeping until 6 to catch up on rest but wouldn't have been able to get back to sleep. Not a great start to the day. Had to take Lena to the doctor and they didn't see us until 52 minutes after the apointment. I did not do the best job of keeping it together in there while we were waiting. Didn't really get to start working until about 12 or 12:30.",8,,1,1,1,1,,,,,,,,,,,,1,,0,,,270,17,390,870,1320,,1,,,,,,,,,,,,,,,,,,,,,,,,,,,,,,
2023-01-18,6,"Uneasy sleep, had a frustrating dream. Took a while to get out of bed again. Busy day w/ work and Barrington, enjoyed it for the most part. Played w/ the boys outside for a bit. Started a very light cold today.",4,,1,1,1,1,,,,,,,1,,,,1,1,,1,,,270,14,405,735,1320,,1,,,,,,,,,,,,,,,,,,,,,,,,,,,,,,
2023-01-19,6,"Good sleep, although I went to sleep initially around 915 last night, I woke up about 20 minutes later for some reason. Went into work today to meet a new engineer, hung out for a bit. Came home and had some good Barrington calls, feeling optimistic about a few of them. Good tennis in the evening. Cold is still very light, not very bothersome.",8,,1,1,1,1,1,,,,,,,,,,1,1,,1,,,270,2,390,530,1365,,1,,,,,,,,,,,,,,,,,,,,,1,,,,,,,,,
2023-01-20,8,"Slept well, just not enough. Thought about skipping my lift today but glad I went through with it. Good day w/ Barrington, very close on several houses. Had most of the day to myself but I did not optimize my time. Dicked around more than I should have.",8,,1,1,1,1,1,,,,,,1,,,,,1,,1,,,270,0,405,1260,1380,,1,,,,,,,,,,,,,,,,,,,,,,,1,,,,,,,
2023-01-21,5,"Poor sleep, couldn't get comfortable. Woke up probably sometime before 5 and struggled to get back to sleep. Had a lot of the day to myself, got a lot of stuff done that had fallen behind. Whole body was pretty sore and achey today, not sure if I’m coming down w/ something or if I'm sore from tennis/lifting the past 2 days.",3,,1,1,1,,,,,186.2,14,,,,,,1,1,,2,,,360,2,660,1200,1320,,1,,,,,,,,,,,,,,,,,,,,,,,,,,,,,,
2023-01-22,4,"OK sleep, body still achey so it was a little difficult to get comfortable. Just me and Lena for a couple of hours in the morning, it was OK. Had time to myself in the early afternoon but didn't use it well, then started feeling sick again in the late afternoon. Body is still very achey.",5,,,,1,,,,,,,,,,,,1,,,2,,,420,,615,975,1290,,1,,,,,,,,,,,,,,,,,,,,,1,,,,1,,,,,
2023-01-23,5,"Poor sleep, struggled to get comfortable and was very sweatty. Lena woke us up around 4ish and didn't get back to sleep after that. Still feeling sick and achey. Got a contract signed w/ Barrington today, but not super excited about it. Might have overpaid for it. We'll see what happens. Nico threw up after swimming so Victoria had me get him out of bed and we cuddled and slept on the couch for a while. That was pretty nice.",4,,1,1,1,1,,,,,,,,,,,1,,,2,,,240,,390,960,1290,,1,,,,,,,,,,,,,,,,,,,,,,,,,,,,,,
2023-01-24,5,"Slept through the night, not the most comfortable. Also dripping sweat again, likely from whatever cold I have. OK day, nothing special. Felt very tired in the late afternoon, likely from whatever I'm getting over.",5,,1,1,1,1,,,,,,,,,,,1,,,2,,,270,0,390,900,1290,,1,,,,,,,,,,,,,,,,,,,,,,,1,,,,,,,
2023-01-25,5,"Slept through the night, pretty comfortable. Still dripping sweat, but at least I'm not as achey. Sore throat is getting better. Broader, less sharp. OK day, lots of work w/ Barrington but I'm really not organized and as efficient as I could be. Need to spend time and schedule things out, not just w/ Barrington.",8,,1,1,1,1,,,,,,1,,,,,1,,,1,,,270,2,390,810,1310,,1,,,,,,,,,,,,,,,,,,,,,1,1,,,,,,,,
2023-01-26,8,"Slept through the night again, pretty comfortable. Still dripping sweat but continuing to feel better mentally and physically. Lena was sick again, I am not handling it well having to deal with that during the work day. Went to see Gaffigan w/ Casey tonight, it was a great show. Then we went to get hot pot after and I really enjoyed talking with him. Went to bed super late.",8,,1,1,1,1,,,,,,,,,,,,,,1,,,270,2,390,1335,1435,,1,,,,,,,,,,,,,,,,,,,,,,,,,,,,,,
2023-01-27,5,"Tried to sleep in after the 4:30 alarm and of course I couldn't. Had to go get Lena again (I went to daycare 3 times today). Falling behind on Barrington but I mostly caught up, need to figure out how to organize myself better. Daniel came over for a bit in the evening, nice talking w/ him too. Only ate one meal today, definitely wasn't enough.",5,,1,1,1,,,,,,,1,,,,,,,,1,,,270,45,705,720,1290,,1,,,,,,,,,,,,,,,,,,,,,,,,,,,,,,
2023-01-28,5,"Not bad but not good sleep, struggled to get comfortable. Sammy scored a basket in bball this morning, that was awesome. Took him to Perkins to celebrate. I had a few hours to myself after that, did some laundry and seasoned my griddle. Then we went grocery shopping, dinner, and bed. Sammy still refuses to dry his hands after washing them and I spanked him pretty hard twice. I don't know what's going on.",5,,1,1,1,,,,,184,13.8,,,,,,,,,1,,,390,,490,1220,1350,,1,,,,,,,,,,,,,,,,,,,,,,,,,,,,,,
2023-01-29,5,"OK sleep, not the best. OK day, got a lot of house stuff done while everyone was at church then hit w/ Gregg and Daniel. Hung out w/ the kids then dinner. Sammy was arguing about eating his food and then asked for water. I didn't let him get any and he said ""why are you so mean?"". Not sure if I'm being mean for mean-sake or if I'm just trying to get him to eat his food/listen. Interesting.",5,,,,1,,1,,,,,,,,,,,,,1,,,435,,670,1190,1320,,1,,,,,,,,,,,,,,,,,,,,,1,,,,,,,,,
2023-01-30,5,"Pretty good sleep, woke up tired though. Have to go into work today, but it was quick and I was back by about 11. Victoria brought the kids home early and I just struggle to get stuff done when they're here. Went to bed too late, stayed up watching a couple of dumb youtube videos. Also shifted my eating to later, was supposed to have a tennis match but it got rained out. Also, I've found that when I push my eating window back, I snack a little bit before I actually start eating. Specifically, I like the french onions for some reason. Need to do better about that.",6,,1,1,1,1,,,,,,,,,,,,,,1,,,270,6,710,1185,1350,,1,,,,,,,,,,,,,,,,,,,,,,,,,,,,,,
2023-01-31,5,"Slept well and comfortably. OK day, made a lot of Barrington calls. Am I wasting my time doing this or am I gaining valuable skills? I can't quite tell yet.",8,,1,1,1,1,,,,,,1,,,,,,,,2,,,270,2,400,810,1290,,1,,,,,,,,,,,,,,,,,,,,,,,1,,,,,,,
2023-02-01,6,"Slept well and comfortably. Got a contract signed w/ Barrington today but not optimistic about it. Had to drive a while, but enjoyed listening to podcasts. Struggling to balance work, Barrington, Darlington, and family.",8,,1,1,1,1,,,,,,,,,,,,,,2,,,270,0,390,945,1365,,1,,,,,,,,,,,,,,,,,,,,,1,1,1,,,,,,,
2023-02-02,5,"Slept well, woke up around 345 and got back to light sleep for 45 minutes. Didn't get up to pee again, not sure what's going on w/ that. Busy day w/ Barrington again. Wasn't unhappy, just continuing to wonder if I'm using my time wisely.",8,,1,1,1,1,,,,,,,,,,,,,,1,,,270,0,390,900,1295,,1,,,,,,,,,,,,,,,,,,,,,,,1,,,,,,,
2023-02-03,8,"Slept well again but woke up early. Was able to get back to sleep. I wonder why I've been sleeping well and not having to get up to pee? Great day productivity-wise. Several good calls w/ Barrington and got 2 solid verbals. Feeling pretty pumped about my progress. However, I'm cognisant of that and trying not to let it go to my head. I got on some sales training again this evening to bring me back down. Got some work work stuff done after hours too. Skipped lunch again - I need to figure out a way to eat quickly - may need to get back to making meat mush in bulk. Not my favorite but I need to keep progressing w/ Barrington and making calls when the house is empty.",8,,1,1,1,1,,,,,,,1,,,,,,,1,,,270,0,390,1140,1439,,1,,,,,,,,,,,,,,,,,,,,,,,1,,,,,,,
2023-02-04,5,"Went to bed way too late. Didn't sleep great either. Nico came in around 5:30, didn't really get to sleep after that. Victoria and I cuddled though so that was nice. I had the kids alone this morning for a bit. They did well but Nico pooped and peed in his diaper again, not sure what's going on. Lunch w/ the Grahams at Fleet Landing, pretty disappointing. We stopped into the Robert Lang studio though and that was cool. Nico was beligerent by the time we got home. I made some ganache after the kids went to bed and it was good. However, for some reason, I downloaded candy crush after I went to bed and played for over 3 hours. Very disappointed in myself. Stayed up way too late.",4,,,,1,,,,,184.6,13.4,1,,,,,,,,1,,,420,,525,1230,45,,1,,,,,,,,,,,,,,,,,,,,,,,,,,,,,,
2023-02-05,6,"Alarm woke me up at 6 and that's when Nico came in. I spanked him and tried to get back to sleep. Struggled for a while but eventually got up at 8:30, was frustrated at myself for staying up so late but kept reminding myself that it's already done and it's not helpful to continue to stew over it, which helped. Deleted candy crush in the mornging. Had some time to myself while everyone was at church. Got a lot done, but avoided doing the planning/thinking tasks that I need to - laying out my schedule and figuring out how to make the best use of my time during the day. Did some crafts w/ Sammy then good tennis in the evening. After tennis, I came home and ate and checked in on emails. After that, instead of going right to bed, I checked Youtube to see if there was anything to watch. I've been doing that more frequently recently and I need to stop. I don't need any distractions.",4,,,,1,,1,,,,,,,,,,,,,1,,,510,,765,1240,1310,,1,,,,,,,,,,,,,,,,,,,,,1,,,,1,,,,,
2023-02-06,5,"Not the best sleep, Sadie moved around a lot. Pretty average day. I did enjoy looking forward to tennis several times throughout the day. The kids misbehaved pretty badly after swimming and on the way home (mostly sammy), not sure how to get through to him.",4,,1,1,1,1,1,,,,,,,,,,,,,1,,,270,0,400,1290,1350,,1,,,,,,,,,,,,,,,,,,,,,1,1,,,,,,,,
2023-02-07,5,"Slept OK, no cramps b/c I drank pickle juice when I got home. Could have lifted but thought it better not to, rested/light sleep on the couch after morning things. Pretty average day, not much to report.",6,,1,1,1,,,,,,,1,,,,,,,,0,,,270,3,495,870,1170,,1,,,,,,,,,,,,,,,,,,,,,1,,,,,,,,,
2023-02-08,6,"Slept OK but tossed and turned a little. Went into work, turns out I didn't have to. Went to the chiro though, was nice chatting w/ him. Took advantage of some time in the afternoon doing some Barrington stuff. Had a good tennis match in the evening but lost. However, I got a signed contract while I was playing so that helped lift me up. Slight injury w/ my left arm, feels like a nerve thing.",5,,1,1,1,1,1,,,,,,,,1,,,,,2,,,270,8,420,1260,1365,,1,,,,,,,,,,,,,,,,,,,,,1,,1,,,,,,,
2023-02-09,6,"Slept well just not enough. Tried to go back to sleep after the alarm but couldn't. Then Nico got up around 5 and had poop, so I just got up. No workout b/c I wanted to rest - legs are dead after tennis this week. Pretty good day today, had lunch w/ the Barrington guys. However, later in the day, I was trying to finalize a contract and missed out on tennis w/ sammy and some play time.",6,,1,1,1,,,,,,,1,,,1,,,,,1,,,270,30,405,810,1305,,1,,,,,,,,,,,,,,,,,,,,,,,,,,,,,,
2023-02-10,5,"Couldn't get comfortable and Sadie woke me up a few times. Day was Ok, had some good Barrington stuff but a few things fell through too. Went to a walking dessert thing in dt Summerville (hence the late eating, it really wasn't much though) and it was a bust. Victoria was disappointed that I wasn't as supportive of this activity (and others similar to it) and I probably should do a better job.",4,,1,1,1,1,,,,,,,,,3,,,,,1,,,270,3,405,1110,1290,,1,,,,,,,,,,,,,,,,,,,,,,,1,,,,,,,
2023-02-11,4,"Another night of restless sleep. Got up at 6 (Nico) and tried to get back to sleep but couldn't. Wanted to get up and get stuff done but decided to cuddle. Of course, we were rushed when trying to get out the door then. I didn't eat breakfast, which is fine, but Victoria wanted to get stuff done after bball and was going to be annoyed by me cooking so I just decided not to eat today. Definitely got hungry, but it wasn't so bad. I still drank my gallon of water and put salt in the last 1/2 gallon, not sure if that did anything. I definitely feel cold and I'm not 100% mentally, but otherwise not too bad. Victoria and I had a long conversation about our relationship again, focusing mainly on religion and how I'm not participating in church.",4,,1,,1,,,,,187,14.4,,,,2,,,,,1,,,360,,,,1290,,1,,,,,,,,,,,,,,,,,,,,,,,,,,,,,,
2023-02-12,6,"Slept pretty well. Alarm went off at 6 and got up at 6:30 b/c Nico. Was looking forward to eating today, but messed up my fetucchini alfredo for breakfast. We had the neighbors over for valentines day and I enjoyed talking w/ Dan and Steven. Ate way too much.",6,,,,1,,,,,183.2,13.4,,,,1,,,,,1,,,360,,465,1170,1340,,1,,,,,,,,,,,,,,,,,,,,,,,,,,,,,,
2023-02-13,5,"Slept OK, woke up around 3 to pee, only got light sleep after that. Feel like crap today, ate way too much shit yesterday. Disgusted and disappointed with myself. Feel a little nauseous, only had a shake after workout b/c not hungry. Not much appetite throughout the day. Sammy started tball today (in addition to swimming) and it looks like an odd group. Crappy tennis opponent tonight, which was disappointing. Throat started feeling pretty sore before bed and had a big lump in the back of my throat.",5,,1,1,1,1,1,,,,,,,,1,,1,,,1,,,270,0,390,1290,1395,,1,,,,,,,,,,,,,,,,,,,,,1,,,,,,,,,
2023-02-14,4,"Poor sleep - throat is more sore and the lump in my throat didn't go away. Don't feel like I slept much at all. Tried to go to sleep on the couch after getting up but Nico and Lena kept waking up. Throat was sore in the morning but I took an 800mg motrin and that worked. Got a lot of calls in but the motrin started wearing off around 3:30 and I got progressively worse, mostly my throat but also light headed, very cold, and a little achey. Went to the doctor in the evening, strep and covid both came back negative.",2,,1,1,1,,,,,,,,1,,1,,1,,,1,,,270,0,405,765,1260,,1,,,,,,,,,,,,,,,,,,,,,,,,,,,,,,
2023-02-15,3,"Very poor sleep. Slept on the couch, which was comfortable, but I woke myself up about every 30 minutes by snoring and my throat was killing me. Feeling ok (not good though) other than my throat. Took a small nap in the morning after the kids went to school, started feeling better as the day went on but throat was still sore.",1,,,,1,,,,,,,,,,1,,1,,,1,,,360,0,540,1200,1320,,1,,,,,,,,,,,,,,,,,,,,,1,1,,,,,,,,
2023-02-16,5,"Better sleep but not great, still woke myself up snoring a good bit. Feeling much better today, but went back to sleep after my alarm went off at 4:30 so I could rest up a little more. Good day w/ Barrington, got a few verbals but one that I thought was a lock backed out. Wasted about an hour on youtube this evening for some reason. Ate later than normal b/c I just haven't been eating enough the past few days. Also haven't been drinking enough water.",3,,,,1,,,,,,,,1,,1,,1,,,1,,,360,0,510,1200,1370,,1,,,,,,,,,,,,,,,,,,,,,,,,,,,,,,
2023-02-17,5,"Slept well last night, just stayed up too late dicking around. Lots of Barrington work again today, was supposed to get 2 contracts but neither signed. Getting frustrated but also adjusting my expectations and learning to temper my excitement when I get verbals. Worked later than I would have liked (only 4:30 or so), should have spent time w/ the kids.",6,,1,1,1,1,,,,,,,,,1,,,,,1,,,270,3,390,1155,1335,,1,,,,,,,,,,,,,,,,,,,,,,,,,,,,,,
2023-02-18,6,"Not the best sleep - coldn't get comfortable and snored a lot. Basketball in the morning then I came home an hung out w/ Nico. It's a lot more enjoyable when the boys are 1 on 1 instead of together. Then when Lena got up, we started getting some housework done. Victoria came home (w/o Sammy) and we got a lot more work done. Nico did a great job by himself in the room w/ us. It's frustrating b/c if Sammy was there it would have been a lot different.",4,,,,1,,,,,,,,,,1,,,,,1,,,360,35,495,750,1290,,1,,,,,,,,,,,,,,,,,,,,,1,1,,,,,,,,
2023-02-19,5,"Slept decently but snored a lot again. Nico's birthday today - went over to mana and payas, stayed for a while. I got pretty bored but everyone else was having fun. Then we went to the Graham's for the second part of Nico's birthday. I had fun playing football w/ sam and nico and just kind of hanging out outside w/ the neighbors.",5,,1,,1,,,,,184,14.2,,,,1,,,,,1,,,360,3,495,1215,1290,,1,,,,,,,,,,,,,,,,,,,,,,,,,1,,,,,
2023-02-20,6,"Decent sleep. About 45 minutes after going to sleep, victoria woke me up b/c sammy threw up in his bed - he ate too much sugar again. Otherwise, I slept well. Still snoring all night even though I'm on my side. Off for president's day today. Alarm went off at 4:30 and thought about sleeping until 6, but Lena woke up so I got up to make her a bottle and just stayed up.",6,,1,1,1,1,1,,,,,,,,1,,,,,1,,,270,5,420,1230,1335,,1,,,,,,,,,,,,,,,,,,,,,1,,1,,,1,,,,
2023-02-21,3,"Slept OK, Victoria told me to go downstairs b/c I was snoring too much. Slept well on the couch. Very tired in the morning though, might not have gotten up if it weren't for Lena crying. Very tired all day and just in a down mood. Struggled w/ Barrington - can't get anyone on the phone. Working on changing my outlook on this from one of disappointment and frustration to just altering and resetting my expectations. Felt overwhelmed w/ work work, barrington, and Darlington. Need to get in touch w/ Tim in Eutawville as well. First day w/ Victoria in her nook upstairs - I missed having her down here but enjoyed the flexibility to get on the phone whenever I needed to.",5,,1,1,1,1,,,,,,,,,1,,,,,1,,,270,7,390,765,1320,,1,,,,,,,,,,,,,,,,,,,,,1,,,1,,,,,,
2023-02-22,4,"Slept well but woke up around 345 or so (probably). Likely b/c I had my last meal earlier than usual. I was comfortable though. OK day but didn't end well, Victoria really wanted to take sammy to ash Wednesday mass but I kept him in tball and he couldn't go. She was very upset. I feel very bad, didn't realize it was that important. Sammy did well at baseball though, he got a really good hit on coach pitch.",4,,1,1,1,1,,,,,,,,,1,,,,,1,,,270,0,390,900,1350,,1,,,,,,,,,,,,,,,,,,1,,,,,,,,,,,,
2023-02-23,3,"Slept very poorly, concerned about what Victoria is thinking about. Went to bed around 10 but didn't get to sleep until 1030 at the earliest. Woke up around 315, couldn't get back to sleep so I got up around 4 then slept on the couch from about 430-6. Was supposed to drive up to TN for Joe's party today but offered to stay back - partially b/c victoria's sick and I want to help get the kids out the door in the morning and partially to make up for last night. Didn't have a great day, in a negative cloud most of the time (still from yesterday). Went swimming w/ nico while sammy was at practice. Didn't eat enough again today.",2,,1,1,1,,,,,,,,,,1,,,,,1,,,195,,480,930,1335,,1,,,,,,,,,,,,,,,,,,1,,,,,,,,,,,,
2023-02-24,6,"Slept pretty well but very tired when I woke up. Drove up to Sevierville for Joe's bachelor party. Not a bad drive, didn't need to snack at all. Good podcasts and made a lot of Barrington calls but no success. Nice to hang out w/ Ben and Case.",6,,1,1,1,1,1,,,184,13.5,,,,1,,,,,1,,,270,12,400,1350,105,,1,,,,,,,,,,,,,,,,,,1,,,,,1,,,,,,,
2023-02-25,8,"Not the best sleep and went to bed way too late, around 1:45am. Rained all day so it was pretty disorganized. Hung out w/ Casey and Ben almost exclusively, was kind of uncomfortable but everyone else was drinking a lot and I didn't really want to drink at all. Had fun though. Recounted college stories at dinner and I ate way too much.",3,,,,1,,,,,,,,,,1,,,1,,2,,,465,,,,1425,,1,,,,,,,,,,,,,,,,,,1,,,1,,,,,,,,,
2023-02-26,6,"Sad to say goodbye to Ben and Casey but it was time to go home. Struggled to stay awake, pulled over to nap around orangeburg. It was nice to see Victoria and the kids. Went outside to play on the jungle gym thing.",4,,,,1,,,,,,,,,,1,,,1,,3,,,450,,,,1290,,1,,,,,,,,,,,,,,,,,,1,,,,,,,,,,,,
2023-02-27,6,"Slept well, didn't really wake up much at all. OK day, not much to report.",8,,1,1,1,1,1,,,,,1,,,1,,,1,,2,,,270,0,405,1320,1395,,1,,,,,,,,,,,,,,,,,,1,,,,,1,,,,,,,
2023-02-28,5,"Slept well, woke myself up snoring a few times. Decided to sleep in until 545 b/c I went to bed so late. OK day, juggled work and barrington. Feel a lot of tension b/w me and victoria, trying to balance everything w/ work, kids, and other activities.",6,,1,,1,,,,,,,,,,1,,,1,,2,,,345,0,435,810,1320,,1,,,,,,,,,,,,,,,,,,1,,,,,,,,,,,,
2023-03-01,9,"Slept well. Woke up around 2, had trouble sleeping, but went pee and was able to get back to sleep. I'm guessing it's b/c I stopped eating earlier than usual. Meditation has not been going well the past several sessions - my mind's been distracted, mostly w/ barrington stuff. Great in-office day w/ Barrington today. Learned a lot and I just genuinely enjoy hanging out w/ these guys. Unfortunately, I ate chic fillet for lunch. After work, we just hung out. These guys are who I need to hang out w/ - always looking to improve and get better.",6,,1,1,1,1,,,,,,1,,,1,,,1,,1,,,270,5,405,1200,1439,,1,,,,,,,,,,,,,,,,,,1,,,,,,,1,,,,,
2023-03-02,6,"Slept well, just not enough. Decent day, had a few good phone calls. Worked too late though.",6,,1,,1,,,,,,,,,,1,,,1,,1,,,345,0,540,870,1290,,1,,,,,,,,,,,,,,,,,,1,,,,,,,,,,,,
2023-03-03,5,"Not great sleep, tossed and turned and snored. Worked too much again today but what else am I going to do? I had to run out and get a signature in the evening and victoria wanted to go out w/ her mom, I felt bad but I had told her about it before. She is not a fan of barrington. She also took the kids to her mom's in the afternoon so I could keep working, I should have stopped early to play w/ them. Did not eat enough the past two days.",4,,1,1,1,1,,,,,,,,,1,,,1,,1,,,270,7,405,840,1290,,1,,,,,,,,,,,,,,,,,,1,,,,,,,,,,,,
2023-03-04,3,"Poor sleep again, same as the night before. Sammy had tball stuff in the morning and he did pretty well. Then Sammy and I worked on another dinosaur while Nico and Lena slept. Went to church after that and did bedtime w/ the kids. Didn't go HAM on eating today and maybe should have eaten more, just not in the mood. Victoria was still upset /w me b/c I'm not making her a priority, she wants me to communicate better and relay info that I would never even think about. Very frustrating. She's also resentful of Barrington, which I do get that. I need to figure out a way to keep my production up while cutting back on time. Not sure how this summer is going to go.",3,,1,,1,,,,,185.6,14.3,,,,1,,,1,,1,,,360,5,465,1230,1350,,1,,,,,,,,,,,,,,,,,,1,,,,,,,,,,,,
2023-03-05,3,"Comfortable all night but still tossed and turned, annoyed by last night's conversation. Pretty down most of the day after last night's conversation. Had fun working in the shop w/ the boys again though.",4,,1,1,1,,,,,,,,1,,1,,,1,,1,,,360,5,600,1110,1275,,1,,,,,,,,,,,,,,,,,,1,,,1,1,,,,,,,,
2023-03-06,6,"Comfortable sleep but not the best rest. Too much spice in my dinner last night, was pooping a lot this morning. Work took up more of my day than I would have liked and didn't get much Barrington done. Played frisbee w/ the boys in the afternoon then Sammy had a tball game. I had tennis after that and was exhausted at the end of the day.",4,,1,1,1,1,1,,,,,,,,1,,,,,5,,,270,5,400,1290,1335,,1,,,,,,,,,,,,,,,,,,1,,,1,,,,,,,,,
2023-03-07,5,Comfortable sleep but didn't feel like deep sleep. Very tired in the morning and throughout the day. Feeling beat up after tennis last night. Kind of a slow day and I wasn't specifically motivated to do much. I've also been struggling to get myself to eat - very bloaty the past couple of days. My theory is that it's b/c of the beans I'm eating. Recently got some beans from Lidl and they seem like they're undercooked - more firm and gritty than Aldi/HT.,5,,1,1,1,,,,,,,,1,,1,,,,,2,,,270,8,405,960,1260,,1,,,,,,,,,,,,,,,,,,1,,,,,,,,,,,,
2023-03-08,5,"Comfortable sleep and it felt like a good long night but still don't feel very rested. Procrastinated too much in the morning before my workout b/c I was tired. Pretty bland day, had to go into the office then got a contract signed for Barrington. I've found that I'm more motivated to make calls at certain parts of the day, need to figure out what drives that and extend that throughout the day. Tball was frustrating tonight - Sammy needs to pay attention more and some of the other kids on the team are exhausting.",6,,1,1,1,1,,,,,,,,,1,,,,,1,,,270,2,405,1005,1260,,1,,,,,,,,,,,,,,,,,,1,,,,,,,,,,,,
2023-03-09,5,"Slept well but felt light again. Felt like another long night in a good way. I've slowed down my barrington stuff so I'm not feeling as busy/productive during the day, need to pick that back up. However, I played w/ the kids outside after they got home instead of working so that was nice.",6,,1,1,1,1,,,,,,,,,1,,,,,1,,,270,2,390,900,1260,,1,,,,,,,,,,,,,,,,,,1,,,1,,1,,,,,,,
2023-03-10,4,"Tossed and turned again, woke up at 4 w/ my nose dripping badly. The extra half hour of sleep doesn't seem to be helping much. Felt pretty unproductive again today - not much barrington but I was able to spend time on other things that needed to get done.",5,,1,1,1,1,,,,,,,1,,1,,,,,1,,,270,7,405,850,1290,,1,,,,,,,,,,,,,,,,,,1,,,,,,,,,,,,
2023-03-11,5,"Couldn't get comfortable, tossed and turned a lot. Struggled getting out of bed too. Went to chear on Victoria then spent a few hours at foxtival, which was not especially enjoyable. Everybody took a 2 hour nap after that. My allergies are getting worse.",4,,1,1,1,,,,,185.4,13.7,,,,1,,,,,1,,,315,12,480,1200,1290,,1,,,,,,,,,,,,,,,,,,1,,,,,,,,,,,,
2023-03-12,5,"Poor sleep again, slept intermittently from about 3am on. Not much to report today. I watched the kids while victoria went to a play. Did a puzzle and board games w/ sam while the other two slept, then we watched a movie.",3,,,,1,,,,,,,,,,1,,,,,1,,,450,,585,1140,1320,,1,,,,,,,,,,,,,,,,,,1,,,,,,,,,,,,
2023-03-13,5,"Slept pretty well and comfortably. Still tired when I woke up though. In the field at work today, not bad. Good tennis match in the evening but I lost again.",6,,1,1,1,1,1,,,,,,,,1,,,,,2,,,270,17,360,1275,1410,,1,,,,,,,,,,,,,,,,,,1,,,1,,,,,,,,,
2023-03-14,5,"Slept comfortably just not enough. In the field at work again, tired by the end of the day. Sammy did better at tball tonight.",6,,1,,1,,,,,,,,,,1,,,,,1,,,330,1,370,1095,1290,,1,,,,,,,,,,,,,,,,,,1,,,,,1,,,,,,,
2023-03-15,5,Slept comfortably but not enough. Was feeling super tired after meditating so I decided to just go back to sleep on the couch instead of lift.,6,,1,1,1,,,,,,,,,,1,,,,,2,,,270,7,390,1050,1380,,1,,,,,,,,,,,,,,,,,,1,,,,,,,,,,,,
2023-03-16,5,"Slept comfortably but had trouble getting to sleep - Darlington was on my mind. Having issues w/ 143 North street and Hamby. Last day in the field, not a bad week but pretty exhausing.",4,,1,1,1,1,,,,,,,,,1,,,,,1,,,270,1,375,1040,1290,,1,,,,,,,,,,,,,,,,,,1,,,,,1,,,,,,,
2023-03-17,6,"Slept well, still tired in the morning. Didn't have to go into work so I went to Sammy's booserthon in the morning instead of getting on a barrington call. Sammy looked like he really enjoyed running around and actually looked pretty athletic. Lots of Barrington calls today, just getting caught up. Sammy had another game tonight and he did well. He had a good day today.",6,,1,1,1,1,,,,,,1,,,1,,,,,1,,,270,0,390,780,1290,6,1,,,,,,,,,,,,,,,,,,1,,,,,1,,,,,,,
2023-03-18,5,"Slept well but felt light. Alarm went off at 515 and I decided to rest, then my 600 went off. Didn't feel like 45 mintues. OK day, didn't do much. Spent 3 hours pressure washing the deck, probably not worth my time. Made some fetucchini alfredo at night and victoria liked it, that was nice. Didn't go too out of control w/ my eating today but did eat some stuff I didn't nead to.",5,,1,1,1,,,,,,,1,,,1,,,,,2,,,360,0,480,1170,1290,4,1,,,,,,,,,,,,,,,,,,1,,,1,,,,,,,,,
2023-03-19,3,"Moved down to the couch b/c I had a cough. Slept OK but tossed and turned quite a bit. Slept in until 6 then stayed in bed for a while. Frustrating day today. Ran errands after everyone else went to church - Ace for plants, Aldi, then Lowes for deck stain and outdoor cushions. Victoria brought up getting something to eat and I made a snarky remark, so that set her off. She also hadn't eaten or drinken anything, but she also stayed in bed until 8:30 or so. We also just had a discussion yesterday about going out to eat at shitty places and neither one of think it's worth it. Anyway, we both apologized later (kind of). Then I went to stain the deck, got everything prepared, and the cul de sac families invited us to go out for drinks. Heaven forbid I say no b/c victoria didn't get to go out to eat on friday, saturday, or earlier today. Really didn't want to drink but also didn't want to be a weirdo, so I just had a cider. Now it's going to be a huge thing later in the week for me to get the deck stained before my mom comes on the weekend on top of all of the other cleaning things victoria's going to want to get done.",5,,1,1,1,,,,,,,,,,1,,,,,1,,,360,,600,1020,1290,4,1,,,,,,,,,,,,,,,,,,1,,,,,,,,,,,,
2023-03-20,6,"Poor sleep. Took a while to get to sleep, then I woke up probably around 245 and couldn't get back to sleep. Nothing specific was on my mind but I just couldn't turn it off. Darlington and just annoyance from yesterday I suppose. Some good barrington calls today and got one under contract. Spent more time staining the deck, then tball and tennis in the evening.",2,,1,1,1,1,1,,,,,,1,,1,,,,,1,,,165,,390,1200,1410,5,1,,,,,,,,,,,,,,,,,,1,,,1,1,,,,,,,,
2023-03-21,8,"OK sleep but woke up around 415 to pee and had trouble getting back to sleep. Slept in b/c of late night w/ tennis. Pretty good day, drove w/ Victoria to Mt Pleasant for her eye exam then got lunch at Malika. Got some work done while I was waiting. Got some more work done after we got home, then Daniel came over for dinner and we talked for a while.",4,,1,1,1,,,,,,,,,,1,,,,,2,,,330,0,390,1215,1290,4,1,,,,,,,,,,,,,,,,,,1,,,,,,,,,,,,
2023-03-22,4,"Slept well but got kicked down to the couch at 11 b/c I was snoring. Had to go into work for a meeting today, then lunch w/ Rick to discuss Darlington. Stuck on a work call from about 1-5:30 this afternoon, very frustrating. Was pretty aggitated after the call and ate the food that sammy and nico didn't eat for dinner - naan and fried shrimp. Very frustrated that I did that and I felt pretty crappy afterwords.",6,,1,1,1,1,,,,,,,,,1,,,,,1,,,270,12,405,1080,1305,4,1,,,,,,,,,,,,,,,,,,1,,,,,,,,,,,,
2023-03-23,5,"Slept well, I don't think I moved at all until I got up to pee. More work meetings. Sammy's been acting very melancholy the past couple of days, we're kind of concerned about it. I think he's just sick, but I hope nothing happened to him. He's very docile, which is nice, but he doesn't seem happy and doesn't have much of an appetite. Sammy did well in tball tonight though.",6,,1,1,1,1,,,,,,1,,,1,,,,,1,,,270,13,480,870,1305,4.5,1,,,,,,,,,,,,,,,,,,1,,,,,,,,,,,,
2023-03-24,5,Slept well again. Busy day w/ barrington meetings but I enjoyed them. My mom got in late this afternoon so we just hung out w/ her for the evening.,6,,1,1,1,1,,,,,,,,,1,,,,,1,,,270,0,390,870,1350,5,1,,,,,,,,,,,,,,,,,,1,,,,,,,,,,,,
2023-03-25,3,"Slept well, was surprised by my alarm in the morning. Took a while to get out of bed unfortunately. Spent the day w/ my mom, lots of just complaining and weird behavior. Went strawberry picking then came back and had lunch w/ Suzy. Tim did not come over. After the kids went to bed, victoria went to hang out at her mom's and I helpd my mom w/ her phone and talked about her situation. She's frustrated w/ it but won't change anything. Victoria and her mom just talked about my mom for 2 hours straight, which bothered me, but what can you do. I figured that's what they were going to do.",6,,1,1,1,,,,,188.8,15.1,,,,1,,,,,1,,,315,28,500,1275,1400,5,1,,,,,,,,,,,,,,,,,,1,,,,,,,,,,,,
2023-03-26,3,Just OK sleep. Another rough day w/ my mom here. We got her out by noon (new record) but then we went to this Easter egg hunt for the kids w/ a ton of people and I was pretty uncomfortable most of the time. I mostly felt bad for Sammy though b/c he is very shy like I was and didn't really want to play w/ the other kids. He seems like he's getting back to normal now though.,5,,1,1,1,,,,,,,,,,1,,,,,1,1,,380,0,540,1080,1305,4.5,1,,,,,,,,,,,,,,,,,,1,,,1,,1,,,,,,,
2023-03-27,5,Slept well until I got up to pee then it was very light sleep after that. I was able to get up instantly w/ my alarm but wasted a lot of time in the morning before my workout. I really need to tighten up my routine and stop procrastinating. I didn't have enough time for my squat workout b/c of it. Lots of meetings today and spent some time prospecting w/ barrington. Played w/ the kids before bed in the sunroom. Sammy seems like he's back to normal.,4,,1,1,1,1,,,,,,,1,,1,,,,,2,1,,270,0,390,870,1290,5.5,1,,,,,,,,,,,,,,,,,,1,,,,,,,1,,,,,
2023-03-28,5,"Restless sleep, tossed and turned. Entertaining dreams though. Still need to tighent up my morning routine. Didn't do that this morning. Actually did some work stuff this morning, then more prospecting. Need to do better about spending more time w/ the kids. Did not eat clean today - snacked on too many peanuts, then had tortilla chips and cheese. Left shoulder was acting up today, specifically at t-ball when trying to catch balls. This is getting frustrating.",3,,1,1,1,1,,,,,,,,,3,,,,,1,1,,270,0,400,990,1305,6,1,,,,,,,,,,,,,,,,,,1,,,,,,,,,1,,,
2023-03-29,5,"Slept pretty well, more interesting dreams but I don't remember them. Light day work-wise, although I did have a 3 hour work meeting in the afternoon. Stopped all work at 4 to hang out w/ the kids but they didn't behave well and took forever to eat dinner so they went to bed early. I've been watching too much youtube in the mornings and evenings, need to cut that out and stay productive or just go upstairs and read.",6,,1,1,1,1,,,,,,,,,1,,,,,1,1,,270,0,405,840,1320,5.5,1,,,,,,,,,,,,,,,,,,1,,,,,,,,,1,,,
2023-03-30,6,"Slept OK, entertaining dream again. Tossed and turned more than I'd like. Procrastinated in the morning again but I don't have a set workout to do b/c of my elbow tendonitis. OK day, cut out of work early to play w/ the kids. That was both fun and frustrating. I also had some down time tonight and wasted it on youtube instead of reading - I've been watching a lot more youtube recently and I need to stop.",5,,1,1,1,1,,,,,,,1,,1,,,,,1,1,,270,4,390,840,1295,4,1,,,,,,,,,,,,,,,,,,1,,,1,,1,,,,1,,,
2023-03-31,6,"Slept well and comfortably but Lena woke us up twice in the night, including once right before my alarm went off. Pretty frustrating. Pretty bland day for the most part - just did a lot of cold calling w/ Barrington. Casey, Ben, and Melissa came over later though and we got dinner so that was nice.",6,,1,1,1,1,,,,,,,1,,1,,,,,1,1,,270,0,390,1275,1350,4,1,,,,,,,,,,,,,,,,,,1,,,,,,,,,1,,,
2023-04-01,8,"Slept comfortably. Victoria did the bridge run this morning so I was on kid duty w/ Ben. After she got back, Casey and Melissa showed up and we went to Joe's wedding. Had a great time just hanging out and catching up w/ everyone. Pillman, Kyle, Steve Diamond were at the wedding.",6,,1,1,1,,,,,192.2,14.8,,,,1,,,,,2,,3,315,,540,1230,1439,4,1,,,,,,,,,,,,,,,,,,1,,,,,,,,,1,,,
2023-04-02,4,"Not great sleep, Sadie was with us and she moved around a lot. I've been feeling very bloaty recently and have put on a good bit of weight. Victoria and the kids went to church then Ben and I went out to play tennis for about an hour. After Ben left, I came back and did some laundry and cooking. Victoria came home and she was upset w/ me b/c I didn't text enough at the wedding or take pics. Both of us are frustrated - her b/c I don't text enough, me b/c I don't think about it and don't see the value in texting about the little things. She did say that it helps facilitate conversation later though, which made sense, and that I used to text her a lot more throughout the day. She's also frustrated b/c ""nobody listens to her"" - swimmers, kids, her family, me, but I said that's to be expected. And is it that they don't listen to her or they don't obey what she says. Pretty bland day, brought down by yet another argument.",4,,1,,1,,1,,,,,,,,1,,,,,2,1,,401,0,645,990,1275,4.5,1,,,,,,,,,,,,,,,,,,1,,,1,,,,,,,,,
2023-04-03,5,"Slept decently, woke up at 405 but stayed in bed to try to get some more rest. Had to go into work today and will have to go in all week. Stayed busy at work, not too bad. Frustrated b/c I missed a lot of intake calls. The rest of the day was OK, got annoyed at Victoria in the evening b/c she did most of the dishes except for the bottles, which I'm very sick of washing.",6,,1,1,1,1,,,,,,,,,1,,,,,1,1,,270,0,390,900,1290,4,1,,,,,,,,,,,,,,,,,,1,,,,,1,,,,,,,
2023-04-04,5,"Not great sleep, I don't think I ate enough yesterday. Only ate peanuts on my way home from work. Tossed and turned and woke up early. Got frustrated w/ Victoria again this morning - Lena cried out at 415 so victoria had me feed her instead of getting up herself. Apparently, she had been crying for an hour on and off by that point too. Work was OK again, then got home and did some barrington stuff. Frustrated b/c another verbal I got didn't follow through.",3,,1,1,1,1,,,,,,,,,1,,,,,1,1,,254,0,390,840,1305,4,1,,,,,,,,,,,,,,,,,,1,,,,,,,,,,,,
2023-04-05,5,"Slept decently, woke up a couple of times. Felt like I didn't procrastinate too much in the morning but still left w/ <40 minutes for my workout. Need to do better. Back into work today, then not much after work.",5,,1,1,1,1,,,,,,,,,1,,,,,1,1,,270,1,390,750,1290,6,1,,,,,,,,,,,,,,,,,,1,,,,,1,,,,,,,
2023-04-06,6,Slept well. Went up to Darlington to go through several properties. Enjoyed hanging out w/ Rick. Played w/ the boys in the evening in the sunroom.,6,,1,1,1,,,,,,,,,,1,,,,,1,1,,270,0,315,810,1305,4.5,1,,,,,,,,,,,,,,,,,,1,,,,,1,,,,,,,
2023-04-07,5,"Slept pretty well. Didn't have to go into work today. Lots of meetings, didn't feel super productive. Started feeling a bit nauseous and sick after lunch, then pooped right before tball and felt better. At Sammy's second at bat, I told him that if he hits a double he can have ice cream after the game and he ended up hitting a home run. That was awesome.",6,,1,1,1,1,,,,,,,1,,1,,1,,,2,1,,270,0,390,810,1320,5,1,,,,,,,,,,,,,,,,,,1,,,1,,,,,,,,,
2023-04-08,3,"Slept comfortably. Very tired in the morning though and feel like I have a cold. Victoria and I got in a fight again today. She wanted to do something for my birthday, I really didn't want to make a big deal about it. We went grocery shopping and she got some pastries for us, handed on to me in the car, and I put it back in the bag. That's kind of what set it off. Note that I planned on pushing my free day back to tomorrow for easter stuff. I told her that but she really wanted me to partake. Then Sammy went over to the neighbor's to play, Lena went down for a nap, and victoria took Nico over to her mom's. She told me to just do whatever I wanted while they were gone. I started cleaning up (laundry, mopping, etc) b/c everyone's coming here tomorrow and it needed to get done. I knew that would make her mad, but I also knew there wouldn't be time to do it tomorrow. When she came back, she was mad that I was cleaning up and didn't communicate it to her. I didn't tell her b/c I didn't want her to stay back instead of going over. Then we argued about my communication again and pretty much everything else. She's talking about separating but I think it's an empty threat. She was also complaining b/c I ""don't like to do anything"". No, I don't like doing the typical stuff like drinking and going out to shitty restaurants, or doing many things b/c what do we do w/ the kids. I think a big part of it is the season of our life that we're in. Anyway, there was more but it was very frustrating. We ended up going out to Park Circle w/ her family and had a fun time. I only had 2 drinks but that was enough.",6,,1,1,1,,,,,190.2,15.5,,,,1,,1,,,1,,2,315,7,720,1260,1380,4,1,,,,,,,,,,,,,,,,,,1,,,,,,,,,,,,
2023-04-09,6,"Poor sleep, felt very light. Woke up many times. Remnants from yesterday's argument lingered in the morning as we got ready for church. During church, I made more of an effort to touch victoria, that seemed to help. Then we got busy making food for lunch/dinner. Food turned out well, but of course I ate too much. Very frustrated. I actually don't think I ate that much, just the food I did eat really backed me up.",3,,1,1,1,,,,,,,,,,1,,1,,,2,,,315,0,750,1280,1320,3,1,,,,,,,,,,,,,,,,,,1,,,,,,,,,,,,
2023-04-10,6,"Poor sleep again, probably ate too much too late again. Went to cuddle w/ Victoria in the morning after my workout instead of staying down to work. Stayed busy w/ work and barrington today, but cut off early to go play tennis and tball w/ sammy. He did a good job w/ tennis, I was impressed. He complained most of the time though.",2,,1,1,1,1,,,,,,,,,1,,1,,,1,1,,270,0,360,855,1290,,1,,,,,,,,,,,,,,,,,,1,,,,,,,,,,,,
2023-04-11,6,"Slept pretty well and comfortably. Back into work today, wasn't bad. Made an effort to hang out w/ victoria tonight after the kids went to bed instead of just going to work on the computer. Made a couple of calls then watched a show w/ her while I finished up some work.",6,,1,1,1,1,,,,,,,,,1,,1,,,1,1,,270,0,390,765,1290,5,1,,,,,,,,,,,,,,,,,,1,,,,,,,,,,,,
2023-04-12,6,Slept pretty well. Back to work but got to leave early. Got a contract signed today and good tennis in the evening.,6,,1,1,1,1,1,,,,,,1,,1,,1,,,1,1,,270,0,390,1280,1350,6,1,,,,,,,,,,,,,,,,,,1,,,1,1,,,,,,,,
2023-04-13,6,"Slept well, just not enough. Went to sleep late b/c of tennis. Ok day, worked a lot both on barrington and work.",6,,1,1,1,1,,,,,,1,1,,1,,,,,2,1,,270,0,390,910,1335,4.5,1,,,,,,,,,,,,,,,,,,1,,,1,1,1,,,,,,,
2023-04-14,6,"Slept OK, tired in the morning though. Went up to Columbia today. Wasn't looking forward to the trip b/c I'd be w/ the kids for several hours on my own and I didn't know what I'd do w/ them. We ended up finding an awesome playground and had a good time. Most of the day I was trying not to suffer something that hasn't happened already and it helped a little but I still pre-suffered more than I should have.",6,,1,1,1,1,,,,,,1,,,1,,,,,2,,,270,3,405,1035,1340,4,1,,,,,,,,,,,,,,,,,,1,,,,,,,,,,,,
2023-04-15,3,"Poor sleep, couldn't get comfortable. Went to the zoo in the morning and it was challenging - the boys did not get along well and Nico was super whiny. Sammy was very brave though and did the obstacle course with me. I got very frustrated by the end of the day though and was done w/ the whining and navigating around everybody. Lena was extremely fussy too. Then victoria went to do her prom thing and it was just me and the 3 kids in the hotel room. Wouldn't have been horrible but it was tough w/ Lena. Drove back after that and the drive wasn't bad. I did not do well eating today and made it worse when I got home - ice cream and serial.",3,,,,1,,,,,,,,,,1,,,,,2,,,390,,480,1280,1340,,1,,,,,,,,,,,,,,,,,,1,,,1,,,1,,,,,,
2023-04-16,5,"Slept well until my I got up to pee around 330. After that, very light sleep if any. Alarm didn't go off so I didn't get up until about 540. Went to brunch at Laura's after church for veronica's birthday and was very disappointed by the meal. 2 eggs in spaghetti sauce for $16. I'm really tired of paying to go out to eat and getting shitty stuff. The restaurant itself was nice enough, but the portions were tiny for how expensive it was. And of course, everyone had to get drinks. The rest of the day I just kind of felt bloaty and not in a great mood, but not a bad one. Wasted some time in the evening on YouTube then got some work done.",5,,1,,1,1,,,,,,1,,,1,,,,,1,,,340,0,690,1110,,4,1,,,,,,,,,,,,,,,,,,1,,,,,,,,,,,,
2023-04-17,6,"Slept pretty well but snored a lot. Busy day today w/ both work and Barrington. I have a lot going on w/ barrington which is nice. Sammy had a tball game tonight and it was pretty low energy all around. He only got one hit off of pitches but it was a good one. I didn't pitch too well, was a bit rusty after the week off.",6,,1,1,1,1,,,,,,1,,,1,,,,,2,1,,270,0,400,870,1365,5.5,1,,,,,,,,,,,,,,,,,,1,,,,,,,,,,,,
2023-04-18,6,Slept well just went to bed too late. Nothing special to note today.,6,,1,1,1,1,,,,,,1,,,1,,,1,,1,1,,270,0,405,810,1320,7.5,1,,,,,,,,,,,,,,,,,,1,,,,,,,,1,,,,
2023-04-19,6,"Slept well, just not enough. I don’t think I moved until I got up to pee, shortly before my alarm went off. Sent more time doing actual work today, just trying to keep up appearances that I'm doing something. Went to take pics in moncks corner, then stopped by Daniel's house on the way home. Nice to catch up, but unfortunately it made me get home late and Victoria had plans w/ Molly. B/c she didn't get out on time, they stayed out much later than anticipated. Victoria was mad at me not only for coming home late, but b/c I didn't check in w/ her while she was out. I was very sorry for getting home late, but pushed back on the checking in part. We ended up going to bed super late.",6,,1,1,1,1,,,,,,,,,1,,,1,,1,1,,270,0,390,840,1410,4,1,,,,,,,,,,,,,,,,,,1,,,1,,,,,,,,,
2023-04-20,6,"Slept well up to my alarm. Tried to get back to sleep but couldn't. Came downstairs and tried NSDR, might have helped a little but still very tired. OK day, tball again in the evening. Sammy did better batting and he did pretty well at pitcher. He likes that position b/c there's more action. Did more Barrington after the kids went to bed, got a verbal, but stayed up too late again. Need to set an alarm for 9pm or so as a cutoff so I make sure to get up to bed early enough.",5,,1,1,1,,,,,,,,,,1,,,,,1,1,,270,,390,825,1335,4,1,,,,,,,,,,,,,,,,,,1,,,,,,,,,,,,
2023-04-21,6,"Slept well just not enough, the last several nights are catching up w/ me. Got up on time but too exhausted to lift. I did about 50 minutes of NSDR again and it's pretty interesting. Went in and out of sleep. Then some people in the Barrington group were talking about their workouts so I did a quick one after sending Sammy off to school. Good day, stayed busy w/ work and barrington then good tennis in the evening.",5,,1,1,1,1,1,,,,,,,,3,,,,,1,1,,270,0,495,1275,1395,6,1,,,,,,,,,,,,,,,,,,1,,,1,,,,1,,,,,
2023-04-22,6,"Slept well just not enough. Me and the kids in the morning while victoria was teaching lifeguarding. Not too bad, ran some errands w/ them then nico and lena took a nap, played board games w/ sammy. Ran more errands after victoria got back, then prepped for lena's party tomorrow.",5,,1,1,1,,,,,187.2,15.1,,,,2,,,,,2,,,315,0,530,1230,1350,5,1,,,,,,,,,,,,,,,,,,1,,,,,,,,,,,,
2023-04-23,6,"Poor sleep, couldn't get comfortable. Wanted to get up at 515 but I woke up before the alarm and was so tired I thought it would be better to sleep a little more. Lena's birthday party today. I ran some errands w/ Lena in the morning then got stuff ready. Wasn't too bad, but also not my idea of a good time. Didn't eat clean today, but did OK. Had some fruit and stuffed mushrooms, which had cream cheese and bread crumbs.",4,,1,1,1,1,,,,,,,1,,1,,,,,2,,,405,,495,1065,1340,5.5,1,,,,,,,,,,,,,,,,,,1,,,,,,,,,,,,
2023-04-24,6,"Slept well, interesting dreams but they were kind of stressful. Pretty slow day w/ Barrington so I stopped early and hung out w/ everyone, did some yard work w/ our plants and everything. Made a few calls in the evening as well.",6,,1,1,1,1,,,,,,,,,2,,,,,2,1,,270,0,390,825,1310,5.5,1,,,,,,,,,,,,,,,,,,1,,,,,,,,,,,,
2023-04-25,5,"Slept well, interesting dreams. Had to go into work and am working in the Secret area. Frustrated b/c this project will take a lot longer (and more trips in) than necessary. On my way home, I texted victoria and said that I was going to pick up sammy, but she didn't get my messages b/c she was at AR. As soon as I got in line, she texted back saying she was already in line too. My reaction was interesting. I actually didn't get upset, b/c I know she doesn't get service at AR. However, I physically felt the potential for the default reaction that I would have (anger) and the need to express it (to score points, make a point, or something dumb like that). I felt it in a box around my heart and lungs, kind of my upper torso, mostly in the front. Very interesting. I was both surprised and not surprised that I didn't get more upset, maybe meditation is helping. Got another verbal w/ barrington today and it's going to be tricky - the seller doesn't have email so I'll have to coordinate w/ another agent (in columbia) to get the signature and take pics. I jumbled everything up and confused several people, need to do better w/ communication and clarity.",6,,1,1,1,1,,,,,,,,,1,,,,,1,1,,270,0,390,960,1350,5.5,1,,,,,,,,,,,,,,,,,,1,,,,,1,,,,,,,
2023-04-26,4,"Slept well, still tired in the morning. Did an NSDR meditation, then stayed on the couch for another 25 minutes unfortunately. Frustrated w/ myself, but I set myself up for it by laying down to meditate instead of sitting up. Also note that I'm stopping my allergy medication today. Lots of cold calling today while I worked on work stuff. Victoria and I went on a date to a local brewery that was having Office trivia, we did not have a good time. We didn't end up eating anything, which is likely what caused it. The bar didn't have a kitchen and the food truck outside was too busy. Then Sofia needed us home before we could get anything afterwords. Pretty big bust. I had one drink, not even good. Not worth breaking my fast for. Fortunately, both of us were very disappointed in the evening.",6,,1,1,1,1,,,,,,,1,,1,,,,,1,,1,270,0,390,1200,1290,4,1,,,,,,,,,,,,,,,,,,,,,1,1,1,,,,,,,
2023-04-27,4,"Slept well, stressful dreams. Very tired in the morning, did not want to do my workout. Morning started out rough. Nico peed in his bed and Lena threw up in hers. Very stressed out during the day - closing for a darlington property is not going well, lots of work work to do, and a couple of my Barrington contracts might fall through. Tennis in the evening helped but we got rained out before finishing the first set.",6,,1,1,1,1,1,,,,,,,,1,,,,,1,1,,270,0,400,750,1280,4,1,,,,,,,,,,,,,,,,,,,,,1,,,,,,,,,
2023-04-28,5,"Slept well and comfortably, still tired though. Busy day again. Feeling pretty down about Barrington for some reason, probably b/c a couple of my contracts are not doing well and someone else just landed a $46k one. I'm not jealous about it (maybe a little) but I'm looking at it as what do I need to do to be better. Tball again tonight. Sammy struck out both times unfortunately but he played well in the field. Victoria had phone calls to make after and unfortunately, I mostly wasted time on the computer until bed time.",6,,1,1,1,1,,,,,,,1,,2,,,,,1,1,,270,0,390,855,1335,5,1,,,,,,,,,,,,,,,,,,,,,1,,,,,,,,,
2023-04-29,6,"Slept well but did not want to get up when my alarm went off. Went to the farmer's market in the morning, then victoria had swim team sign ups so I had the kids for a few hours. Lena napped and I got some stuff done w/ the plants. After that, we went to the back yard to play a little. I really need to do a better job of finding stuff to do w/ them. It's tough - Sammy wants to build stuff in the shop but Nico's not able to do that. After that, victoria took the kids to her parents. I got a few things done then played tennis w/ Gregg. Not much in the evening, made some good fettuccini and watched a show.",6,,1,1,1,1,1,,,189.4,14.9,,,,1,,,,,2,,,315,3,525,1245,1320,8,1,,,,,,,,,,,,,,,,,,,,,1,,,,,,,,,
2023-04-30,5,"Not great sleep, felt pretty light and struggled to get comfortable. Didn't do much today. Breakfast in the morning w/ everybody, then victoria took the kids over to her grandparents. I did some house stuff while they were gone. Then spent the rest of the day w/ the boys. Tried playing outside w/ them, it went ok for a little while. Nico was super whiney today and it was challenging.",4,,1,1,1,,,,,,,1,,,1,,,,,1,1,,270,6,505,810,1270,5,1,,,,,,,,,,,,,,,,,,,,,,,,,,,,,,
2023-05-01,6,"Comfortable sleep but I woke up around 2 and had trouble getting back to sleep. Once I fell back asleep, it felt very light and not super restful. Did better about getting into the garage for lifting this morning, got out there at 505. Busy day w/ barrington, made a lot of calls and had a few good ones. Feeling better about it but still down from my high a week or two ago. Stopped early to hang out w/ everyone when they got home b/c I had more to do after tball. Started creatine today.",5,,1,1,1,1,,,,,,,,,2,,,,,2,1,,270,0,390,1005,1350,6,1,5,,,,,,,,,,,,,,,,,,,,1,,,,,,,,,
2023-05-02,5,Slept well. Nothing really special to report about today.,8,,1,1,1,1,,,,,,,,,1,,,,,1,1,,270,0,405,1005,1305,5.5,1,5,,,,,,,,,,,,,,,,,,,,,,,,,,,,,
2023-05-03,5,"Slept well other than Nico coming in in the middle of the night b/c he's sick. Went into the office today in the SIPR area, amazing how much you can do w/ no distractions. Nico's been sick w/ the stomach bug and he's even whinier than usual. Sammy had his last tball game tonight and did OK.",5,,1,1,1,1,,,,,,,,,1,,,,,2,1,,270,0,395,1020,1320,6,1,5,,,,,,,,,,,,,,,,,,,,,,,,,,,,,
2023-05-04,5,"Slept well, then Nico came in again around 2, then I went downstairs. Slept great downstairs. Pretty dull day work-wise. Lots of Mojo w/ Barrington and I got some actual work done while doing that. Nico was home sick but just watched TV all day. Did some more gardening w/ Sammy in the afternoon.",5,,1,1,1,1,,,,,,,,,1,,,,,1,1,,270,2,405,1125,1365,7,1,5,,,,,,,,,,,,,,,,,,,,,,,,,,,,,
2023-05-05,5,"Slept pretty well. Back into work today, got a good bit done. Had some good Barrington conversations as well, then finished up w/ tennis.",6,,1,1,1,1,1,,,,,,1,,1,,,,,2,1,,270,0,400,1275,1380,7,1,5,,,,,,,,,,,,,,,,,,,,1,1,,,,,,,,
2023-05-06,4,"Not the best sleep and super tired when I got up - went to bed too late. Victoria had a race this morning so I had the kids again. We managed successful grocery trip and did not require in-store snacking. Then I took the boys to the playground w/ the Wessons and enjoyed talking w/ Jeremy. One of his friends there was finishing up a birthday party so all of the kids got tea, cake, cookies, and pizza. I think that was the start of the decline. In the afternoon, Nico was super whiney and Sammy was out of control and did not listen. He gave me one of those slobbery ""kisses"" again right on my stomach and it was all I could do to not knock him out. I hit him hard on his butt. Then, when everyone was getting ready for church, Nico pitched a royal fit so nobody went. Later, they were all getting ready to go to mana's and Sammy wouldn't hand Nico the water bottle he wanted so victoria kicked him out of the van and he went to bed w/o dinner. I talked to him up in his room and he was crying. Then later, I heard the garage door open and I found Sammy peeing in the garage. I think he was sleep walking but he said he hadn't fallen asleep yet. I don't know what was going on. Very frustrating. Eating-wise, I didn't do great. I did fine throughout the day, but later I made fetucchini again (pretty good but I need to use less white wine vinegar, or cut it out completely), and had a lot of pudding w/ crushed oreos.",4,,1,1,1,,,,,189.4,14.7,,,,1,,,,,2,,,315,0,450,1320,1350,1,1,5,,,,,,,,,,,,,,,,,,,,,,,,,,,,,
2023-05-07,3,"Slept OK but tossed and turned. Feel like crap in the morning. Actually felt like crap until about 8pm, felt like I was hung over. Stomach was full and bloaty and I didn't eat much at all today. Sammy had another rought day. He was very upset that Nico got to go over to Ama's. He got lots of individualized attention though. I made him french toast in the morning, he did some learning stuff w/ victoria, then he got to play while we got some stuff done. I took him to Staples to make copies for Victoria and we enjoyed looking at the desks that they have haha. After Nico went to bed (he was a monster), I gave sammy dinner, we read a book, and watched a few things on youtube. He was actually interested in Olympic wrestling.",5,,1,1,1,1,,,,,,1,,,1,,,,,2,1,,315,0,510,840,1320,5,1,5,,,,,,,,,,,,,,,,,,,,,,,,,,,,,
2023-05-08,5,Slept OK but struggled to get comfortable until about 4am. Didn't get as much done today as I should have. I had the kids in the evening as swim season started.,5,,1,1,1,1,,,,,,,,,1,,,,,2,1,,270,0,400,750,1320,7,1,5,,,,,,,,,,,,,,,,,,,,1,,1,,,,,,,
2023-05-09,3,"Victoria put Nico in the bed before she went out last night and he moved around a lot. I finally took him back around 1. Frustrating day. Had to go into the office to check something, but not everything came in. Then found out I have to do some in-person training on base. I got there, went to the bathroom, and by the time I got back the class was full so I have to go back tomorrow. Swimming in the afternoon is a huge pain w/ Nico and Lena. Very hungry at bedtime the past 2 days, finished eating about 1.5 hours ahead of schedule both days.",4,,1,1,1,1,,,,,,,,,1,,,,,1,1,,270,0,410,750,1350,6.5,1,5,,,,,,,,,,,,,,,,,,,,,,,,,,,,,
2023-05-10,5,"Slept well but went to bed too late, pretty tired in the morning. OK day, went back into work for that training then came home and got some Mojo in. Work work is slipping a bit but it should be OK. Just need to devote some time to it sometime. I had Lena in the evening, I don't really know what to do w/ her. We played in the sunroom until she flipped out b/c I got up to let Sadie in, then we watered plants after her nap. Removed Wordle from my morning website routine today.",5,,1,1,1,1,,,,,,,1,,1,,,,,1,1,,270,0,395,870,1350,7,1,5,,,,,,,,,,,,,,,,,,,,1,1,1,,,,,,,
2023-05-11,3,"Slept pretty well but went to bed too late. Felt a general malaise most of the day, not really sure why. Not feeling super motivated w/ barrington despite decent activity. I'm guessing my lack of sleep is hurting my disposition.",5,,1,1,1,1,,,,,,,,,1,,,,,1,1,,270,0,400,825,1320,7,1,5,,,,,,,,,,,,,,,,,,,,,,,,,,,,,
2023-05-12,5,"Not great sleep last night. I have 3 in-person appointments today that are likely not going to go well and I think that had me a bit anxious. Woke up around 4, didn't get back to sleep. In-person appointments went surprisingly well. Might not get contracts out of any of them but it was a different dynamic doing everything face to face instead of over the phone. I was out in Moncks Corner so I gave Daniel a call and got lunch w/ him. After the appointments, I took the boys to the park for a birthday party. Was feeling super hungry by the kids' bedtime so I ate a little, mostly b/c I have a tennis match tomorrow morning.",3,,1,1,1,1,,,,,,1,,,1,,,,,1,,,240,,400,1170,1365,5,1,5,,,,,,,,,,,,,,,,,,,,,,1,,1,,,,,
2023-05-13,6,"Slept OK, just not enough. Sammy came in around 4:30 as well and scared me. OK day, started out w/ a tennis match, took sammy to his tball party, lunch w/ the grahams, then not much after that. Kind of a relaxing day, but victoria's stressing out/feeling a lot of anxiety. A lot of it comes from the kids, but she still wants another one for some reason.",5,,1,1,1,,1,,,191,15.3,,,,1,,,,,4,,,315,0,420,1220,1340,5,1,5,,,,,,,,,,,,,,,,,,,,1,,,,,,,,,
2023-05-14,6,"Not great sleep, had some stressful/annoying dreams. Took the kids to the park in Goose Creek this morning and had fun, then went grocery shopping. It deteriorated from there. Nico and Lena lost it in the store. They both took long naps when we got home. Brian, veronica, and marisa came over for a cookout this afternoon and I cooked everything on the flat top and it turned out well.",4,,1,1,1,,,,,,,,1,,1,,,,,1,1,,315,0,480,1005,1320,6,1,5,,,,,,,,,,,,,,,,,,,,,,1,,,,,,,
2023-05-15,5,"Did not sleep well, woke up around 245 or 3 and couldn't get back to sleep. Couldn't identify a reason why. I was reasonably comfortable but just not very tired. Ended up getting up around 410, 20 minutes before my alarm. Good lift in the morning, then what felt like a slow day the rest of the day.",3,,1,1,1,1,,,,,,,,,1,,,,,2,1,,180,,380,870,1320,6,1,5,,,,,,,,,,,,,,,,,,,,,,,,,,,,,
2023-05-16,5,"Felt like light sleep all night. Woke up around 4, just rested after that. Nico went in for ear surgery today. He seemed to recover quickly and almost back to normal by the afternoon. Pretty bland day, just made a number of calls w/ barrington.",4,,1,1,1,1,,,,,,,,,1,,,,,1,1,,270,0,395,840,1320,6.5,1,5,,,,,,,,,,,,,,,,,,,,1,1,1,,,1,,,,
2023-05-17,5,"Slept pretty well but tired when I woke up. Took a while to get into the gym this morning. OK day, spent a lot of it cold calling. Nice thunder storm in the afternoon so Lena and I watched it on the balcony.",6,,1,1,1,1,,,,,,,1,,1,,,,,1,1,,270,0,390,825,1320,6,1,5,,,,,,,,,,,,,,,,,,,,,,,,,,,,,
2023-05-18,5,"OK sleep, odd dreams again. Back in the office for a little bit today, could have been done virtually but it wasn't too bad. Traffic was nice so not going to complain. Sammy and Holden have been getting on each others nerves. Not sure how much I should intervene or just let them settle it themselves.",6,,1,1,1,1,,,,,,,,,1,,,,,1,1,,270,0,390,900,1320,5,1,5,,,,,,,,,,,,,,,,,,,,,,,,,,,,,
2023-05-19,3,"Decent sleep. OK day, although not feeling great about Barrington again. Not sure why, just wondering if I'm wasting my time again. I kept the kids up late tonight so victoria could see them and that was apparently not a good idea. She's feeling very overwhelmed w/ everything right now (swimming started) and communication is not great. She was planning on going out tonight and wanted the kids in bed so they wouldn't see her. Then after they went to bed, we got in a big argument, she threatened to quit everything. I feel like I held my ground well enough but obviously held back a lot of what I wanted to say. She's talking about going on antidepressants or antianxiety medications. It's hard for me to feel bad for her - this is all brought on by herself. A big part of this is who picks sammy up from swimming - it's a lot more difficult than it needs to be b/c Lena is sleeping at that time. Lena (more specifically, having a third kid) makes everything harder than it needs to be. This was 100% what victoria asked for and 100% what I did not want.",6,,1,1,1,1,,,,,,,,,1,,,,,1,1,,270,0,400,960,1320,5.5,1,5,,,,,,,,,,,,,,,,,,,,1,1,,,,,,,,
2023-05-20,8,"Slept well but woke up before my alarm. Just rested, I was very comfortable. Was just going to walk this morning but I'm reading Can't Hurt Me so I was pretty pumped up, did sprints as well. Hung out w/ the boys most of the day and had fun, went to the park w/ the wessons, set up the tent for them in the sun room. Went out w/ the Steven and Kelcies for dinner, then slept in the tent w/ the boys at night. Super bloaty and gassy tonight, probably from ice cream. Very uncomfortable.",6,,1,1,1,1,,,,192.2,15,,,,1,,,,,3,,1,285,,450,1170,1320,4.5,1,5,,,,,,,,,,,,,,,,,,,,,,,,,,,,,
2023-05-21,6,"Pretty horrible sleep, but it was fun w/ the boys in the tent. I just couldn't get comfortable, I had some dreams but feel like I barely slept. OK day, had some time to myself, then hung out w/ the boys, grilled, then more alone time before tennis. Pretty tired all day.",2,,1,1,1,,1,,,,,,,,1,,,,,2,1,,315,0,570,1230,1305,5,1,5,,,,,,,,,,,,,,,,,,,,1,1,,,,,,,,
2023-05-22,3,"Didn't sleept great - comfortable but felt very light. Struggled getting back to sleep after going to the bathroom, couldn't turn my brain off. Pretty mediocre day, feeling kind of discouraged WRT Barrington again. Spending a lot of time on it w/ not much to show. Also, I've started playing computer games while on meetings and cold calling - probably not the smartest move.",4,,1,1,1,1,,,,,,,,,1,,,,,2,1,,270,0,390,825,1320,7,1,5,,,,,,,,,,,,,,,,,,,,,,,,,,,,,
2023-05-23,4,"Slept well but was very tired when I woke up. I rolled right out of bed though, seems as though I've been able to make that a habit. OK day, trying to think about why I've been so down recently. I don't want to pin it all on Barrington momentum but that's what it feels like. Went to bed early tonight around 9, then Victoria brought up going on a cruise again. I really don't think it's a good idea w/ the season of life we're in - Lena's a bear and Nico doesn't listen, so we both went to bed angry/upset. Feels like my left arm issue has healed.",6,,1,1,1,1,,,,,,,,,,,,,,1,1,,270,0,395,840,1320,6,1,5,,,,,,,,,,,,,,,,,,,,,,,,,,,,,
2023-05-24,4,"Slept well until I got up to pee, then had trouble getting back to sleep. Woke up around 4 (probably) and couldn't get back to sleep at all. Pretty bland day, tennis in the evening.",4,,1,1,1,1,1,,,,,,,,,,,,,1,1,,240,,395,1275,1350,6,1,5,,,,,,,,,,,,,,,,,,,,1,,,,,,,,,
2023-05-25,4,"Slept well but very tired. Sammy had Teriffic Kid in the morning then I was on work and barrington meetings most of the day. I had to watch Lena at the pool and apparently did not do a good job and Nico did not behave well either. Victoria brought up quitting again, but I said there is zero reason for Nico to be swimming, which means that Nico and Lena do not need to be at the pool. That would solve a lot of the issues.",5,,1,1,1,1,,,,,,,,,,,,,,2,1,,270,0,375,900,1320,6,1,5,,,,,,,,,,,,,,,,,,,,,,,,,,,,,
2023-05-26,5,"Just OK sleep. Alarm didn't go off and I woke up on my own around 5, finally checked the time around 519 and got up. OK day, worked for a while then went on a day date w/ Victoria and Lena to a Thai place that was very good. Did a lot of Barrington today, had some good calls and some disappointing calls (Clinton Kelly), and did some training.",5,,1,1,1,1,,,,,,,,,,,,,,1,,,300,,405,795,1330,6,1,5,,,,,,,,,,,,,,,,,,,,,,1,,,,,,,
2023-05-27,5,"Not the best sleep, felt pretty light. Woke up probably a little before 5 but waited until my alarm to get up. Cold, windy, and rainy this morning but I went for a run anyway. Felt pretty good. Made a big breakfast for the boys then we went to a pretty nice play place for them, grocery shopping, lunch at home, and everybody napped. Victoria and I watched a movie and it was nice to just relax. I had Lena in the evening and we went for a walk and played in the sunroom for a while. It was pretty fun.",5,,1,1,1,1,,,,193.8,15.4,,,,,,,,,2,,,300,,510,1305,1320,4,1,5,,,,,,,,,,,,,,,,,,,,1,1,1,,,,,,,
2023-05-28,4,"OK sleep, not great. My dad and Deb came down for a visit today. I cooked on the flat top and we had a good time. Victoria and my relationship is still very tenuous. She's frustrated at how rigid I am w/ my rules, I'm frustrated that she seems to want everything, including another kid. I'm also frustrated b/c we don't have any kind of physical relationship right now - not just sex but even cuddling. Revised the last week's worth of daily scores down one due to relationship struggles. I've been having a lot of negative thoughts recently, specifically about our relationship and the future. Victoria has expressed her negative thoughts, specifically about me and my tendencies, but I'm afraid that if I express mine, we won't stay together. I guess I kind of have expressed mine in that we shouldn't have had a third kid and she's not willing to give anything up. Those conversations generally don't end well and she says OK I'll just quit everything then.",5,,1,1,1,,,,,,,,,,,,,,,2,1,,315,0,510,780,1350,5,1,5,,,,,,,,,,,,,,,,,,,,,,,,,,,,,
2023-05-29,5,"Pretty poor sleep. Woke up a little before 3 and went to the bathroom then Lena started crying around 330. I got her some milk, then came back and cuddled victoria for a few minutes, then she wanted to roll over so I just got up around 340. Went blueberry picking w/ the kids and it was fun other than Lena. Victoria got her period today too, and she said that explains why she's been so up and down lately. I told her that 3 out of 4 or 4 out of the last 5 times she's gotten it, we've had really bad relationship struggles. Went over to mana and payas for dinner, it was ok as well. Ate meatballs, which I'm sure had some kind of bread in it, so I'm marking today as not eating clean. Other than that and blueberries I ate clean.",3,,1,1,1,1,,,,,,,,,,,,,,2,,,210,,510,1020,1320,4.5,1,5,,,,,,,,,,,,,,,,,,,,,,,,,,,,,
2023-05-30,6,"Slep OK, not great. Tossed and turned a bunch. Busy day w/ meetings and calls. Lena is super constipated so I took her and Nico to the doctor this afternoon, they both did OK. I watched them while victoria and Sammy were at the swim meet. After Lena went down, I read a story to Nico and just couldn't keep my eyes open. I napped for about 15 minutes then forced myself to get up and play w/ him. I felt bad about it but we had fun.",4,,1,1,1,1,,,,,,,1,,,,,,,1,1,,270,0,390,855,1335,5,1,5,,,,,,,,,,,,,,,,,,,,1,1,,1,,,,,,
2023-05-31,6,"Slept well, very comfortable. Busy day w/ Barrington, feeling much better about it although I can't really identify why. Maybe it's b/c it seems like more leads are coming in. Otherwise, pretty normal day. Hung out w/ Lena in the afternoon. We played for a bit, went on a bike ride, and played on the swing. She's still having a hard time pooping.",8,,1,1,1,1,,,,,,,,,,,,,,1,1,,270,0,390,825,1290,6,1,5,,,,,,,,,,,,,,,,,,,,,,,,,,,,,
2023-06-01,4,"Not great sleep. Pretty comfortable, but woke up around 4 to pee and didn't get back to sleep - Lena was crying and I waited until Victoria got up to get her. Stressful day for some reason. Had to go into work, where I found out we're doing another demo. These are getting annoying b/c they generally require me to come in. Colleague said something dumb to our govie engineering lead, which as me a bit concerned. After I got home, made a bunch of Barrington calls then hung out w/ Lena.",4,,1,1,1,1,,,,,,,,,,,,,,1,1,,240,,390,960,1365,6.5,1,5,,,,,,,,,,,,,,,,,,,,1,1,,,,,,,,
2023-06-02,5,"OK sleep, just went to bed too late. Very tired when my alarm went off. When sammy was eating breakfast, victoria said something like ""last day of school…"" and I responded with ""oh I know"" w/ an ominous tone. Apparently Sammy picked up on it and asked why I said it like that. I didn't know how to answer then he asked if it's b/c I'm not looking forward to dealing with him/them when school's out b/c I'll have to yell at everybody. I need to do better w/ how I represent myself apparently. Pretty average day. After the kids went to bed, Victoria and I just did separate things. I was hoping to hang out but I made the mistake of going to my computer, just to pay a bill, and she had already started to work on swimming stuff. Need to make a better effort to hang out.",5,,1,1,1,1,,,,,,,,,,,,,,1,1,,270,0,390,720,1320,6,1,5,,,,,,,,,,,,,,,,,,,,,,1,,,,,,,
2023-06-03,6,"Light sleep and I woke up around 445, got up around 5. Early grocery shopping, pool, then Victoria and I went to a music festival that she got free tickets to. It was pretty fun but I was completely out of place.",4,,1,1,1,1,,,,192.8,15.2,,,,,,,,,2,,3,285,,700,1245,1335,5,1,5,,,,,,,,,,,,,,,,,,,,,,1,,,,,,,
2023-06-04,4,"Not great sleep, woke up pretty tired before my alarm but I had to poop. Pretty down most of the day - partially b/c not feeling great after yesterday, partially b/c I feel a lot of distance w/ victoria and we haven't had sex in >3 weeks. I don't want to bring it up b/c then she'll feel bad. I played a little tennis in the morning and took a ball to the eye. Right eye is sore and vision is blurry. Hopefully it won't stay like this for a while.",3,,1,1,1,,1,,,,,,1,,2,,,,,1,1,,280,,580,960,1320,8,1,5,,,,,,,,,,,,,,,,,,,,,,,,,,,,,
2023-06-05,6,"Poor sleep, relationship struggles on my mind. I don't want to bring it up b/c victoria's already go a lot of other stuff going on, doesn't need to worry about me. Woke up at 3 to pee, though I'd get a good sleep cycle in but didn't. I must have fallen asleep a little b/c it didn't feel like an hour and a half went by when my alarm went off. Challenging day w/ the kids and work. Sammy and Nico were great, Lena was more difficult. Can't do a whole lot when she's up. Fortunately, Veronica came to get her around 1. Made a lot of calls today and had a good tennis match in the evening.",3,,1,1,1,1,1,,,,,,,,2,,,,,1,1,,270,0,390,1245,1350,6,1,5,,,,,,,,,,,,,,,,,,,,1,,,,1,,,,,
2023-06-06,5,"Slept great, but Nico came in around 4 after he wet the bed. After I cleaned it up, it took me a long time to get back to bed. Mostly just lamenting our sex life. After I finally got back to sleep, I slept great again. I don't think I moved at all. Eye is feeling better - not much pain but still have a halo around lights and some double vision. In the office for a long time today. Wasn't too bad, but I had other stuff I needed to do and was exhausted by the end of the day. Played w/ Nico and Lena in the sunroom for a while during the swim meet.",6,,1,1,1,1,,,,,,,,,2,,,,,1,1,,270,0,405,1020,1335,5.5,1,5,,,,,,,,,,,,,,,,,,,,,,,,,,,,,
2023-06-07,5,"Slept really well, don't think I moved at all. Lots of dreams that I can't remember the details of. When my alarm went off, I was in a super deep sleep and had to get torn out of it. Interesting sensation. Back in the office today for a little bit.",8,,1,1,1,1,,,,,,,,,1,,,,,2,1,,270,0,400,915,1335,4.5,1,5,,,,,,,,,,,,,,,,,,,,,,1,,,,,,,
2023-06-08,5,"Slept well again but in a bad mood this morning. We really should have paid for daycare. This summer is going to be very difficult. It's hard for me to not feel a lot of resentment towards victoria. Stressful morning w/ the kids home and trying to do work. Didn't get much done at all until about 5pm or so. Had a few good Barrington conversations today and got two verbals. Excited about that. Played w/ the kids outside for a bit. At dinner, Sammy tripped and broke a plate. I thought I did a decent job of not getting mad at him and just accepting it, wonder how he thougth I reacted.",8,,1,1,1,1,,,,,,,,,1,,,,,1,1,,270,0,390,780,1350,5.5,1,5,,,,,,,,,,,,,,,,,,,,,,1,,,,,,,
2023-06-09,9,"Good sleep again. Victoria didn't get in bed until 2:30. I got back to sleep and slept well. Great day today. Morning started out rough w/ the kids and trying to work, but I dropped them off and got after it. We're getting a lot of good leads in w/ Barrington now so it's really exciting. I got one contract signed and it should be a good one. I was close on two others but they likely won't go anywhere. Got dinner w/ Brian at Istanbul and it was very good. I skipped lunch so I ate the bread, which was the only non-clean thing I ate today. Victoria and the kids left for Clemson around 1 this afternoon.",8,,1,1,1,1,,,,,,,1,,1,,,,,1,,,270,0,390,1200,1370,6.5,1,5,,,,,,,,,,,,,,,,,,,,1,1,,,,,,,,
2023-06-10,8,"Not great sleep. Went to bed too late. Woke up at 315 to pee, took a bit to get back to sleep. Feeling a little nauseous this morning for some reason. Maybe I ate too much too late? Good day, got a lot done and didn't waste too much time. Daniel and Zach came over for dinner and we had a good time. Also didn't go HAM on eating today.",5,,1,1,1,1,,,,192.6,15,,1,,1,,,,,1,,,315,2,450,1290,1370,5.5,1,5,,,,,,,,,,,,,,,,,,,,,,,,,,,,,
2023-06-11,8,"Slept well, just not enough. Don't feel like crap today b/c I didn't go overboard yesterday. Decent day, got some more stuff done but also probably wasted too much time on youtube. Victoria and the kids got back quite a bit earlier than expected today. Was nice catching up w/ her after the kids went to bed. Didn't eat enough throughout the day so I had a large snack after the kids went to bed. Victoria had a rough trip but somehow she still wants another kid. I don't get it.",6,,1,1,1,,1,,,,,,,,1,,,,,2,1,,315,1,440,1245,1350,7,1,5,,,,,,,,,,,,,,,,,,,,1,1,,,,,,,,
2023-06-12,3,"Slept well, just not enough. Procrastinated too much in the morning. My lack of sleep is catching up w/ me. Tension w/ Victoria again. We brought up the vacation which we're apparently going on or else she's going to move out. Otherwise it was a decent day. I hung out w/ Lena a lot today - long walk in the morning then played w/ her for a while before bed.",6,,1,1,1,1,,,,,,,,2,1,,,,,2,1,,270,0,395,825,1305,6.5,1,5,,,,,,,,,,,,,,,,,,,,,,,,,,,,,
2023-06-13,4,"Slept well until I got up to pee around 315 then couldn't get back to sleep. Lamenting the upcoming ""vacation"" and discussions of it, our sex life, and our relationship in general Eventually got up at 415. Pretty tired all day. Felt very overwhelmed at points, trying to get stuff done at Darlington (repairs, renewing the loan), eutawville, and a little bit of work stuff. Went for a long walk w/ Lena in the morning. I had Nico and Lena in the afternoon before we went to the swim meet and was so exhausted I fell asleep in the beanbag while they played. My exhaustion is affecting my mood and behavior around the kids",3,,1,1,1,1,,,,,,,,2,1,,,1,,1,1,,195,,390,1020,1310,6.5,1,5,,,,,,,,,,,,,,,,,,,,,,,,,,,,,
2023-06-14,4,"Slept well until I got up to pee again around 330. Took a while to get back to sleep, around 410. Very tired in the morning, forced a quick workout after some procrastination. Did not do well w/ the boys in the morning, patience was very short. Didn't help that Nico pooped his pants and got poop all over the toilet seat. Added MARRIAGE SCORE today as another metric and filled in the past few days. We've been pretty distant for the past month or so, ever since talking about a vacation for the first time. And now w/ swim season, I'm feeling a lot of resentment towards Victoria, mostly b/c she wants it all and isn't willing to give anything up. We shouldn't have had a third kid and she still wants a fourth. I don't understand it and it's very frustrating. We barely see each other anymore and rarely talk. A lot of that is b/c it's swim season, but a lot of it is also b/c of the tension b/w what each of us wants/doesn't want. We talked about the vacation again today and did what we normally do - I gave in and said let's do it, she said it's too late now (even though there are still cruises available). She also doesn't want to go knowing that I don't want to go. Very frustrating. We were friendly at night though and had a conversation. Hard to tell where we stand on everything. Went to bed early.",4,,1,1,1,1,,,,,,,,3,1,,,1,,1,1,,270,0,390,825,1245,6,1,5,,,,,,,,,,,,,,,,,,,,1,1,,,,,,,,
2023-06-15,3,"Slept very well, woke up on my own to pee just before 4:30. Busy day, not really w/ fun stuff. Victoria and I are on speaking terms but everything devolves into not going on a trip, etc.",8,,1,1,1,1,,,,,,,,3,1,,,1,,1,1,,270,0,390,900,1305,6,1,5,,,,,,,,,,,,,,,,,,,,1,1,1,,,,,,,
2023-06-16,4,"Slept well until about 345, eventually got up around 415. Low back sore during workout. Went on a long walk w/ Lena again this morning, probably about 6 miles or so. Had a lot of quiet time to get work done and got another contract signed. Marriage is still shakey but at least we talked tonight, more than we have in a while. We're back in the same pattern where I feel like I'm in the wrong but I don't think it should be that way.",6,,1,1,1,1,,,,,,,1,4,2,,,,,1,1,,225,,390,885,1305,6.5,1,5,,,,,,,,,,,,,,,,,,,,,,,,1,,,,,
2023-06-17,4,"Slept ok but woke up to pee around 4 and couldn't get back to sleep. Got up around 430. Finally planning on taking a rest day today. Grocery shopping and lowes in the morning, then house pics, pool, and hung out w/ the kids in the evening. Victoria got upset at the pool b/c of some of the other people there and took it out on me and sammy. One of her friends there said ""I can't believe you talk to your husband that way"" and that kind of helped me feel validated about how I'm treated. That's her second friend who's said something similar. Interesting. We had dinner together though and talked. I made a Thai dish that wasn't great. Ordered Victoria some CBD gummies and a new phone.",5,,1,1,1,,,,,189.8,14.7,,,4,2,,,,,1,,,240,,465,1260,1350,5,1,5,,,,,,,,,,,,,,,,,,,,,,,,,,,,,
2023-06-18,3,"Slept decently. Woke up to pee around 430 and got back to sleep until alarm at 515. Didn't do much today. I got some work done while everyone went to church. Nico and Sammy went over to the grahams while Lena napped. Victoria and I put laundry away then rested together, which was nice. Then we went to mana and paya's, which was pretty dull. After that, I was going to take the boys to the pool but it stormed so we just hung out for a while. When we went to bed, victoria and I cuddled for a bit more then I tried to initiate sex and she was not having it, said we're nowhere close to that. I thought that was probably the case but we had been talking more recently and I thought there might be a chance. She also said I should ""intrinsically know"" what needs to be done, but clearly I don't.",6,,1,1,1,,,,,,,,,3,1,,,,,1,1,,315,0,510,1050,1335,4.5,1,5,,,,,,,,,,,,,,,,,,,,1,,,,,,,,,
2023-06-19,4,"Not the best sleep. Woke up around 230 to pee, not sure if I got back to sleep or not. If I did, it was very light. McCoy came to watch Lena and Nico today, which helped out. I was able to go to the chiro for my back. Otherwise, it was a pretty dull day. Victoria and I are friendly towards each other, but there's clearly still a lot of tension and it's frustrating.",4,,1,1,1,1,,,,,,,,4,3,,,,,2,1,,270,0,390,840,1290,6,1,5,,,,,,,,,,,,,,,,,,,,,,,,,,,,,
2023-06-20,5,"Slept well until sometime in the morning, I'd guess around 3 or 330. I think I got back to sleep again but it was very light. Very tired in the morning and lots of negative thoughts, things I want to say to Victoria but probably shouldn't. OK day, nothing too noteworthy. Victoria had a swim meet so I had the kids in the evening. We played for a while in the sunroom then dinner. Super hungry when I went to bed. Almost ate something b/c I was concerned about waking up too early but decided not to and see what happens.",3,,1,1,1,1,,,,,,,,3,2,,,,,3,1,,270,0,390,780,1305,6,1,5,,,,,,,,,,,,,,,,,,,,,,1,,,,,,,
2023-06-21,5,"Slept well. Woke up a little after 4 but got back to sleep until my alarm. Felt like a lot of tension in the morning b/w me and victoria for some reason. Busy day w/ work and barrington. Had a good call w/ Matt from Barrington in the evening - he was asking how I stay disciplined w/ working out and getting up, I was asking him about setting work boundaries.",6,,1,1,1,1,,,,,,,,3,2,,,,,2,1,,270,0,375,795,1305,6.5,1,5,,,,,,,,,,,,,,,,,,,,1,1,1,,,,,,,
2023-06-22,4,"Comfortable sleep but woke up at 330 to pee and couldn't get back to sleep. It was like I was searching for things to worry about - specifically Darlington - but I was able to fight off those thoughts. Still couldn't get back to sleep though. OK day, although I keep having negative/resentful thought about victoria wanting a third kid, wanting a vacation b/c she puts too much onto herself, and just wanting everything.",4,,1,1,1,1,,,,,,,,3,3,,,,,1,1,,210,,390,1065,1350,6,1,5,,,,,,,,,,,,,,,,,,,,1,,,,,,,,,
2023-06-23,5,"Decent sleep but Nico came in and woke us up, then Sammy started crying w/ the thunderstorm. Was in a deep, interesting dream when my alarm went off. Pretty neutral day. Victoria got strep again and was feeling pretty bad but got some medicine quickly. She also got her CBD gummies and took some at night. I think they might have helped her be more relaxed. We talked about a vacation again - apparently we're doing Disney in feb and a cruise next summer to alaska w/ the grahams - wtf. I think we'll be OK not doing something this summer. Frustrated that I ate later again today. Just ate the chicken that Nico didn't eat, but really didn't need to.",5,,1,1,1,1,,,,,,,1,5,2,,,,,1,1,,270,12,410,1050,1335,6,1,5,,,,,,,,,,,,,,,,,,,,,,,,,,,,,
2023-06-24,4,"Slept well. Hard to score today. It was a good day for most of it, probably about an 8. Went to activate Victoria's new phone, got groceries, then hung out w/ the kids for a while. Got a bit of stuff done while they slept, then went to dinner w/ the grahams. Then we went back to their house and hung out for a while. Really didn't do anything but we stayed until after 10 so I was tired and a little frustrated, but not as much as I would have been in the past. But the last hour and a half or so was just listening to about 20 seconds of songs back to back and it just wasn't my jam. Victoria loved it though and she really got to bond w/ her parents. She asked me how I enjoyed the evening and I said ""it was a nightmare"". It was an exaggeration and I didn't think it would have had a big affect on her, but it was about the worst thing I could have said apparently. It brought up again that we have nothing in common, etc. I tried to walk it back but it obviously wasn't received well. Eventually I moved down to the couch - I feel really bad about how I made her feel.",6,,1,1,1,,,,,191.6,15.1,,,2,2,,,,,3,,1,315,0,465,1185,,4,1,5,,,,,,,,,,,,,,,,,,,,1,,,,,,,,,
2023-06-25,3,"Pretty poor sleep. Slept on the couch, didn't get to sleep until about 130 am and it wasn't good sleep when I did. Very exhausted in the morning and still full from eating too much yesterday. Tennis in the morning. Not much of an appetite today, very tired and feel bad about last night. I took the boys to the pool in the afternoon and had fun. Took all 3 kids to the library, then made dinner and read stories. Other than the tension w/ victoria, it was a good day. She's talking to me and isn't acting explicitly mad, but I can feel that it's there.",1,,1,1,1,,1,,,,,,,2,1,,,,,2,1,,315,1,435,1155,1305,5,1,5,,,,,,,,,,,,,,,,,,,,1,1,,,1,1,,,,
2023-06-26,6,"Decent sleep and I was comfortable. Didn't get much done today - long walk w/ Lena in the morning then went to Daniel Island to hang out before the 6 and under mega meet. Had fun at a playground, got an early dinner, then hung out w/ ben gibson for most of the meet. Sammy did really well, won 1st place in 2 of his heats and almost got a medal. Victoria and I seemed to bond and she really appreciated that I came. Hard to tell where our marriage is at, she's still very upset about Saturday but she's at least acting friendly towards me.",6,,1,1,1,1,,,,,,,1,5,3,,,,,1,,,270,0,395,1005,1330,5,1,5,,,,,,,,,,,,,,,,,,,,1,,,,,,,,,
2023-06-27,5,"Slept well but very tired in the morning. I got up fine but procrastinated on the couch for a while. Pretty tired all day. Not much to report, had a swim meet in the evening.",6,,1,1,1,1,,,,,,,,5,3,,,,,2,1,,270,2,400,900,1335,6,1,5,,,,,,,,,,,,,,,,,,,,,,,,,,,,,
2023-06-28,5,"Slept well and comfortably. OK day, tough in the morning w/ all 3 kids here and trying to have my barrington huddle.",8,,1,1,1,1,,,,,,,1,5,2,,,,,1,1,,270,0,410,840,1350,5.5,1,5,,,,,,,,,,,,,,,,,,,,1,1,,,,,,,,
2023-06-29,4,"Slept well. Not a fun day. Lean's gota virus w/ spots/bumps all over her but she doesn't seem to be bothered by it. I had to go into work for a while today, stayed pretty late, and waited way too long before eating lunch. Felt exhausted and drained by the time I got home. Went to bed around 8:30 but didn't go to sleep until about 9:45 or so.",8,,1,1,1,1,,,,,,,,5,2,,,,,1,1,,270,0,390,1110,1305,4.5,1,5,,,,,,,,,,,,,,,,,,,,,,,,,,,,,
2023-06-30,5,"Slept well. Pretty mediocre day and didn't get much done. Enjoyed getting lunch w/ Luke and Jeff though. I offered to take the kids to the pool when I got home but victoria took them instead and she came home supe angry b/c of some of the people there. Didn't do much in the evening, just wasted time on youtube unfortunately.",6,,1,1,1,1,,,,,,,,4,2,,,,,2,,,270,0,410,1200,1335,5,1,5,,,,,,,,,,,,,,,,,,,,,,,,,,,,,
2023-07-01,8,"Slept pretty well and had a pretty good day. Finally had sex this morning after a nice cuddle. We all rode bikes down to the farmers market w/ a small group. It wasn't as bad as we had anticipated and Sammy did a great job. He crashed once under a bridge but he got up and kept going. He didn't even have to stop at any hills. We were so proud of him. I know I wouldn't have been able to do that at his age. Before we left, a hot lead came in w/ Barrington. I wasn't going to take it but we had a few minutes so I asked Victoria if I could. Had a good call w/ him and got the contract signed in the afternoon. It's very conflicting - I need to pull back a bit but then stuff like this happens. After the bike ride, we came back and relaxed and had lunch. Then we all went to the pool. Then Victoria took the kids to her parents and I did a few things around the house (and got that contract locked up). Victoria and I watched a movie w/ dinner - some Thai dish that was really burnt but I saved it w/ salt and lemon juice to cancel out the bitter. Didn't go too overboard w/ eating today but did eat a lot for dinner.",6,,1,1,1,1,,,,194.6,15.4,1,,6,1,,,,,2,,,315,0,450,1260,1365,5,1,5,,,,,,,,,,,,,,,,,,,,,,,,,,,,,
2023-07-02,6,"Slep OK. Feel a little sick in the morning from eating too much but not too bad. OK day, stayed busy but don't feel like I got that much done. Tennis in the morning. When I started hitting, my right shoulder/clavicle/trap felt a bit awkward.",6,,1,1,1,,1,,,,,1,,6,1,,,,,2,1,,315,0,465,1080,1350,6.5,1,5,,,,,,,,,,,,,,,,,,,,1,1,1,,,,,,,
2023-07-03,9,"Slept OK but Nico came in twice, including once right before my alarm went off. Good day today. Hung out w/ the Caseys at the pool for a while, then came back and hung out w/ Brittany and Chase and their kids for a while. Had a good time. Ate clean until about 4pm. Didn't eat too poorly - some buffalo chicken dip, mac and cheese, and some fruit - but I ate too much.",5,,1,1,1,1,,,,,,,,8,2,,,,,2,,,270,0,410,1200,1340,5,1,5,,,,,,,,,,,,,,,,,,,,,,,,,,,,,
2023-07-04,8,"Pretty poor sleep. Probably ate too much too late, but also my watch kept illuminating when I moved, which made me think the alarm wasn't going to go off. Well it didn't go off and I didn't get up until about 453. Also couldn't get comfortable. Tennis w/ Casey, Adam, and Sammy this morning. Didn't last too long b/c it was so hot but it was fun. Pickleball in the circle for a while after that. It was very hot today but that was fun as well. Hung out there for a while, then came home and napped. Then picked up Chinese to eat w/ Brian. I ate way too much and it definitely wasn't good enough to justify it. Very frustrated by that. Shoulder feeling worse. Has not affected lifting but certain movements are difficult. Very dull/broad pain, which is better.",3,,1,1,1,1,1,,,,,,1,8,2,,,,,1,,,285,,380,1200,1295,5,1,5,,,,,,,,,,,,,,,,,,,,1,,,,,,,,,
2023-07-05,8,"Poor sleep - couldn't get comfortable and the power went off in the middle of the night. Good day, very busy w/ Barrington w/ a lot of leads coming in. Got one contract signed w/ a really nice guy. Took a call when I was helping the kids w/ some homework at night, shouldn't have done that.",4,,1,1,1,1,,,,,,,,6,2,,,,,1,1,,270,0,390,1065,1340,5,1,5,,,,,,,,,,,,,,,,,,,,,,,,,,,,,
2023-07-06,5,"Poor sleep, couldn't get comfortable. Lena woke up pretty sick today, trouble breathing. Eventually took her to the doctor and she has croup. Didn't get much done today.",4,,1,1,1,1,,,,,,,,6,2,,,,,2,1,,270,0,400,960,1320,5.5,1,5,,,,,,,,,,,,,,,,,,,,,,,,,,,,,
2023-07-07,6,"Slept better, still tossed and turned. OK day, got some work done but couldn't get into a solid groove b/c it was stop and go getting ready for Sammy's party tonight. The party went well - sammy had a lot of fun and it seemed like the guests did too. I wasn't happy that so many people were there and it seemed like there were a lot of ""political"" invites, but I stuck to my small group that I'm comfortable talking to and it was fine. Had to do some self-talking before the party to make sure I didn't eat anything there. Not sure if it was weird or not, but it helped.",5,,1,1,1,1,,,,,,,,6,1,,,,,1,1,,270,1,375,870,1365,5,1,5,,,,,,,,,,,,,,,,,,,,1,1,,,1,,,,,
2023-07-08,6,"Slept pretty well. Victoria had city meet so I had the kids until the afternoon. Had fun playing w/ them - Sammy worked on putting legos together while I played w/ Nico and Lena in the sunroom. In the afternoon, we all went outside for a bit and played w/ the squirt guns. Of course that didn't go too well, but it was fun for a bit. Victoria's feeling overwhelmed and stuck. I'm not sure how to help w/ that. Part of it is she hates her CASC job. I told her she could quit, but she won't even consider that b/c of the benefits and years she's accumulating. She's also stressed b/c she's done as much as she can w/ her swim teams and they're not going to get better. She's being pulled in multiple directions constantly. She reiterated that that's one of the reasons why she wanted to go on a vacation - so she wouldn't be needed by anyone or couldn't be reached. I resisted saying that she can just turn her phone off.",6,,1,1,1,1,,,,193.4,15.4,,,4,1,,,,,1,,,315,0,480,1215,1365,4,1,5,,,,,,,,,,,,,,,,,,,,,,1,,,,1,,,
2023-07-09,5,"OK sleep, tossed and turned a little. OK day, didn't do much and relaxed a bit. I had Lena for most of the day - we went for a walk and just hung out. Then we all went to mana and paya's for Sammy's birthday. Went to bed early around 8 and read for a while, then victoria and I got in another argument about her anxiety and her complaining that we're not going on vacation. I'm really getting annoyed w/ this. She also said that for the next couple of weeks, she's just going to be home w/ the kids not doing anything productive. I really wanted to say ""this is what you wanted to be a teacher for, so you could be home w/ the kids"", but I didn't. Probably for the best. There were a lot of things I wanted to say but held my toungue.",5,,1,1,1,,,,,,,,,3,1,,,,,2,1,,315,1,480,870,1320,4,1,5,,,,,,,,,,,,,,,,,,,,,,1,,,,1,,,
2023-07-10,9,"Poor sleep. Tossed and turned a lot, then woke up probably around 4 or before and couldn't get back to sleep. Good day today. Made a lot of calls w/ Barrington, stayed busy, and even took off early and went to the water park w/ the family. It was rainy today so it was the perfect day to go. Everyone had a really good time and they kids behaved well. After we got back and put the kids to bed, I got a contract signed as well. Waited too long before eating in the evening though. I had a couple of bites of spaghetti and a cube of cheese, lost my discipline. It wasn't much, but I had a moment of weakness.",3,,1,1,1,1,,,,,,,,5,1,,,,,2,,,270,0,395,1125,1335,5,1,5,,,,,,,,,,,,,,,,,,,,,,,,,,,,,
2023-07-11,4,"Better sleep but still not good. Tossed and turned a good bit, tired in the morning. Day started out fine but got stressful. Victoria was out at AR today and we got a babysitter so I could still work. Then she wanted me to bring the kids out to her and I had to rush to get Sammy back in time for a birthday party. Later, I got a call from one of my contracts and they are super upset b/c they misunderstood the terms and it's likely going to blow up. That would have been a 6 figure deal. Not sure what's going to happen but it's a bummer. Then we had the swim banquet and I was on Nico and Lena duty. Overall, they did pretty well but it was still stressful. Then after we got home, I got a call from a seller that I was expecting to wrap up and she said she wasn't going to go forward w/ the deal. Pretty disappointing. Didn't eat poorly, but I had a couple of slices of cheese on my burgers at the banquet. Ate later than I should have.",4,,1,1,1,1,,,,,,,,5,,,,,,2,,,270,0,390,1140,1350,4,1,5,,,,,,,,,,,,,,,,,,,,,,,,,,,,,
2023-07-12,8,"Poor sleep. Went to sleep around 10 then victoria got home around 1030 and I woke up. Tossed and turned all night, then got up to pee at 3. I was excited b/c it was enough time for a 90 minute sleep cycle, but I never got back to sleep. Eventually got out of bed at 415. Couldn't turn my brain off - worried about the deal that's going to blow up and excited about the Barrington mastermind today and tomorrow. Went into work for a meeting then went to the mastermind. Had a great time and enjoyed hanging out w/ everyone. Stayed a hung out after dinner until way too late, around midnight. Finally got to bed at 1am.",2,,1,1,1,1,,,,,,,,5,,,,,,2,,3,180,,370,1200,,4,1,5,,,,,,,,,,,,,,,,,,,,,,,,,,,,,
2023-07-13,8,"Slept OK but super tired in the morning. Slept in until 6 but it didn't really help. Mastermind again in the morning and it was another good time. Exhausted by the end of the day but still stayed up too late working and reading, then Victoria and I got into yet another argument about not going on a god damn vacation. Had some weakness WRT eating at the end of the day. Not bad, just some watermellon, jalepeno dip, and a breaded shrimp.",4,,1,1,1,,,,,,,,,4,,,,,,1,,,360,0,450,1080,1350,3,1,5,,,,,,,,,,,,,,,,,,,,,,1,,,,,,,
2023-07-14,5,"Poor sleep, tossed and turned a lot and just can't get comfortable. So tired that I got up, pooped, meditated, then tried to get back to sleep on the couch. I was able to fall asleep, but Nico came in around 630 and that was it. Busy day, felt a bit overwhelmed at points. Went to play poker w/ a bunch of swim dads. It was OK but I was a little uncomfortable most of the night.",3,,1,1,1,,,,,,,,,5,,,,,,2,,2,270,0,480,1215,1365,4.5,1,5,,,,,,,,,,,,,,,,,,,,1,1,1,,,,,,,
2023-07-15,6,"Slept OK but tossed and turned. OK day, went to the splashpad w/ the kids and the Corbettes, then played w/ the boys most of the day. Pretty unstructured and didn't have any plans but I think the kids had fun. Watched Tom Segura's special w/ victoria before bed.",5,,1,1,1,1,,,,193.4,16,,,5,,,,,,1,,,315,3,525,1260,1335,4,1,5,,,,,,,,,,,,,,,,,,,,,,1,,,,,,,
2023-07-16,5,Poor sleep. Tossed and turned then woke up around 315 to pee and couldn't get back to sleep. Cuddled w/ victoria but then I moved away b/c I was getting handsy and that's not happening. Eventually got out of bed around 415. Very tired all day. Probably should have napped but I have a lot of stuff to catch up on. Relaxed at the end of the day and just read for a while.,2,,1,1,1,,,,,,,,1,4,,,,,,2,1,,195,,480,870,1320,5,1,5,,,,,,,,,,,,,,,,,,,,1,1,,,,,,,,
2023-07-17,3,"Slept OK but I do a hard wakeup every time I need to shift. Rough day. Very tired all day and low motivation. Dropped Lena and Nico off at school, Sammy did a great job all day playing w/ Legos. Pretty worried about Darlington again - can't get in touch w/ Kyle and unsure about the refinance situation. Computer is moving really slow and that's been frustrating too.",4,,1,1,1,1,,,,,,,,5,,,,,,1,1,,270,0,390,855,1320,4.5,1,5,,,,,,,,,,,,,,,,,,,,,,,,,,,,,
2023-07-18,4,"Woke up at about 345 and couldn't get back to sleep, got up around 405. Super tired. Can't get Darlington off of my mind. Can't get in touch w/ Kyle so I've had to reach out to other contractors. Exhausted all day and my confidence has taken a big hit w/ Barrington. Need to do a reset somehow. Took the boys to the pool in the afternoon then hung out w/ Victoria in the evening, tried planning something for our anniversary.",3,,1,1,1,1,,,,,,,1,5,,,,,,1,1,,225,,360,840,1290,5.5,1,5,,,,,,,,,,,,,,,,,,,,,,,,,,,,,
2023-07-19,3,"Slept better tonight, still woke up when I have to shift. Slept until 415. Full day of Barrington today but I'm really struggling with it. The three contracts I have in January so far are not going well - one was dropped, one (HF only) isn't getting much response, and another isn't getting good feedback. I'm cranking out a lot of offers but not getting anywhere and I feel like I'm letting the team down. I feel inadequate and ineffective. Also, for whatever reason, Luke being only 24 is really affecting me. It's unfortunate b/c I really respect him, but him being so young just makes me feel even more inadequate and just not good enough. I acknowledge that I'm just in a funk so I'm pushing through and waiting for the momentum to come back but it's tough right now. Last week I was riding high, feeling like I'm good enough to quit my job, and now I'm questioning everything.",5,,1,1,1,1,,,,,,,,5,,,,,,1,1,,254,,410,870,1350,5.5,1,5,,,,,,,,,,,,,,,,,,,,,,1,,,,,,,
2023-07-20,4,"Slept OK, woke up probably around 4 and couldn't get back to sleep. OK day, still feeling pretty down and inadequate about Barrington, another one of my contracts is going to get dropped. Played a game w/ the kids in the evening and that was pretty fun.",5,,1,1,1,1,,,,,,,1,5,,,,,,1,1,,240,,400,810,1320,5.5,1,5,,,,,,,,,,,,,,,,,,,,1,1,,1,1,,,,,
2023-07-21,6,"Slept better - woke up around 2:30 and was worried I wouldn't get back to sleep but I managed to get some light sleep in. I wonder if I'm waking up early b/c I'm finishing eating too early or not eating enough. Decent day, lots of Barrington stuff. Restarted my computer and it started running fast again and that was a huge boost. It was short lived though.",6,,1,1,1,1,,,,,,,,6,,,,,,1,1,,270,0,380,825,1350,6,1,5,,,,,,,,,,,,,,,,,,,,,,,,,,,,,
2023-07-22,5,"Slept pretty well. OK day, didn't do too much. Grocery shopping in the morning, pool, then I took Sammy to a birthday party in the afternoon. Didn't go HAM on eating today. Planned on making a few things but it never panned out. Towards the end of the day I wanted to eat some desserts or just junk food bud didn't let myself b/c I knew I'd feel bad tomorrow. It was a little difficult but successful.",6,,1,1,1,1,,,,193.4,15.3,,,6,,,,,,1,,,330,2,570,1185,1305,4.5,1,5,,,,,,,,,,,,,,,,,,,,,,,,,,,,,
2023-07-23,6,"Slept well, had a fun dream where I was inside Halo. Very comfortable, didn't toss and turn. Woke up at 430 to pee and didn't get back to sleep. Didn't do too much today. Went over to mana and payas and I cooked burgers and hot dogs. After that, I spent a good bit of time reading and played w/ the kids. I didn't eat clean today. Victoria made some mac and cheese for mana and paya's so I ate a good bit of that for dinner and had a few spoonfulls of pudding. I justified it b/c I didn't eat much at lunch (just a burger) and I need my energy for maxing out this week in the gym.",8,,1,1,1,,,,,,,,,5,,,,,,1,,,266,,570,1125,1325,4,1,5,,,,,,,,,,,,,,,,,,,,,,,,,,,,,
2023-07-24,6,"OK sleep but tossed and turned. OK day. Cuddled for a while w/ Victoria in the morning, then stayed really busy w/ Barrington. Had a few good conversations, close on a few deals.",5,,1,1,1,1,,,,,,1,,6,,,,,,1,1,,270,0,390,1140,1325,4.5,1,5,,,,,,,,,,,,,,,,,,,,,,,,,,,,,
2023-07-25,8,"Slept pretty well but Nico came in in the middle of the night to use the bathroom for some reason. I was able to get back to sleep fortunately. Pretty good day today, lots of calls and feeling better about Barrington. I don't like that my attitude is so tied to Barrington though.",5,,1,1,1,1,,,,,,,,6,,,,,,1,1,,270,2,380,1125,1335,4.5,1,5,,,,,,,,,,,,,,,,,,,,,,,,,,,,,
2023-07-26,9,"Slept well again, was able to get back to sleep after waking up to pee. Really exciting day. Turned around some actual work pretty quickly which was nice, shows them that I'm still active here. Lots of good conversations w/ Barrington. 2 contracts signed and it should have been 3 or 4. One backed out, the other said they're going to sign but I'm waiting on the realtor. I'm spending way too much time on Barrington, but I'm also really enjoying it.",6,,1,1,1,1,,,,,,,,6,,,,,,1,1,,270,0,525,1065,1350,6,1,5,,,,,,,,,,,,,,,,,,,,1,1,,,,,,,,
2023-07-27,6,"Just OK sleep. Lena woke us up then I woke up later to pee but decided not to. Interesting dream again about being on a pro basketball team w/ Jonah Hill. OK day today, more calls, another contract signed, and got some darlington stuff done. Planned our anniversary stuff w/ victoria in the evening.",5,,1,1,1,1,,,,,,,,8,,,,,,1,1,,270,0,390,870,1350,5.5,1,5,,,,,,,,,,,,,,,,,,,,,,,,,,,,,
2023-07-28,6,"Slept well, don't think I moved at all. Not enough sleep though. Took the day off to hang out w/ Victoria and the boys. We went to charleston for a few things. Started out at a donut shop, which I was annoyed by. Why always fucking donuts? Also annoyed b/c I hadn't eaten yet and I thought we were going to go somewhere w/ actual food, but that was my choice. Then we went to the children's museum for a while. The boys enjoyed it. Then we got lunch at Bodega and it was pretty good. Very surprised. Last, we walked over to the natural history museum, which was very cool. It was small, but nice. After we got home, we tried to watch a show/tv to relax and it was not relaxing. Victoria was resting, Nico and Lena were climbing all over me, and I was getting annoyed. I snapped at Sammy later when he was annoying me, just kept touching and poking. I'm sure I overreacted but it was just too much.",8,,1,1,1,,,,,,,1,,8,,,,,,1,,,270,2,750,990,1340,4,1,5,,,,,,,,,,,,,,,,,,,,1,1,,,,,,,,
2023-07-29,6,"Slept well again, just not enough. OK day, started out getting pics for Barrington then ran some errands. Was by myself most of the day. Made some good potatoes and thai food for dinner. Watched a movie w/ Victoria - I liked it enough, she wasn't that into it but followed along.",8,,1,1,1,,,,,195.6,15.9,,,6,,,,,,1,,,315,2,525,1230,1350,4,1,5,,,,,,,,,,,,,,,,,,,,,,,,,,,,,
2023-07-30,5,"Just OK sleep, couldn't get as comfortable. OK day, nothing special. Pretty tired most of the day. Didn't eat poorly today, got breakfast w/ rick and had some cheese on the omlette, that was it.",5,,1,1,1,,,,,,,,,6,,,,,,1,,,315,0,480,840,1320,4,1,5,,,,,,,,,,,,,,,,,,,,,,,,1,,,,,
2023-07-31,6,"Slept well but woke up a couple of times. 230 to pee then again around 4, didn't get back to sleep. OK day today. Victoria had to travel for work so just me and the kids. Got the little ones off to school then sammy went to the pool w/ a friend. He got to dig up some gems afterwords and enjoyed that. Computer is super slow and it's getting worse, my new one has shipped but I dont know when it's going to be delivered. Victoria surprised us all by coming home last night, but mainly so she could go to practice tomorrow morning. Interesting, and I'm sure I'm going to cite this example in future arguments. Not happy that this was my first thought when she walked in. Sammy also said that his friends he went swimming with today will get dropped off later (at their grandma's) b/c their dad has to work today and their mom is dropping them off later. He said their mom must be like my mom (victoria). I asked what he means and he said she likes to sleep in. I thought that was hilarious but didn't share it w/ victoria, I'm sure I'd get blamed for that.",5,,1,1,1,1,,,,,,,1,6,,,,,,1,1,,270,0,380,870,1350,5,1,5,,,,,,,,,,,,,,,,,,,,,,,,,,,,,
2023-08-01,5,"Slept comfortably but woke up around 4ish. OK day today. Dropped the kids off and had Sammy play legos at my desk while I worked. That was nice. Victoria's in her busy season (again/still) so it's frustrating, everybody's in a rush b/c she's busy.",6,,1,1,1,1,,,,,,,,5,,,,,,2,1,,270,0,390,1080,1335,5,1,5,,,,,,,,,,,,,,,,,,,,,,,,,,,,,
2023-08-02,5,"Slept comfortably but Nico came in twice and victoria's watch went off at 1am. Tweaked my hamstring during sprints this morning. Not horrible. Could have continued but glad I didn't. Light workload today, got some other things taken care of.",4,,1,1,1,1,,,,,,,,6,2,,,,,2,1,,270,3,390,930,1320,5.5,1,5,,,,,,,,,,,,,,,,,,,,1,1,,,,,,,,
2023-08-03,8,"Not the best sleep. Couldn't get as comfortable, woke up a few times. First day of stretching and it was tough. Some good Barrington action today - good conversations and a signed contract.",5,,1,1,1,1,,,,,,,,6,,,,,,1,1,,270,4,400,1080,1335,5,1,5,,,,,,,,,,,,,,,1,,,,,,,,,,,,,,
2023-08-04,6,"Not great sleep again, struggled to get comfortable, woke up around 345, and couldn't get back to sleep. Should have just gotten up. Ineresting day. Sammy played legos next to me while I worked, and Vicoria was out until 330 or so w/ work and swimming. We were planning on doing a late lunch for or anniversary, but I had to go get the other 2 kids b/c Lena was sick. We were planning on hanging out after the kids went to bed but Victoria had so much work to do that we each just got more work done. I didn't mind, I had a lot to do as well and got to set up my new computer, but if I had initiated the working last night for Barrington, it would have been a huge deal. Anyway, I got 2 more contracts signed today, feeling like I fit in now. Started cold water and it wasn't too bad. The water wasn't super cold though and that helped.",4,,1,1,1,1,,,,,,,,6,,,,,,1,1,,225,,400,1065,1365,5,1,5,,,,,,,,,,,,,,,,1,,,,1,1,,,,,,,,
2023-08-05,8,"Not great sleep. Couldn't get comfortable, frustrating dreams, and went to sleep too late. Kids were pretty rowdy in the morning while Victoria was at practice. Then we all went down to do a lemonade stand w/ the couldesac families. Enjoyed talking w/ Dan. Came home to relax a bit, then Victoria and I went out for our anniversary dinner at Ma'am Saab. It was very good, but for some reason I got extremely bubbly and couldn't finish. I felt pretty sick by the end of the night. Very gassy. But we enjoyed our night out and had fun.",3,,1,1,1,,,,,194,15.6,,,8,,,,,,2,,2,315,1,450,1260,1365,4.5,1,5,,,,,,,,,,,,,,,1,1,,,,1,,,,,,,,,
2023-08-06,6,"Didn't sleep well, woke up w/ gas around 2. Very tired in the morning. Got to play tennis but I played pretty horribly - poor mechanics and generally lazy/out of shape. Very frustrating. Hamstring started bothering me in the same spot as before. I played through it this time and it seems ok. It feels more like a knot. Wasted a lot of time today. I have a lot of stuff that I need to do but don't want to (work, Darlington), and ended up just dicking around. I did watch the first hour of Rocky w/ Sammy though and that was fun. Didn't eat enough today either but I really wasn't hungry.",3,,1,1,1,,1,,,,,1,,6,2,,,1,,3,,,315,13,500,1080,1365,5,1,5,,,,,,,,,,,,,,,,1,,,,1,1,,,,,,,,
2023-08-07,5,"Slept OK but woke up at 345 to pee and couldn't get back to sleep, Darlington on my mind. I just want this to be over. Spent most of the day on actual work. Nothing too bad and I think I avoided having to go into the office. Our Barrington phones are down so we have to do everything on our personal lines. I found that it's good timing for this b/c I had to do some actual work. I also observed that I felt a lot less pressure to do Barrington now that they wouldn't be able to see that I wasn't working. Very tired throughout the day. Went to the playground w/ everyone after picking up the littles and had fun. Power went out at night and of course that was a thing.",4,,1,1,1,1,,,,,,,,6,,,,,,2,1,,225,,390,840,1320,6.5,1,5,,,,,,,,,,,,,,,,,,,,,,,,,,,,,
2023-08-08,5,"Poor sleep. Nico woke up screeming around midnight b/c the power was off. Then again at 1215, at which point he came into our bed and I went downstairs. Shortly after, the power came on. I slept well until about 330 again and struggled to get back to sleep. I received a text from Jonathan right before bed saying that another house is falling out of contract, which was just poor timing. Got back to sleep though and was exhausted at 430. Considered sleeping in until 6 but got up anyway. Short temper w/ the kids in the morning. Very tired all day. More work stuff, but I did get complimented on something I got done yesterday lol.",3,,1,1,1,1,,,,,,,,6,,,,,,1,1,,270,13,390,840,1305,5,1,5,,,,,,,,,,,,,,,,,,,,,,,,,,,,,
2023-08-09,5,"Slept OK, woke up around 330 again. Was able to get back to light sleep. Tired in the morning again. Helped Sammy put a truck together in the morning, but frustrated that I didn't really get to start anything until about 10am. I had the kids in the evening and that was also frustrating. I ran an experiment where we all went outside and I sent the kids to play on the playset while I worked in the shop and that didn't go well. I guess I didn't expect it to but it's still fucking frustrating. Nico was sick so after dinner he went to bed early and Samm and I watched Rocky. Then when Victoria got home, I grilled steaks. Didn't need to eat it, especially that late, but I was pretty hungry and didn't want to eat it warmed up tomorrow.",4,,1,1,1,1,,,,,,,,6,,,,,,1,1,,270,0,390,1200,1350,5.5,1,5,,,,,,,,,,,,,,,1,,,,,,,1,,,,,,,
2023-08-10,5,"Slept well and got right back to sleep after getting up to pee. Very tired in the morning again and just did stretches instead of lifting. Pretty neutral day, got a contract signed but 2 are dropping (not unexpected). Victoria's feeling very overwhelmed and hates her teaching job, feeling very over it. Nico was home from school today and unfortunately all he did was watch tv.",6,,1,1,1,,,,,,,,,6,,,,,,2,1,,270,0,510,870,1305,6,1,5,,,,,,,,,,,,,,,1,,,,,1,1,,,,,,,,
2023-08-11,5,"Uncomfortable sleep last night and woke up again around 3:30, only got back to light sleep. OK day, had to go into the office to sign into my account and I was pleasantly surprised that they got new computers. Only took about a minute instead of 20-30. Pretty regular day though, but victoria is feeling very overwhelmed and that starts expanding to everyone. Tennis in the evening, played better but still out of shape.",4,,1,1,1,1,1,,,,,,1,4,,,,1,,2,1,,270,0,420,1305,1365,6,1,5,,,,,,,,,,,,,,,,,,,,1,1,,,,,,,,
2023-08-12,5,"Slept well just not enough. Able to get back to sleep afte getting up to pee. OK day today, didn't do too much. Victoria got pretty antsy and felt like she was just wasting time, which is how I feel most weekends. It's difficult to find things to do w/ all three kids. Went to the pool in the evening and Sammy actually enjoyed playing catch w/ me and a couple other kids. That was nice.",6,,1,1,1,,,,,191.8,15.7,,1,5,,,,1,,1,,,315,3,480,1300,1335,4,1,5,,,,,,,,,,,,,,,,,,,,,,,,1,1,,,,
2023-08-13,5,"Slept pretty well. Got up to do my thing then got back in bed and cuddled w/ Victoria. Tennis in the morning and it was uncomfortably hot. Didn't eat poorly, just had a little french toast and pasta before/after tennis. Pretty bland day again, didn't do much.",6,,1,1,1,,1,,,,,1,,6,,,,1,,1,,,315,1,480,1050,1320,5,1,5,,,,,,,,,,,,,,,,1,,,,1,1,,,,,,,,
2023-08-14,3,"Slept pretty well, felt like a long night (not in a bad way). Very tired (sleepy and physically) in the morning, wasted a lot of time before lifting. Victoria has to teach today and none of the kids are in school, so I had all three by myself. I did not enjoy it at all. I was very tired in the morning and was too rough on Sammy while it was all I could do to entertain Lena. All I could think about was how much I don't want to have another kid. If if were just the boys, we could have at least gone somewhere and did something. When Lena went down for a nap, Sammy went to the pool and Nico and I played board games. The whole day, there were tons of high quality leads coming in for Barrington and it was killing me but I couldn't take any of them. In the evening, Victoria and I went to dinner w/ the Gibsons to thank them for taking Sammy to school. Dinner wasn't great, but we really enjoyed hanging out w/ them.",6,,1,1,1,1,,,,,,,,6,,,,,,1,1,1,270,2,390,1170,1340,5,1,5,,,,,,,,,,,,,,,,,,,,,,,,,,,,,
2023-08-15,5,"Poor sleep and super tired in the morning. Skipped workout b/c I have some work to do, but napped on the couch for about 30 minutes b/c I was so tired. Rough day energy-wise. Had to do some more work, but got a good bit of Barrington in as well. Felt rusty, but that was probably b/c I was tired. Sammy even took a nap today - he's coming down w/ some kind of cold. Makes me wonder if I'm just tired or if I'm also coming down w/ something. Also didn't eat enough today. 4 eggs in the morning and my meat mush around 5:30.",2,,1,1,1,,,,,,,,,5,,,,,,2,1,,270,0,465,1050,1305,4.5,1,5,,,,,,,,,,,,,,,,,,,,,,,,,,,,,
2023-08-16,5,"Slept better but still doing a hard wakeup to shift around. Tired, but not as bad as yesterday. Pretty bland day. Started Rocky II w/ Sammy this evening.",5,,1,1,1,1,,,,,,,,5,,,,,,2,1,,270,2,405,900,1320,4,1,5,,,,,,,,,,,,,,,,,,,,,,,,,,,,,
2023-08-17,6,"Poor sleep, toosed and turned, couldn't get comfortable. Very tired in the morning. Very busy day today w/ barrington and darlington. The day would have been rated higher, but we had sammy's meet the teacher tonight and it did not go well b/w me and victoria. She wanted to introduce me to one of her friends in the PTA and I stuck around for a little bit, but we had Nico and Lena and I saw no end to the conversation and we only had a limited time before Lena lost it so I drifted away. I was also very overstimulated w/ all of the people there. Then, Lena was walking around in the classroom and fell down, I had to go take her for a walk. Afterwords, Victoria got mad at me and said something like all the other dads would just wait around and be polite. It really bothers me when she compares me to ""other dads"" or ""other husbands"". I could do the same to her but I don't. We went to bed w/o talking to each other again.",3,,1,1,1,1,,,,,,,,3,,,,,,1,1,,270,0,400,900,1305,5,1,5,,,,,,,,,,,,,,,1,,,,,,,1,,,,,,,
2023-08-18,5,"Better sleep but I still moved around a lot. Strange dreams as well. Fully cold shower today, was difficult to psych myself up for it. Uncomfortable at first and got a little light headed from gasping for air, but unfortunately the water warmed up considerably after a little bit. We went to take Sammy to breakfast this morning at the deli. We got there, and he said he's not hungry so we left. It was weird. I interpreted it that he's learning to not eat just b/c he can, Victoria interpreted it as he doesn't like to eat in front of me. We ended up going to lunch w/ him at the deli. At the end of the day, Kelcy had a pool party w/ her fancy friends. I stayed in the pool the whole time w/ the kids. Victoria was super excited to go (uncomfortably so) b/c she wants to be *in* w/ the fancy people.",4,,1,1,1,1,,,,,,,1,5,,,,,,1,,,270,0,410,855,1305,4.5,1,5,,,,,,,,,,,,,,,,1,,,,1,1,,,,,,,,
2023-08-19,6,"Slept OK, tossed and turned a lot again. OK day, Rachel and Lee came over so I got to cook a lot. Made some mac and cheese (turned out decent), burgers, veggies, and potatoes. Went pretty well.",4,,1,1,1,,,,,193.8,15.5,,,6,,,,,,1,,,315,3,450,1245,1305,4,1,5,,,,,,,,,,,,,,,1,,,,,,,,,,,,,,
2023-08-20,5,"Slept OK, more than I have in a while it felt like. Fridge broke sometime over night, so that was frustrating. Didn't feel like I did much the rest of the day. Spent a while on the fridge situation. Tennis in the evening. Eating wasn't good today. Started out w/ potatoes during breakfast, then had a good bit of mac and cheese, and even some pudding.",6,,1,1,1,,1,,,,,1,,6,,,,,,1,,,315,1,635,1290,1350,6,1,,,,,,,,,,,,,,,,,,,,,1,1,,,,,,,,
2023-08-21,5,"Slept OK but woke up aroune 345 and couldn't get back to sleep. I was comfortable though so I just stayed in bed. OK day, nothing special. Stayed busy. Ate more mac and cheese again, I've got to get under control.",5,,1,1,1,1,,,,,,,,6,,,,,,1,,,225,,400,1260,1335,5,1,5,,,,,,,,,,,,,,,,,,,,,,,,,,,,,
2023-08-22,6,"Slept pretty well, was able to get back to sleep after peeing. OK day, stayed busy w/ Barrington. Unfortunately, I've started playing this dumb computer game during meetings and I spent way too long on it yesterday. I also felt braindead after playing it, which was not a good feeling. We got our new fridge in yesterday too, so that's nice. Also, ate more pudding today. Cleaning out the fridge, we were going to just throw it away so I finished it off.",6,,1,1,1,1,,,,,,,1,6,,,,,,1,1,,270,0,390,1140,1290,5,1,5,,,,,,,,,,,,,,,,,,,,,,,,1,,,,,
2023-08-23,5,"Slept well and had interesting dreams. OK day, nothing special. Spent a while reading tonight. Should have gone to sleep earlier but enjoying the book I'm reading.",6,,1,1,1,,,,,,,,,6,2,,,,,1,1,,270,0,405,1035,1315,5,1,,,,,,,,,,,,,,,,1,,,,,,,,,,,,,,
2023-08-24,6,"Slept well but woke up in the middle of a sleep cycle. Another bland day. Did some actual work that I enjoyed - working on Excel stuff. Wrapped up early today and didn't make a lot of evening calls, did some planting, smoothed out the bathroom drawers, and went to bed a little early.",8,,1,1,1,1,,,,,,,1,6,2,,,,,1,1,,270,3,390,1155,1305,5,1,,,,,,,,,,,,,,,,,1,,,,1,1,,1,,,,,,
2023-08-25,6,"Slept well. Really struggling in the mornings to get out to the gym recently. Just sitting on the couch after meditation, too tired and just lazy. This morning, I was supposed to do deadlifts but my lower back has been tight and I really didn't want to do them. Ended up just stretching instead. Another bland day. Victoria went up to Myrtle Beach for swimming. The boys stayed at veronica's for the night so just me and Lena. She was absolutely miserable starting around just before 5, got her in bed by about 530 which i swhen the boys got picked up. Stayed busy after that, made a slant board in the shop, did some research on drawer slides for the w/d cabinet. Started watching 3 body problem on youtube but only made it about half an hour in, got pretty tired at 9.",6,,1,1,1,,,,,,,,1,5,2,,,,,1,1,,270,3,405,1155,1320,5,1,5,,,,,,,,,,,,,,,1,,,,,,,,,,,,,,
2023-08-26,6,Slept well but woke up at some point (probably around 430) and struggled to get back to sleep. I dreamt that I looked at my watch and it said 530 and I thought that was real for a while. Feel pretty rested this morning. OK day. Took the boys to the pool to play w/ some of their friends and that was fun. Then the kids stayed at veronica's the rest of the day. That felt weird but I got some stuff done at home.,6,,1,1,1,1,,,,193.8,15.7,,,6,2,,,,,2,,,315,3,420,1245,1320,4,1,,,,,,,,,,,,,,,,,,,,,1,,,,,,,,,
2023-08-27,6,Slept well. Lower back is bothering me again today. OK day today. Got a lot of cooking and cleaning done when everyone was at church. Then I worked on the design of the washer/dryer cabinets. Tennis in the evening.,6,,1,1,1,,,,,,,1,,6,3,,,,,2,1,,315,2,510,1260,1335,6,1,,,,,,,,,,,,,,,,,,,,,1,,,,,,,,,
2023-08-28,4,"Slept pretty well, hard wakeup a few times but was comfortable and got back to sleep. Was worried about Darlington but got myself to drop it - nothing I could do about it tonight/this morning. Pretty dull day. Not very excited about Barrington for some reason. I've also been playing dumb computer games, need to stop. I think this is sapping my energy/excitement. Darlington has been frustrating as well.",6,,1,1,1,1,,,,,,,,5,2,,,,,2,1,,270,1,410,1020,1280,6,1,,,,,,,,,,,,,,,,,,,,,,,,,,,,,,
2023-08-29,3,"Slept well. 2 big dreams. Dull day again, not really excited for much. Watched some youtube in the evening instead of working, tried to relax. Lots of Darlington annoyance today.",8,,1,1,1,1,,,,,,,,4,,,,,,4,1,,270,2,400,1140,1290,4,1,,,,,,,,,,,,,,,,,,,,,,,,,,,,,,
2023-08-30,4,"Slept well until I got up to pee, probably b/w 330 and 4, couldn't get back to sleep. Bland day again. Feel like I'm in a funk. Darlington has a lot to do w/ it, issues w/ contractors. Also feel like I've been slipping diet-wise. I've just been eating some extra fruit so nothing bad, but not as tight as I'd like to be.",4,,1,1,1,,,,,,,,,5,,,,,,1,1,,270,0,395,1020,1290,5,1,,,,,,,,,,,,,,,,1,,,,,,,,,,,,,,
2023-08-31,3,"Slept well until I got up to pee around 3 then couldn't get back to sleep. Darlington on my mind again. Got up around 330 or so. Very frustrating day w/ Darlington. More contractor issues, but ths is my responsibility. I tried to cheap out on things and it's costing us. I am enjoying playing wall ball w/ Sammy in the sunroom though.",3,,1,1,1,1,,,,,,,,5,,,,,,1,1,,180,,400,915,1290,4.5,1,,,,,,,,,,,,,,,,,,,,,1,1,,,,,,,,
2023-09-01,4,"Poor sleep. Nico came in for something around 1245 and I couldn't get back to sleep - Darlington. After a bit I started reading, then went downstairs to read. Eventually got back to sleep probably around 145-2. Super tired in the morning. Took a cold shower though and that got me going. The Gibsons didn't pick Sammy up for school today so I had to rush all 3 out. That was an event. Stressful day w/ Darlington again but got a few things lined up. Went to lunch w/ victoria, got Indian but it wasn't great. Very tired all day and went to bed early.",2,,1,1,1,1,,,,,,,,5,,,,,,2,,,270,3,405,780,1260,4.5,1,5,,,,,,,,,,,,,,,,1,,,,1,,,,,,,,,
2023-09-02,6,"Slept well until I got up to pee around 330 and couldn't get back to sleep. Got up around 4, went downstairs and read. Fell back asleep probably around 430 and was startled by my alarm at 515. I probably need to let myslef sleep in some. Tired most of the day. Didn't do much, but got to play tennis in the early afternoon. Victoria's family came over after church and we played board games. It was pretty fun.",3,,1,1,1,,1,,,193.8,15.5,,,6,,,,,,3,,,315,7,480,1200,1350,6,1,5,,,,,,,,,,,,,,,,1,,,,1,1,,,,,,,,
2023-09-03,4,"Slept well. Nico came in again at 445, 30 minutes before my alarm. I was actually sleeping well. Got up and went downstairs to poop and meditate, then fell back asleep on the couch for about 2.5 hours. Was nice to finally sleep. Had most of the day to myself. Victoria took the kids over to her parents. I didn't really enjoy my time - so much to do for Darlington but it's out of my control. I caught up on a few things and tried to relax. Played outside w/ the boys at Veronica's for a bit, that was fun.",6,,1,1,1,,,,,,,1,,5,,,,,,2,1,,285,0,620,960,1305,4,1,5,,,,,,,,,,,,,,,,,,,,,,,,,,,,,
2023-09-04,8,"Slept OK but woke up around 3. I think I fell back asleep b/c when I checked the time again it was 415 but it didn't feel like that much time had passed. Went to the beach today and had a good time. Then we went to lunch on Shem Creek, not really my favorite place, and it was a challenge keeping Lena entertained. We came home, took showers, and everyone took a nap. Then Victoria took the kids over to mana and payas, I made a few calls, then made dinner for the kids.",4,,1,1,1,1,,,,,,,,8,,,,,,3,,,255,,390,810,1305,6,1,5,,,,,,,,,,,,,,,,,,,,1,1,,,1,,,,,
2023-09-05,4,"Woke up at 345 and went downstairs. Pretty tired this morning and extremely frustrated and worried about Darlington. Feeling kind of sad and depressed lately, just realized it today. Not sure if it's b/c of Darlington or what, but I'm sure that's a large part of it. Pretty bland day, not very excited about anything. Starting to feel a cold coming on.",4,,1,1,1,1,,,,,,,,,,,1,,,4,1,,225,,395,1035,1305,5,1,5,,,,,,,,,,,,,,,,,,,,,,,,,,,,,
2023-09-06,4,"Poor sleep again. Woke up around 240 to pee and couldn't get back to sleep. Went downstairs before 3 to poop, meditate, and hopefully get back to sleep. Finally got back to sleep probably around 4, super tired at 430 when my alarm went off. I can't shut my brain off when I'm waking up in the middle of the night, and I mostly think about Darlington. Very frustrating. I've been pooping a lot recently too and I'm not sure why. I'm guessing it's nerves related to Darlington as well. Had to go into work today, wasn't horrible but I was in traffic for an hour and 40 minutes in the morning. Pretty exhausted all day and just in a funk. Had some of the kids fried shrimp when they were eating dinner. My willpower has been greatly diminished w/ my lack of sleep.",3,,1,1,1,,,,,,,,1,,,,1,,,3,1,,160,,385,1080,1290,6,1,5,,,,,,,,,,,,,,,1,,,,,,,,,,,,,,
2023-09-07,5,"Slept downstairs to see if that helped and it did not. Woke up around 240 again to pee and couldn't get back to sleep. Just laid there for about an hour then started reading. Started getting tired and dozed off around 415. Went back into work today. Interesting again so it wasn't bad. But by the time I got home, I was super annoyed having to sit in traffic for so long and just running around for stuff that ultimately doesn't matter. Probably didn't eat enough today. First soccer practice tonight and it was pretty fun. I'm coaching Sammy's 8U team. I came up w/ some pretty fun drills.",2,,1,1,1,,,,,,,,,6,,,1,,,3,1,,160,,410,930,1320,5,1,5,,,,,,,,,,,,,,,1,,,,,1,,,,,,,,,
2023-09-08,5,"Slept better tonight. Woke up probably around 230 but I think I got back to sleep until about 340. Laid in bed for a while then got up around 410. Very frustrated but at least I slept in a little later and feel a little bit more rested. Better energy today and generally in a better mood. The kids were difficult this evening though. Sammy pitched a fit about doing math after school, Nico was super whiney, and Lena was just done.",4,,1,1,1,1,,,,,,,1,6,,,,,,1,1,,220,,395,1170,1305,4,1,5,,,,,,,,,,,,,,,,,,,,1,1,,,,,,,,
2023-09-09,4,"Finally slept through the night. I think the last little while was pretty light but I'll take it. Didn't get up to pee which helped. Just me and the kids for most of the day while victoria was at a swim meet. It was tedious. Went grocery shopping after Lena got up and everyone did pretty well, then Lena went to bed. The boys and I played board games. Then after Lena woke up, we made chocolate chip cookies from scratch. That was fun, but I burnt them a bit. Then we all went to Moes for dinner. After the kids went to bed, Victoria and I watched a couple of Shane Gillis specials. Neck started hurting today. Very light at first but got pretty bad by the end of the day.",6,,1,1,1,,,,,,,,,5,4,,,,,2,,,315,2,500,1340,1380,4,1,5,,,,,,,,,,,,,,,,,,,,,,1,,,,,,,
2023-09-10,3,"Poor sleep, neck hurt every time I moved. Lots of kid time again. Just me, Nico, and Lena while victora took sammy to his church indoctrination/re-education classes. Then we all went to Mana's. Sammy and Nico were really rowdy most of the afternoon. We sent them outside and immediately they saw a snake. Sammy made a god-awful noise b/c he was terrified. We made them go out anyway and they kept screeming. Not sure if that was the right move or not. My patience was thin most of the day, part of that was b/c of my neck. It was really bad all day, even w/ motrin.",3,,1,1,1,,1,,,,,1,,5,6,,,,,1,,,315,23,500,1220,1370,5,1,5,,,,,,,,,,,,,,,,,,,,2,,,,,,,,,
2023-09-11,4,"Slept better but neck still hurt a lot. I even took 800mg of motrin before bed and it didn't do much. Neck got progressively worse throughout the day and I was pretty miserable. Impatient w/ the kids and everything else. Went to the chiro but that didn't seem to help yet. Also, I bought the Halo collection the other day (it was only $10). I've been playing too much, even spent about 2 hours on it this evening. While it's good to relax, I could have used my time more wisely.",4,,1,1,1,,,,,,,,,5,8,,,,,1,1,,270,0,405,1035,1335,4,1,5,,,,,,,,,,,,,,,,,,,,,,1,,,,,,,
2023-09-12,4,"Slept decently. Had ice on my neck which might have helped. I also took another 800mg of motrin before bed. Neck felt decent in the morning but got worse as the day went on. It's frustrating how much it affects my mood and temperment. Busy day today, had to pick the kids up from gymnastics, then sammy had soccer practice. Practice went well and Sammy's putting in more effort so far.",6,,1,1,1,1,,,,,,,,5,8,,,,,2,1,,270,0,375,1215,1335,6,1,5,,,,,,,,,,,,,,,,,,,,,,,,,,,,,
2023-09-13,6,"Slept decently. Woke up around 345 to pee but made the poor decision not to. Got back to light sleep until about 415. Neck feels better but it's still not good. Went to the chiro again today and I think my neck pain is finally on its way out. Decent day at Barrington and OK day overall. Spent too much time playing Halo again in the evening until 10, way too late. Lena was up though so we brought her into bed to cuddle for a little bit, that was fun.",5,,1,1,1,1,,,,,,,,5,3,,,,,2,1,,255,,390,1020,1355,4,1,5,,,,,,,,,,,,,,,,,,,,1,,1,,,,,,,
2023-09-14,6,"Slept OK but went to bed too late. Woke up again around 330 b/c I had to pee but I made the mistake again of trying to sleep through it. I got back to sleep but it was very light. Neck is still tight but it's much better. Busy day w/ Barrington, I've been enjoying it a lot more recently. More leads coming in and I'm having some good conversations. Soccer practice again tonight, went well and the kids seem to be having fun. Probably didn't eat enough today, regular breakfast, ham just before soccer, and peanuts scattered throughout the afternoon and evening after practice.",4,,1,1,1,,,,,,,,,5,1,,,,,1,1,,270,0,405,1215,1305,5,1,5,,,,,,,,,,,,,,,1,,,,,,,1,,,,,,,
2023-09-15,9,"Slept well last night. I started taking magnesium supplements at the recommendation of my chiropractor. He said it's supposed to help my muscles relax and help w/ sleep. I'd thought about taking it for a while and his recommendation pushed me over the edge. It's only been one night so I can't say my good sleep was b/c of that but it was nice anyway. Really great day today. First, the weather was beautiful. Windows were open all day. Second, had a great day w/ Barrington. Tons of calls, lots of leads coming in, and a signed contract. Tennis in the evening too, but I didn't play great.",8,,1,1,1,1,1,,,,,,1,5,,,,,,2,1,,270,2,400,1275,1360,4.5,1,5,1,,,,,,,,,,,,,,,,,,,1,1,,,,,,,,
2023-09-16,6,"Slept well again, just went to bed too late. Ok day today. Took the boys to the park in the morning then went to help Chris move in. Went to lunch/dinner in Park Circle. Came back home, put the kids to bed, then victoria and I got some work done. I ate more than I needed to at night - some cereal, oreos, and spaghetti.",8,,1,1,1,,,,,19.4,15.6,,,5,,,,,,1,,,315,2,480,1305,1335,4,1,5,1,,,,,,,,,,,,,,1,,,,,,,,,,,,,,
2023-09-17,3,"Slept well, interesting dreams. Not a great day today. I had a pretty short temper from the start, probably b/c I'm tired. The kids did not do a great job listening and Lena was really whiney all day. It also appears that my Sunday morning quiet time while everyone is at church are gone for the foreseeable future. Sammy's taking his indoctrination classes and Victoria's having a rough time w/ her family.",6,,1,1,1,,,,,,,,,5,,,,,,1,1,,315,2,495,1000,1335,5,1,5,1,,,,,,,,,,,,,,,,,,,,,,,1,1,,,,
2023-09-18,5,"Slept well but woke up around 345 or so, was not tired at all. Stayed in bed until about 415 so I could get a workout in before having to go into work today. Pretty neutral day. Work was a waste of time but at least traffic wasn't bad. Got some good Darlington news, closing on 3 houses this week. Kids were pretty unruly in the evening. Tennis at night.",4,,1,1,1,1,1,,,,,,,5,,,,,,1,1,,225,,376,1215,1320,5.5,1,5,1,,,,,,,,,,,,,,,,,,,2,1,,,,,,,,
2023-09-19,5,"Slept well but woke up at 2 w/ a horrible leg cramp. Hobbled downstairs for pickle juice. Super tired when I got up though, didn't even work out or stretch. Nothing special today. Made some calls then coached soccer practice in the evening. Closed on 2 darlington houses though.",5,,1,1,1,,,,,,,,1,5,,,1,,,1,1,,270,5,410,930,1335,4.5,1,5,1,,,,,,,,,,,,,,,,,,,,,,,,,,,,
2023-09-20,5,"Slept well. Woke up briefly at 2am but got back to sleep quickly. Very tired all day. I think I'm coming down w/ a cold or allergies. Spent too much time playing Halo this evening again. Victoria and I got into an argument again today about traveling. She wants to go to Clemson this weekend to tailgate. I said she should go by herself but she doesn't want to be away from the kids or drive by herself (I think that's the real reason). I really don't want to go up for 2 tailgates this year, especially w/ Lena.",6,,1,1,1,1,,,,,,,1,5,,,1,,,2,1,,270,0,390,900,1285,5,1,5,1,,,,,,,,,,,,,,,,,,,,,1,,,,,,,
2023-09-21,4,"Not great sleep. Congestion in my nose and I woke up around 2 or 3. Got back to sleep but it was light sleep. Very tired in the morning. Cuddled w/ Victoria in the morning since I wasn't lifting today. Not the best day. Feeling less motivated, plus there's a cloud around b/c Victoria wants everyone to go to clemson this weekend (and to be happy about it). Soccer practice went well tonight but Sammy got nailed in the face w/ a ball. It looked like it hurt.",3,,1,1,1,,,,,,,,,3,,,1,,,0,1,,270,,390,930,1275,5.5,1,5,1,,,,,,,,,,,,,,1,1,,,,1,,,,,1,,,,
2023-09-22,3,"Slept OK until about 2 or 3, then light sleep again. Cloud is still here, don't know if we're going to clemson or not. Man I hope not. Bad mood most of the day, lots of tension b/w me and Victoria. Ended up not going to clemson and she's clearly not happy about it.",4,,1,1,1,1,,,,,,,,3,,,1,,,1,1,,270,2,400,1020,1335,4,1,5,1,,,,,,,,,,,,,,,,,,,,,,,,,,,,
2023-09-23,2,"Slept OK but the last few hours felt pretty light. Pretty crapy day today. Went to the park w/ the family and the Kelcies, otherwise pretty miserable. Victoria and I finally argued. She said several times ""are we done?"", which I hate hearing. She rightly brought up that we don't really act like a family - either she's w/ the kids or I am, not usually both. Other than when she takes them to her parents and after school activities, I think that's OK but she brought up that we should be doing sundays together and that's probably correct. While I don't want to spend 4-5 hours on Sundays at church and mana/payas, I should probably start participating. She also brought up about not going to Clemson this weekend and not supporting her, which I'm really sick of hearing. I told her she should go by herself but she wanted everything - to go to clemson, w/ me and the kids, and for me to be happy about it. I finally said that what I'm hearing is that I need to do what she wants and just shut up and take it. She did not like that. She said if that's what I really think then we're through. Another thing that's frustrating is that these arguments brought up (just in my mind, not out loud) all of the sexual issues we've had - things she's said, my inadequacies, etc. Anyway, I didn't say much the rest of the day, just went into my shell. She was also upset that I didn't go to dinner w/ her family. I forgot that it was Sofia's birthday dinner and said I'd just stay home w/ the kids - this is another reason she wanted to go away this weekend so she wouldn't have to participate. Not much else I can say about that one - she could either say she can't/doesn't want to go or she could have gone to clemson herself. Didn't do much cheating today - breakfast and lunch were mostly bread-based, but I didn't do my evening binge - didn't have the appetite for it. I was really hungry, just didn't want to make anything.",5,,1,1,1,,,,,193,15.5,,,1,,,,,,1,,,315,2,465,1035,1380,4,1,5,1,,,,,,,,,,,,,,1,,,,,,,1,,,,,,,
2023-09-24,3,"Poor sleep. Took a while to get to sleep b/c of the day's events, then Nico woke up several times to throw up. Victoria and I were mostly friendly w/ each other today but it was still uncomfortable.",3,,1,1,1,,,,,,,,,3,,,,,,1,1,,315,0,585,1035,1275,3.5,1,5,1,,,,,,,,,,,,,,,1,,,,,,,,,,,,,
2023-09-25,4,"Slept pretty well but light sleep later. Nico stayed home sick today but he did well. Day was pretty dull, then tennis in the evening.",5,,1,1,1,1,1,,,,,,,3,,,,,,1,1,,270,2,390,1275,1365,5,1,5,1,,,,,,,,,,,,,,,,,,,1,1,,,,,,,,
2023-09-26,5,"Slept well just not enough. Pretty average day. Victoria's been under a lot of stress w/ pool stuff the past couple of days and strangely, she's more friendly towards me. Not really sure why. Finished Rocky III w/ sammy tonight and started rocky IV. Soccer practice and Sammy took another ball to the face. He held back tears as long as he could. I asked if he wanted to sit out and surprisingly, he didn't. He said he was dizzy again so I'm concerned about concussions but I don't think he had one. Also, w/ me eating my second meal later, I've found myself snacking on peanuts throughout the day. Need to stop that.",6,,1,1,1,,,,,,,,,4,,,,,,1,1,,270,7,390,1005,1350,5,1,5,1,,,,,,,,,,,,,,1,,,,,,,1,,,,,,,
2023-09-27,5,"Slept well just not enough. OK day, not much to report. Played too much Halo again. Victoria's still dealing w/ a lot of swim stuff, so I made us some Thai curry and it was pretty good. I ate it over rice to show solidarity, but she ended up being on the phone all dinner and didn't really eat. It seems like victoria and I are back to normal but I think it's just b/c she has this swim stuff going on that she can't fight 2 fronts at once.",6,,1,1,1,1,,,,,,,,4,,,,,,1,,,270,6,395,1035,1320,5,1,5,1,,,,,,,,,,,,,,,,,,,,,,,,,,,,
2023-09-28,5,"Slept well. Woke up around 1 for some reason and thought my alarm had gone off, but was able to get right back to sleep. Nothing special to report for today. Victoria and I seem to be better but I think it's mostly b/c of what she has going on w/ swimming.",6,,1,1,1,1,,,,,,,,5,,,,,,2,1,,270,1,400,810,1275,5.5,1,5,1,,,,,,,,,,,,,,,,,,,1,,1,,,,,,,
2023-09-29,4,"Slept well but woke up around 4. I wonder if it's b/c I went to bed a little earlier and/or b/c I ate my last meal so early. Was pretty hungry when I went to sleep. Pretty bland day. Barrington is really slow and I don't have much motivation there right now. Spent too much time dicking around today, something I've been doing more of. Sammy and I set up the tent this afternoon, goign to try sleeping outside w/ the boys tonight.",5,,1,1,1,1,,,,,,,1,5,,,,,,1,1,,240,,400,1020,1230,4,1,5,1,,,,,,,,,,,,,,,,,,,,,1,,,,,,,
2023-09-30,4,"Slept in the tent last night. Went better than the first time b/c I blew up the air mattress, but I didn't sleep well. The boys (and I) moved around a lot, then I just couldn't sleep well for some reason. Pretty bland day again. Tried to set up topgolf w/ the neighborhood friends earlier in the week but they couldn't do it, so we thought that Victoria and I would just do something together. When I brought it up later, she said we'd need to clean up the house for a babysitter and it just wouldn't be worth it. She ended up going out w/ her parents and Sofia again. She came home drunk (not a problem) aroudn 8:30 and went straight upstairs to go to sleep. Kind of annoying - I tried doing something w/ her and she just blew it off, then we didn't even talk at night. I know she's under a lot of stress w/ swimming so I'm not going to bring it up.",3,,1,1,1,,,,,194.2,15.2,,,3,,,,,,1,,,315,0,450,1230,1320,4.5,1,5,1,,,,,,,,,,,,,,,,,,,,,,,,,,,,
2023-10-01,5,"Couldn't get comfortable last night for some reason, kept waking up. Got some chores done today - cooking, cleaning, etc. Finally went to Lowes to get wood for the laundry room project, took the boys w/ me. Not great plywood options, but I decided not to go w/ the cheap stuff for once and went w/ mid-tier so I wouldn't have to deal w/ poor quality. Then took Sammy to wrestling and he actually enjoyed it, which was cool. Effort was lacking, but he seemed to have fun. I hope he sticks w/ it. Victoria is still absolutely uninterested in anything physical, which I understand w/ the swimming situation, but it's frustrating. I'm getting the thoughts again about wasting away our sexuality even moreso than we already have. At night, I was thinking about that and started to get angry, but I w as actually able to stave off those thoughts and think of something else. That was cool.",4,,1,1,1,,,,,,,,1,4,,,,,,1,1,,315,2,510,1050,1290,4.5,1,5,1,,,,,,,,,,,,,,1,,,,,,,,,1,,,,,
2023-10-02,5,"OK sleep, woke up briefly several times. Pretty bland day again. Barrington is pretty slow. I think victoria is on her period again, makes me wonder if the outbreak from last week is related. Tennis tonigh, lost, but it was a good match.",4,,1,1,1,1,1,,,,,,,6,,,,,,1,1,,270,7,400,1260,1350,7,1,5,1,,,,,,,,,,,,,,,1,,,,2,1,,,,,,,,
2023-10-03,6,"Not great sleep. Woke up a lot and couldn't get comfortable. Had to poop, not in a good way. Pretty tired in the morning. Wasted a lot of time today playing fucking Candy Crush after the barrington huddle. Pretty disgusted w/ myself. However, I did get a contract today that should be pretty huge and might take the belt. First soccer game tonight, it did not go well. Lost 0-4. Other team was more athletic. Victoria was in a much better mood tonight, Tucker got Doug to say some incriminating stuff and hopefully this will be over soon.",3,,1,1,1,,,,,,,,1,6,,,,,,2,1,,270,3,400,870,1365,6,1,5,1,,,,,,,,,,,,,,1,,,,,,,,,,,,,,
2023-10-04,6,"Slept OK just went to bed too late. Had to go into work today, but on my way home I picked up a cake and wings for victoria's birthday. She appreciated that. Went over to her parents' for a bit, I always feel awkward over there, especially when Brian isn't there. Unfortunately, the massage table I ordered for Victoria didn't come in today though.",5,,1,1,1,1,,,,,,,,6,,,,,,2,1,,270,2,400,1215,1275,5,1,5,1,,,,,,,,,,,,,,,,,,,,,,,,,,,,
2023-10-05,6,"Poor sleep, kept waking up and was generally uncomfortable. I've had a kind of stuffy nose at night and I think that's disturbing my sleep. OK day, not much to report. Wasted too much time playing Candy Crush again and I'm extremely frustrated by it. Sammy had a soccer game again. The game was fun, we scored 2 goals, but sammy didn't play much and he's really skittish about getting hit.",3,,1,1,1,1,,,,,,,1,6,,,,,,1,1,,270,2,400,930,1365,6,1,5,1,,,,,,,,,,,,,,,,,,,1,,,,,,,,,
2023-10-06,6,"Slept well, just went to sleep too late reading. Started off in the morning w/ a signed contract so that was cool. Pretty good day, lots of good conversations and a signed contract. Too much time playing Halo in the evening, probably about 2.5 hours.",6,,1,1,1,1,,,,,,,,6,,,,,,1,1,,270,4,400,1020,1340,5,1,5,1,,,,,,,,,,,,,,,,,,,,,,,,,,,,
2023-10-07,6,Slept pretty well until later in the morning. Had to pee but didn't get up. Then I kind of fell back asleep after my alarm. OK day. Started off taking pics at an absolutely disgusting house. Then I watched the kids for a bit while victoria was at her swim meet. Made no-bake cookies w/ the boys and they turned out well. Dropped Nico and Lena off then took Sammy to Wesson's birthday party. Had fun there - I got to pitch whiffle ball. Then dinner w/ the grahams for Victoria's birthday.,6,,1,1,1,,,,,192.4,15.3,,,6,,,,,,1,,,315,27,460,1220,1290,4,1,5,1,,,,,,,,,,,,,,,,,,,,,1,,,,,,,
2023-10-08,5,"Slept pretty well. Still woke up several times but able to get back to sleep. Went back to sleep for a while after the alarm though for some reason, not sure what's up with that. I think we may have been a little too hard on Sammy today, but he's extremely stubborn and lazy. Started out w/ breakfast - he absolutely refused to eat what we offered him (cheese stick) so he went hungry. Then at wrestling, he did OK (for sammy), but again he was pretty lazy. Max-out week this week so I ate later than usual, wanted to make sure I ate enough today.",5,,1,1,1,,,,,,,,,5,,,,,,1,1,,315,33,500,1170,1320,3.5,1,5,1,,,,,,,,,,,,,,1,,,,,,,,,,,,,,
2023-10-09,6,"Slept well but woke up around 345 to pee. Wasn't tired and couldn't get back to sleep, but I was comfortable so I just laid there. Got my 500 lb squat this morning. Pretty good day, both jobs had off but I did some work for both. Made lunch for me and victorai and it turned out very good. Tennis in the evening - good match but I lost.",6,,1,1,1,1,1,,,,,,1,6,,,,,,1,,,225,,400,1260,1380,6,1,5,1,,,,,,,,,,,,,,,,,,,2,1,,,,,,,,
2023-10-10,5,"Slept pretty well. Should have gotten up to pee but didn't. Wasted too much time again today. Sammy's soccer game went well though, we won 4-2 and sammy did a better job on defense. Helped victoria study for praxis in the evening.",5,,1,1,1,,,,,,,,,5,,,,,,2,1,,270,9,375,930,1290,6,1,5,1,,,,,,,,,,,,,,1,,,,,,,,,,,,,,
2023-10-11,4,"Slept pretty well. Woke up at 345 to pee, fortunately got back to sleep. Stayed in bed too long again. Improved max bench this morning to 345 and it was very close. Feeling a little down for some reason. I feel like I'm wasting a lot of time recently on stupid stuff and just not doing what I need to be doing. Going to start logging my HALO time per Luke's suggestion. Soccer game again tonight, it went well. Sammy tried, just needs to get more aggressive. Ate clean except I finished Nico's burrito, which wasn't much.",6,,1,1,1,1,,,,,,,,6,,,,,,1,,,270,9,390,1030,1410,5.5,1,5,1,,,,,,,,,,,,,,,,,,,,,,,,,,,,
2023-10-12,5,"Slept well just not enough. Victoria actually initiated a nice cuddle session last night, which I enjoyed. My shoulder was pretty uncomfortable so I didn't really sleep, but I dozed in and out. Hard to say what time I actually went to sleep. Tired in the morning (and all day), was a bit snippy w/ Victoria and we had another argument about not going on vacation, having a third kid, etc. She had her swimmers over for the past a pump up before state meet in the evening. Her massage table finally came in so I gave her a massage before bed as well.",5,,1,1,1,1,,,,,,,,5,,,,,,1,1,,270,2,390,1200,1325,6,1,5,1,,,,,,,,,,,,,,,,,,,1,1,1,,,,,,,
2023-10-13,5,"Slept well, moved around a bit though. Did a better job of getting stuff done today, forced myself to make a list of people to call. Victoria took sammy to the AR football game and he loved it. They were out really late which is why I went to bed so late. Got dinner w/ Victoria and Sammy, which is why I didn't eat clean. Ate way too much.",6,,1,1,1,1,,,,,,,,6,,,,,,2,,,270,2,405,1005,1425,6,1,5,1,,,,,,,,,,,,,,,,,,,1,,1,,,,,,,
2023-10-14,4,"Power went off in the middle of the night so Nico came in. He does not keep still. Very frustrating. Other than that I slept well. Nice morning w/ Victoria. Girls state championship was today, so from about 11:30 on I had the kids. They pretty much played by themselves while I got some laundry done. I should have played w/ them more but I was exhausted. Played way too much HALO again today, but it was after the kids went to bed and I was waiting for victoria to get home.",4,,1,1,1,,,,,195.4,15.8,1,,,,,,,,2,,,315,3,525,1245,5,4.5,1,5,1,,,,,,,,,,,,,,,,,,,1,,,,,,,,,
2023-10-15,6,"Slept well. After alarm went off, I went poop, meditated, then back to sleep until about 830 or so. OK day, did a lot of cooking and meal prep. Not much else to report. Helped victoria w/ her grad school in the evening. I was a little hungry and wouldn't have eaten otherwise, but I went HAM on some peanuts for some reason.",6,,1,1,1,,,,,,,,,6,,,,,,2,1,,315,2,570,1280,1350,5,1,5,1,,,,,,,,,,,,,,,,,,,,,,,1,,,,,
2023-10-16,6,Slept well just not enough. Woke up several times to shift but fell back asleep immediately. Pretty bland day. Finished a good book - Endurance. Picked sammy up from school and he did a great job reading by himself. I probably worked too late and should have hung out w/ him more. Very hungry at night so I ate a late snack.,6,,1,1,1,1,,,,,,,,6,,,,,,1,1,,270,2,395,1170,1305,5,1,5,1,,,,,,,,,,,,,,,,,,,,,,,,,,,,
2023-10-17,8,"Slept well but pretty exhausted when I woke up. Good day w/ Barrington, lots of calls and activity. Had some time in the evening and was going to hang out w/ Victoria but she was busy so I just ended up on youtube for a bit then playing a little halo. Could have used my time better. Skipped lunch and it definitely affected my energy later in the day around 4-6, ate a late dinner after the kids went to bed.",6,,1,1,1,1,,,,,,,,6,,,,,,1,1,,270,7,390,1170,1320,4,1,5,1,,,,,,,,,,,,,,1,,,,,,,,,,,,,,
2023-10-18,8,"Slept well just not enough. Very busy day, getting as much in as I can w/ Barrington before I'm off next week. Contract signed in the evening.",6,,1,1,1,1,,,,,,1,,6,,,,,,1,1,,270,5,400,810,1305,3.5,1,5,1,,,,,,,,,,,,,,,,,,,1,,1,,,,,,,
2023-10-19,6,"Poor sleep, couldn't get comfortable and my mouth was incredibly dry for some reason.",3,,1,1,1,1,,,,,,,,6,,,,,,1,1,,270,,395,930,1330,5,1,5,1,,,,,,,,,,,,,,,,,,,,,1,,,,,,,
2023-10-20,6,"Slept pretty well, just not enough. Very busy day w/ Barrington. I got one signed contract w/ 3 verbals, couldn't get people back on the phone to go over contracts. Very frustrating. Took Sammy to the football game tonight, he really enjoyed it.",6,,1,1,1,1,,,,,,,,6,,,,,,1,1,,270,4,380,1020,1410,3.5,1,5,1,,,,,,,,,,,,,,,,,,,,,,,,,,,,
2023-10-21,6,"Not the best sleep, couldn't get very comfortable. Went back to sleep after pooping and meditating. OK day, nothing special. Had a tennis lesson and we were supposed to go over to the Corbett's but Sammy got sick. Victoria and I hung out and watched a show after the kids went to bed.",4,,1,1,1,,1,,,193.2,15.4,,1,6,,,,,,2,,,315,30,570,1290,1335,5,1,5,1,,,,,,,,,,,,,,,1,,,,1,1,,,,,,,,
2023-10-22,6,"Better sleep but not the best. OK day, nothing special. Had some time to myself, cleaned up, put laundry away, etc.",5,,1,1,1,,,,,,,1,,6,,,,,,1,,,315,20,645,1080,1265,4,1,5,1,,,,,,,,,,,,,,,,,,,1,,,1,,,,,,
2023-10-23,5,"Not great sleep. I slept most of the night, but it felt very light and I couldn't get comfortable. Have to go into work all week for our annual user conferece. Content wasn't too bad today, but I was stuck in traffic for an hour and 20 minutes on the way home. Tennis in the evening, used the advice from my lesson and I won.",4,,1,1,1,,1,,,,,,,6,,,,,,2,1,,270,0,325,1290,1355,6,1,5,1,,,,,,,,,,,,,,,,,,,1,,,,,,,,,
2023-10-24,5,"Slept well just not enough. Intense dreams but I can't remember much of them. In the office again today, tough to stay awake during parts of it, moreso b/c of content than my energy levels. Lost about 2 hours today due to commuting. Soccer game in the evening, lost a close one to a good team. Sammy tried but he's still really timid when someone else is running at him. I would have been too, just want him to better. Also, I'm eating a good bit when I get home. Tough to last the rest of the night eating around noon.",6,,1,1,1,,,,,,,,,6,,,,,,2,1,,270,0,335,1080,1320,6,1,5,1,,,,,,,,,,,,,,,,,,,,,1,,,,,,,
2023-10-25,4,"Slept well just not enough. Super tired in the morning and I feel like I might be coming down w/ something. In the office again today, tough to stay awake. Excited for this week to be over. Met everyone at Groucho's for dinner, it was not worth it.",6,,1,1,1,,,,,,,,,6,,,,,,1,,,270,10,330,1065,1330,5,1,5,1,,,,,,,,,,,,,,,,,,,1,,,,,,,,,
2023-10-26,5,"Slept well just not enough. Very tired again. Another long day in the office but it's almost over. My belt-winning pop w/ Barrington looks like it will be delayed by 3-4 months which is a bummer. Super tired in the evening, gave Victoria a massage and went to sleep early.",6,,1,1,1,,,,,,,,,6,,,,,,2,1,,270,0,335,1020,1290,5,1,5,1,,,,,,,,,,,,,,,,,,,,,,,,,,,,
2023-10-27,5,"Slept well but still exhausted in the morning. Had a stressful dream right before I woke up that Nick Morozowich and I committed a murder in GA and got caught. Last day at work, only a half day so it wasn't too bad. Came home and worked on Barrington for a bit, then took the boys to the football game.",6,,1,1,1,,,,,,,,1,6,,,,,,1,1,,270,10,330,810,1350,4,1,5,1,,,,,,,,,,,,,,,,,,,,,,,,,,,,
2023-10-28,6,"Not the best sleep, kept waking up for some reason, went back to sleep after my morning stuff. Tennis lesson today then we had the cul de sac party in the afternoon/evening.",4,,1,1,1,,,,,192,15.6,1,,6,,,,,,1,,2,315,0,555,1170,1320,5,1,5,1,,,,,,,,,,,,,,,,,,,1,,1,,,,,,,
2023-10-29,4,"Slept well, woke up on my own at 5. Back to sleep after morning stuff. Busy day today. Went to mana and payas for a bit. The boys were acting up so they took a nap after. Then, Sammy had wresting. It was the last class so they did individual matches. He lost almost immediately. They paired him up against someone w/ experience and it wasn't good. I felt really bad for him. Then, we were supposed to go trunk or treating but they were finishing up when we got there so he didn't get to do it. Then we all just hung out in the cul de sac, which was pretty dull. I played basketball w/ sammy for a little bit but overall I'd rather have done lot of other stuff.",6,,1,1,1,,,,,,,,,6,,,,,,1,1,,300,0,600,1110,1280,4.5,1,5,1,,,,,,,,,,,,,,,,,,,,,1,,,,,,,
2023-10-30,5,"Slept comfortably but woke up around 345. Wasn't tired but I just laid there b/c I was comfortable. Probably should have gotten up. Nice to get back in the gym again this morning. Also nice to get back to Barrington work today. Pretty dull day, carved the jack o lantern when the kids got home. Tennis match in the evening. Started different magnesium pill tonight, ran out of the first.",4,,1,1,1,1,1,,,,,,1,6,,,,,,2,1,,225,,395,1290,1380,6,1,5,1,,,,,,,,,,,,,,,,,,,1,,1,,,,,,,
2023-10-31,5,"Slept well just not enough. OK day, not much to report. Played too much candy crush again, it's sickening. Trick or treating tonight, I turned in a little early w/ Lena. Victoria's relationship w/ the cul de sac parents seems to be fading.",6,,1,1,1,,,,,,,,,6,,,,,,2,1,,270,8,400,990,1275,5,1,5,1,,,,,,,,,,,,,,1,,,,,,,,,,,,,,
2023-11-01,5,"Slept well but woke up around 345 again. Had to pee, then couldn't get back to sleep. I was comfortable though. OK day, victoria's feeling sick so I took the boys to gymnastics and did dinner w/ them. Took Sammy to his soccer game. He did much better tonight being aggressive, did a good job as a safety. They won 1-0.",4,,1,1,1,1,,,,,,,,6,,,,,,3,1,,225,,400,990,1355,4.5,1,5,1,,,,,,,,,,,,,,,,,,,,,,,,,,,,
2023-11-02,4,"Slept well enough but stayed up too late playing goddamn candy crush. Pretty disgusted w/ myself. Wasted too much time on CC again today, not sure what's wrong w/ me. I need to delete it. Sammy's last soccer game tonight, I took him for ice cream after b/c he made good progress during the season.",5,,1,1,1,1,,,,,,,1,6,,,,,,2,,,270,9,405,1170,1340,4,1,5,1,,,,,,,,,,,,,,,,,,,,,1,,,,,,,
2023-11-03,5,"Light sleep. I was comfortable, just don't feel like I got deep sleep. Lazy morning, stayed in bed for too long. Really warm and comfortable and it was cold in the room. I need to get my discipline back. Drove up to clemson w/ brian and sammy, not a bad drive. went to the corn maze w/ rachel and her family. It was pretty good, had fun w/ the boys. Lena would not sleep so that made it less fun. Grilled some steaks in the evening and had some potatoes. Otherwise a clean day eating.",4,,1,1,1,1,,,,,,,,6,,,,,,1,,,270,34,400,1275,1340,4,1,5,1,,,,,,,,,,,,,,,,,,,1,,,,,,,,,
2023-11-04,3,"Light sleep, couldn't get comfortable and got really stuffy. Tailgating in clemson, not that fun. Sammy had a lot of fun going into the game w/ Chris. Lena was pretty miserable most of the day, refused to sleep. Just seemed like a wasted day. Got Indian in the evening w/ Chris and Victoria though, that was good.",3,,1,1,1,,,,,,,,,4,,,,,,2,,,315,0,480,1275,1340,3,1,,1,,,,,,,,,,,,,,,,,,,,,,,,,,,,
2023-11-05,4,"Pretty light sleep again, got stuffy again. Drove back, tough to stay awake so I had some trail mix. Lots of work to do when we got home (cleaning/organizing), then took the kids to a birthday party at gahagan. Clocks switched today so I'm updating the timing calculations. Took double magnesium dose last night, didn't seem to help.",3,,1,1,1,,,,,,,,,5,,,,,,2,,,255,0,600,855,1280,3,1,5,1,,,,,,,,,,,,,,,,,,,,,,,,,,,,
2023-11-06,5,"Slept well until about 215. I got up to pee, got back into bed, then felt a huge wave of anxiety. Tried to pinpoint what exactly it was and I couldn't tell. Went through a bunch of things (Darlington, Barrington, work, etc). Didn't feel like I got back to sleep, but when I looked at my watch it was about 3:55 so I guess I did. Pretty tired after getting out of bed. Took double magnesium dose last night, didn't seem to help. More work stuff to do today than normal, didn't get as much barrington done. Victoria's still sick and Lena stayed home sick. Tennis in the evening.",4,,1,1,1,1,1,,,,,,,6,,,,,,2,1,,235,,405,1290,1380,5,1,5,1,,,,,,,,,,,,,,,,,,,1,1,,,,,,,,
2023-11-07,4,"Went to sleep way too late, exhausted in the morning. Had to go into work, then came home and got some Barrington done. Victoria and I cuddled in bed in the evening and watched a show. I also made some good curry for her for lunch.",5,,1,1,1,,,,,,,,,8,,,,,,2,1,,270,12,360,1065,1335,5,1,5,1,,,,,,,,,,,,,,,,,,,,,1,,,,,,,
2023-11-08,5,"Still super tired in the morning, meant to go to sleep earlier but stayed up too late again. At least I slept up to my alarm this morning. Drove into work again and it was pointless, a waste of about 4 hours. Victoria's still sick so I picked up sammy and nico, took them to gymnastics. At dinner, victoria made hamburger helper. I ate Nico's little bit. Then sammy had wrestling - he actually seemed to do better and give more effort.",5,,1,1,1,,,,,,,,1,6,,,,,,1,,,270,8,395,1065,1310,5,1,5,1,,,,,,,,,,,,,,1,,,,,,,,,,,,,,
2023-11-09,5,"Slept well, felt more rested this morning. Pretty bland day, lots of calls w/ barrington but not much activity. Hung out w/ Victoria again in the evening.",8,,1,1,1,1,,,,,,,,6,,,,,,1,1,,270,2,400,1140,1335,4,1,5,1,,,,,,,,,,,,,,,,,,,,,,,,,,,,
2023-11-10,5,"Slept pretty well again, I wonder if it helps when I eat later. Another slow day at barrington. Other agents got lots of contracts this week, I'm feeling pretty down about my abilities again. Fighting through a trough of low motivation. I made curry for dinner and ate it w/ rice noodles, otherwise I ate clean. Watched space jam in the evening.",6,,1,1,1,1,,,,,,,,6,,,,,,1,,,270,11,395,1080,1320,4,1,5,1,,,,,,,,,,,,,,,,,,,,,,,,,,,,
2023-11-11,5,"Slept well but victoria was up coughing for a long time so I moved down to the couch. Woke up on my own around 430 though. Got a good bit of work in on the cabinets today, got almost everything cut. Got a little tedious w/ the boys in the afternoon, going a little stir crazy. Then I started feeling a little sick at night, sore throat and a little congestion.",5,,1,1,1,,,,,193.4,15.6,,1,6,,,1,,,1,,,280,,520,1200,30,4,1,5,1,,,,,,,,,,,,,,1,,,,,1,,,,1,1,,,,
2023-11-12,5,"Could not get to sleep last night. Went to the couch b/c of Victoria's cough, couldn't get to sleep until after midnight. Cuddled w/ victoria in the morning, feeling more sick. Nothing horrible yet but joints are achey and I'm a bit light headed. Maybe getting a fever too. Victoria keeps bringing up Disney again and I'm really getting annoyed by it. Started feeling sick again after we got up, was pretty slow moving and a little out of it. Victoria took the kids over to her parents for the day so I did some house work, cought up on some things, and worked on the cabinets again. I ate clean but also ate a lot of fruit, I think that helped me feel better. I was feeling close to normal by the end of the day.",2,,1,1,1,,,,,,,1,,6,,,1,,,1,1,,300,,625,1155,1350,3,1,5,1,,,,,,,,,,,,,,,,,,,1,,,,,,,,,
2023-11-13,8,"Took a while to fall asleep - I was snoring a lot and victoria was coughing a lot. Woke up around 350, couldn't get back to sleep. Feeling much better this morning but joints/muscles are a little achey. Drove up to Franklin, NC today for the Barrington retreat. The drive went well, ate carrots and peanuts to keep me awake. Had a lot of fun when we got there. Played ping pong and shuffleboard, then had a wine tasting. Was feeling pretty good and didn't go overboard. Had a lot of gas and indigestion so I didn't eat much. Was concerned about hangover tomorrow so I drank a lot of water.",5,,1,1,1,1,,,,,,,,6,,,1,,,2,,5,230,,395,1200,1350,4,1,5,1,,,,,,,,,,,,,,,,,,,,,,,,,,,,
2023-11-14,8,"Not great sleep, was very cold and not super comfortable. No hangover though. A lot of fun again today. Got up and ran hill sprints. Parts were slow, but had fun playing games again. Drank a couple of glasses of wine then smoked cigars after dinner. Wanted to smoke a second one but thought I'd regret it later if I did. I got frustrated/sad b/c I really don't contribute much to conversations, but I suppose that's just who I am. It would have been nice to be included w/ some of the micro cliques, but I still had a good time.",3,,1,1,1,1,,,,,,,,6,,,,,,2,,2,345,,480,1200,45,5,1,,,,,,,,,,,,,,,,,,,,,1,1,,,,,,,,
2023-11-15,6,"Poor sleep again, same as Monday night. Hung out until about 10 then drove home. Was a fun trip. The drive went pretty well, more carrots and peanuts to keep me awake. Nice to be home. Made dinner then took Sammy to wrestling. He did better, seems like he's starting to understand a little better. Hung out w/ Victoria in the evening. Ate clean except for a little bit of cheese in the morning and a few cranberries/rasins w/ the peanuts.",3,,1,1,1,,,,,,,,,6,,,,,,1,,,360,2,480,1020,1280,4,1,5,1,,,,,,,,,,,,,,,,,,,1,1,,,,,,,,
2023-11-16,6,"OK sleep, woke up very sweatty though before peeing. Woke up a bit before my alarm w/ some anxiety, couldn't pinpoint what it was but likely Darlington. Ok day, got back into the swing of things. Just me, Nico, and Lena for dinner, it was fun. Nico did a good job eating his green beans and Lena ate a lot of my meat mush. Installed my CGM tonight, interested to see what it says.",5,,1,1,1,1,,,,,,1,,6,,,,,,2,1,,270,0,400,1080,1290,5,1,5,1,,,,,,,,,,,1,,"No notes, installed before bed",,,,,,,,,,,,,,,
2023-11-17,6,"Slept well until about 345, I think I got back to sleep though. BS (blood sugar) spiked then went back down. Just worked today, not much else. Got a little bit more done in the shop.",5,,1,1,1,1,,,,,,,,6,,,,,,2,1,,270,1,390,840,1335,5,1,5,1,,,,,,,,,,,1,,"BS spiked to about 122 around 345 and I woke up. BS spiked up to 145 after workout and breakfast, dropped down to 91, back up to 128, then stablized lower throughout the day.",,,,,,,,,,,,,,,
2023-11-18,5,"Slept well until 240 then I think I only got light sleep after that. Didn't feel great today, I think my allergies are here again. Lots of congestion and pressure in my face and head. Tennis lesson in the afternoon. The Grahams came over for dinner and we played a game after, it was pretty low-energy. I ate pretty well most of the day except for cereal and cookie dough before bed.",5,,1,1,1,,1,,,192.4,15.3,1,,6,,,1,,,2,,,315,4,510,1290,1335,6,1,5,1,,,,,,,,,,,1,,"No big spikes during sleep but it wasn't as stable as I'd expect. Breakfast (eggs, 4 pieces of french toast, cheese) went up to about 140 or so, lunch (curry w/ white rice) spiked up to 160 or so, chili (beef, beans, tomatoes) didn't have an affect, and cereal/cookie dough shot up to 211.",,,1,,,,,,,,,,,,
2023-11-19,5,"Slept OK but lots of congestion and snoring. Haven't figured out a way to sleep on my left side w/ my CGM. Worked in the shop while everyone went to mana and payas. Went over to the Grahams in the evening, played outside for a bit but pretty much felt like a waste of time.",5,,1,1,1,,,,,,,,,6,,,1,,,1,1,,315,2,590,1110,1320,4,1,5,1,,,,,,,,,,,1,,"Mostly stable overnight after settling down from sweets. Woke up w/ bs around 110/120, which is higher than I'd expect. BS was pretty stable today but still higher than I'd like, stayed around 110-120 or so. I don't think I ate any carbs at all today.",,,1,,,,,,,,,,,,
2023-11-20,4,"Slept well until about 4 (I think), couldn't get back to sleep. Pretty slow day today. Not much going on at Barrington. Got roped into raking leaves this afternoon, a task that I absolutely hate.",6,,1,1,1,1,,,,,,,,5,,,1,,,1,1,,270,2,395,1080,1290,4,1,5,1,,,,,,,,,,,1,,Pretty level day today. No drop when feeling hungry/light headed.,,,1,,,,,,,,,,,,
2023-11-21,4,"Slept well until 3, then only light sleep. Absolutely exhausted in the morning, laid on the couch for 40 minutes instead of lifting then just did stretching. I thought it was from my allergy meds but it seems like I'm coming down w/ something. Achey everywhere, light headed, and completely unmotivated.",5,2,1,1,1,,,,,,,,,5,,,1,,,2,1,,270,3,465,960,1240,4,1,5,1,,,,,,,,,,,1,,"Mostly level day. Typical breakfast increased BS by about 20. I had a couple of small apples as a snack later, not a huge spike but it increased by about 20.",1,,1,,,,,,,,,,,,
2023-11-22,3,"Poor sleep. Tossed and turned, couldn't stay asleep, and when I slept it felt very light. Woke up before 3, couldn't get back to sleep, so I went down to the couch. Slept a little there, stayed there until about 7. Feeling pretty achey and sick again. Nico and Sammy were sick today too. Didn't do much all day, just took care of the kids. Did some thanksgiving prep. Leg muscles were really achey. Ate some more oranges, wanted to see if that would help.",2,3,1,1,1,,,,,,,,,6,,,1,,,1,1,,165,,440,980,1320,3,1,5,1,,,,,,,,,,,1,,"Relatively stable, trended downward all day. 31 point spike w/ the oranges in the afternoon Avg was 111.",,,,,,1,1,,,,,,,,
2023-11-23,8,"Much better sleep. Got up to pee, but then I slept up to my alarm at 4:30 and felt pretty good. Went back to bed after lifting. Tough to balance hunger and exhaustion. Workout was good but I got tired quickly. Sweaty all night, maybe I sweated it out. Busy morning getting stuff ready for thanksgiving. Pretty good day. The food was actually good today. Nico was still pretty sick so I hung out w/ him while the adults talked after eating. I didn't stuff myself and felt good after eating, probably b/c I was monitoring everything w/ the CGM. Daniel came over at night and hung out for a while.",8,8,1,1,1,1,,,,,,,,8,,,1,,,1,,,270,4,570,990,1350,4,1,5,1,,,,,,,,,,,1,,"Pretty stable most of the day. Spiked a couple of times when eating, but not too much b/c I didn't really go HAM.",,,,,,1,,,,,,,,,
2023-11-24,6,"Slept well again. Got up at 4:30 and went back to sleep again after lifting. Victoria took her PE Praxis again today so I had to take the kids out for a few hours. We went to the park. I was w/ Lena and she did well, stayed entertained. The boys went off to a different part of the park and seemed to do well. I was frustrated b/c victoria didn't want me to make calls today b/c it's a holiday and it's not even my real job, not something I have to do, when she went and did something for something that's not her job and something she doesn't have to do. She seems to do this a lot - downplaying my barrington stuff (even though it's keeping us a float) while ignoring the same logic wrt her swimming stuff. Victoria's family came over for dinner, then we played Deception afterwords and it was pretty fun. Ate clean except for dinner, had thanksgiving leftovers and a couple of not super-sweet desserts (sweet potato pie and cranberries).",8,6,1,1,1,1,,,,,,,,6,,,,,,3,,,270,7,560,1050,1350,4,1,5,1,,,,,,,,,,,1,,"BS was stable overnight and I slept well. Stayed stable throughtout the day until dinner when I had thanksgiving leftovers. It did spike once before dinner and a couple of times after, seemingly for no reason though.",,,,,,,,,,,,,,,
2023-11-25,4,"Good sleep again w/ some exciting dreams. Didn't do much in the first part of the day, but we went to a wedding in the evening. Victoria said we wouldn't stay long, but we ended up staying 4.5 hours. When we got there, I started to feel a lot of pressure in my eyeballs and a slight headache. This feeling progressed as the evening went on and got pretty bad by the end of the night. Lots of pressure in my forehead and sinuses. I had 3 drinks and I though that could have been the reason, but probably not. I didn't even feel much from the drinks. Went to bed around 915 but didn't get to sleep until about 10.",8,6,1,1,1,,,,,195.8,15.5,,,5,,,1,,,2,,3,315,4,480,1110,1320,4.5,1,5,1,,,,,,,,,,,1,,Slept well and BS stayed around or below 100. BS didn't really react to the 3 drinks I had nor the mashed potatoes and rice I had w/ dinner.,,,,,,,,,,,,,,,
2023-11-26,2,"Decent sleep but I felt really miserable most of the day. Just laid in bed w/ a bad headache. I ate half a biscuit around 1130 just so I could take some motrin and sudafed. I threw up right away, but it was just water. Took a shower and I felt better in there, but bad again as soon as I got out. Then I took a 2 hour nap and felt much better after. I went down to hang out w/ the kids, and my symptoms go progressively worse again, but not as bad as in the morning. I didn't eat until about 7, and even then it was not much. Unfortunately, I also broke my meditation streak.",8,1,1,,1,,,,,,,,,6,,,1,,,1,1,,375,,1140,1170,1320,2.5,1,,1,,,,,,,,,,,1,,"BS was up and down all day. I did a 24 hour fast, also didn't really have an appetite. Started a new sensor as well.",,,,,,1,,,,,,,,,
2023-11-27,6,"Poor sleep. Woke up around 030 to pee and couldn't get back to sleep for about an hour. Woke up a couple of hours later and struggled to get back to sleep. Tried to sleep on the couch after getting up, but couldn't. Headache is still here. Felt better as the day went on, symptoms eased up. Regular day making calls, then some good tennis in the evening.",2,2,1,1,1,,1,,,,,,,6,,,1,,,2,1,,270,9,400,1335,1395,5.5,1,5,1,,,,,,,,,,,1,,"BS spiked after my alarm went off. I had a snack of peanuts, ham, and an apple (ate the apple last). BS went up, but doesn't seem to have gone up as high as if I had eaten the apple first. No in-match nutrition during tennis. BS spiked about 60 points (to 177) after we started and then dropped as the match progressed, ending around 132. My shake (protein, oats, raisins) didn't seem to have an affect, it continued to drop.",,,,,,1,1,,,,,,,,
2023-11-28,5,"Great sleep just not enough. Slept in to rest a little, woke up on my own at 430 to pee. Concerned I wouldn't get back to sleep but I did. Very comfortable and good sleep but very sweaty. Nothing exciting work-wise today. Victoria and I got in an argument over the phone - she asked me to take pics of several pages, I said I could but not right then and she didn't like that. Later, we all went to the lighting of the christmas tree in dt summerville and it was chaos. Lena was horrible and it was too crowded.",9,8,1,1,1,,,,,,,,,4,,,,,,1,1,,330,8,400,1035,1335,4,1,5,1,,,,,,,,,,,1,,"BS was more stable and lower today, I wonder if it's from tennis last night.",,,,,,,,,,,,,,,
2023-11-29,5,"Good sleep again, very sweaty again. Victoria and I got into another spat, I asked about her emptying her french press and she went off b/c when she asks me to do something I complain. I feel like I barely ask her for anything and when I do, she doesn't do it. She's always asking me for things and I do them when I can, but they usually ""need"" to be done ""right now"" and I'm in the middle of something.",8,6,1,1,1,1,,,,,,,,3,,,,,,1,1,,270,9,405,1035,1290,5,1,5,1,,,,,,,,,,,1,,"BS pretty stable, spike w/ workout in the morning and w/ my afternoon snack. I experimented w/ peanuts w/ raisins and craisins, it jumped up 35 points. Average BS was 96 today, lower than usual.",,,,,,,,,,1,,,,,
2023-11-30,4,"Slept well until I got up to pee, then light sleep and woke up again before my alarm. Feeling kind of down for some reason. Not much going on at Barrington, just making a bunch of cold calls. Victoria and I feel off, not really sure why. We spent the evening planning our Christmas dinner though.",5,5,1,1,1,1,,,,,,,1,4,,,,,,1,1,,240,,400,980,1305,5.5,1,5,1,,,,,,,,,,,1,,"Pretty stable day, avg BS was around 95.",,,,,,,,,,,,,,,
2023-12-01,5,"Slept well, got up to pee around 220 again and got back to sleep. Phone went off around 408 b/c my CGM lost connection, didn't get back to sleep after that. OK day, not much to report. Went to the living natvity, Lena wouldn't get on the trailer so I hung out w/ her. Then I got some shop time in while Victoria was out after.",5,6,1,1,1,1,,,,,,1,,6,,,,,,1,1,,248,,395,960,1305,4,1,5,1,,,,,,,,,,,1,,BS still averaged <100,,,,,,1,,,,,,,,,
2023-12-02,5,"Slept OK. I've been comfortable, just haven't felt the really deep sleep. Tennis lesson in the morning, then we worked on our 7 fishes menu. I made some fried calamari. First batch turned out well but then victoria said I need to cook them longer and they all got burnt. I should have known better. Then we went to the lights. It was OK, but by the end I was done. We were out for about 4.5 hours and it just took a long time. My stomach was bubbly at the end of the night and put me in a bad mood. Left shoulder has been feeling a little painful. Not sure what would have caused that.",6,6,1,1,1,,1,,,192.6,15,,,5,1,,,,,1,,,315,0,510,1275,1305,3.5,1,5,1,,,,,,,,,,,1,,"First time I had a banana in a long time, it spiked pretty high before tennis. Pizza spiked it as well, as did the fried calamari I ate shortly after.",,,,,,,,,,,,,,,
2023-12-03,5,"Decent sleep, woke up on my own a little after 5. Pooped and meditated, then went back to sleep. Slept well until Nico started getting up. Pretty low energy today. I hung out w/ Lena while everyone else went to church, got a lot of housework done. After the kids ate lunch, they took a nap and Victoria and I just watched modern family. Then we went to yet another christmas event. I'm getting pretty tired of all of this stuff. Especially taking Lena, who doesn't behave well.",6,6,1,1,1,,,,,,,1,,6,1,,,,,1,1,,300,,585,1215,1320,3.5,1,5,1,,,,,,,,,,,1,,"BS pretty stable today but higher than I'd like, around 111. Not much affect from food except I had a few scoops of the regular (not natty) pb at night and that jumped it up about 30 points.",,,,,,1,,1,,,,,,,
2023-12-04,4,"Slept OK but woke up around 4 for some reason. Really gassy in the morning, spent too much time on the toilet so I didn't get my squats in. Pretty low motivation today. Not feeling Barrington much, pretty tired all day, and not very fun tennis in the evening.",5,4,1,1,1,1,1,,,,,,,6,1,,,,,3,1,,240,,405,990,1350,5,1,5,1,,,,,,,,,,,1,,"BS was pretty unstable today. Spiked w/ both meals for some reason, doesn’t usually do that. Pretty consistent b/w breakfast and dinner, then oscillated a lot after dinner and tennis. I wonder if it's b/c I didn't get much sleep.",,,,,,1,,,,,,,,,
2023-12-05,5,"Poor sleep. Woke up around 130 to pee, got back to sleep, then woke up probably around 3 and couldn't get back to sleep. Very tired in the morning. Pretty dull day, made a lot of calls and a couple of contacts. Sammy had his nutcracker performance in the evening, at least it was short. Very tired at the end of the day.",3,3,1,1,1,,,,,,,,,5,,,,,,1,1,,180,,385,1200,1320,4.5,1,5,1,,,,,,,,,,,1,,"BS mostly stable today, stayed w/ a 20 point band for the most part but it was pretty jagged. Spiked up about 30 after dinner for some reason, regular meat mush. Very hungry in the evening, no BS correlatio though.",1,,,,,,,,,,,,,,
2023-12-06,6,"OK sleep but it took me about 45 minutes to fall asleep and I woke up again around 4. Couldn't turn my brain off when falling asleep, seemed like I was searching for something to worry about and I found Darlington and Eutawville. Was able to get back to sleep after getting up to pee around 2 though. Tried doing squats in the morning, lower left back, right knee, and right hip flexor were all sore. OK day, decent activity w/ Barrington, starting to get my confidence back a little.",3,3,1,1,1,1,,,,,,,,6,1,,,,,1,1,,240,,395,1050,1320,5,1,5,1,,,,,,,,,,,1,,"BS dropped down to 90 at 4 when I woke up and couldn't get back to sleep, climbed again after I got up and got going at 430. Jumped up 42 points at dinner, which was standard meat mush, not sure why.",,,,,,,,,,,,,,,
2023-12-07,6,"Better sleep but not great. CGM went off at 3 which woke me up, might have been able to sleep through the night otherwise. Took some effort to get back to sleep after that but I did. Pretty tired in the morning again. Low back still tight and left inner thigh is tight, but that might just be soreness from squats yesterday. OK day, pretty busy w/ Barrington. Wasted a lot of time in the evening playing candy crush again, should have done something productive.",5,4,1,1,1,1,,,,,,,,6,1,,,,,1,1,,270,0,395,1050,1335,4,1,5,1,,,,,,,,,,,1,,"Pretty stable today except overnight. BS dropped down to 39 for some reason then spiked up to 127. No correlation w/ waking up or anything. Other than that, pretty stable for the most part.",,,,,,1,,,,,,,,,
2023-12-08,5,"Good sleep except my phone went off a couple of times b/c the CGM disconneted. Lower back is stiff and Victoria wanted to cuddle in the morning, so I went back up to cuddle instead of lift. I think my hip is out of alignment again, need to go to chiro. Went to the chiro for adjustment. After picking the kids up, we went to charleston for christmas festivities. The kids enjoyed it, I didn't so much. Lena was tough to manage and didn't behave too well.",6,6,1,1,1,,,,,,,,,5,1,,,,,1,1,,270,2,390,930,1305,4,1,5,1,,,,,,,,,,,1,,"BS wasn't particularly stable today, not sure why. Dropped down to about 64 around 145am, then it spiked up b/c my phone beeped and I woke up. It quickly shot up to 129. I was able to get back to sleep though. Dropped down to about 64 again around 415 and my phone beeped again and BS shot up to about 100. I didn't really eat dinner and BS ranged down after my snack at 330pm. BS was about 90 when I went to bed. Very hungry.",,,,,,1,,,,,,,,,
2023-12-09,5,"Slept really well last night despite going to bed really hungry. Lower back is still stiff but I'm hopefull that the muscles are just getting back into position. Made a couple of fun foods today and they both turned out well. Korean cream cheese bagels and ricotta gnocchi. Good tennis lesson in the afternoon. Took the kids to a couple more santa events, this is getting exhausting managing them while waiting in lines. Had some time to myself in the evening, should have worked in the shop but I prepped for our 7 fishes dinner, which I'm now told we're probably not going to be doing.",8,6,1,1,1,,1,,,188.6,14.7,1,,6,1,,,,,1,,,285,8,585,1275,1365,4,1,5,1,,,,,,,,,,,1,,"BS was jumpy overnight but generally lower than usual. Around 445 it dropped down to 70, I woke up, and it jumped up to 110. BS was all over the place today, but I did a lot of snacking. Jumped up a lot at breakfast, which was a bagel and mac and cheese. Had little snacks throughout the day, increased a little but not huge spikes, including the ricotta gnocchi. I ate a lot of sweets at the end of the day to see what would happen - candy, oranges, ice cream, cereal - it peaked at 213 shortly after I fell asleep. Didn't have any issues falling asleep.",,,,,,,,1,,,,,,,
2023-12-10,6,"Slept well again. Can't figure out any kind of patterns. I ate a lot of junk before bed last night. Lower back is feeling much better now. Got some housework done w/ Lena while everyone else was at church. Christmas parade in the afternoon, was not looking forward to that. It was pretty bad, but I had a good time talking w/ a couple of the other dads. After the kids went to bed, victoria and I watched Modern Family and ate dinner. I made some really good curry and ate too much. Watched too much tv, could have been working on the cabinets.",8,6,1,1,1,,,,,,,,,6,,,,,,1,1,,315,6,525,1260,1305,4,1,5,1,,,,,,,,,,,1,,"BS was w/in a 25 point range overnight, mostly stable. Pretty stable during the day, jumped up in the evening after eating lentils though, which is surprising.",,,,,,,,,,,,,,,
2023-12-11,5,"Slept well but Victoria sneezed around 330 (guessing the time based on BS) and woke me up. I think I got back to sleep but it was very light. Very gassy and had to poop a lot this morning, seems to be the trend on Mondays. I'm thinking it's b/c I don't want to do squats. Not much to report today. Hips and knees are feeling better after getting adjusted. Victoria had a thing in the evening so I got a couple of hours out in the shop, things actually assembled decently. Had a snack of peanuts around 230, ate way more than I wanted to. They were very salty and I had trouble stopping.",5,6,1,1,1,1,,,,,,,,6,,,,,,3,1,,270,2,405,1050,1350,5,1,5,1,,,,,,,,,,,1,,"BS pretty stable today, ranged between 100 and high 80s. Pretty jumpy when sleeping though for some reason.",,,,,,,,,,1,,,,,
2023-12-12,5,"Slept well, woke up before my alarm b/c I had to pee but there wasn't much time left so I didn't get up. House to myself during the work day, it was pretty dull. Just made a bunch of calls. Got some shop time in the evening, then victoria and I talked about fucking traveling again. Should we go to PA? Disney? I'm really sick of these discussions - Lena would be an absolute nightmare on a plane.",6,6,1,1,1,1,,,,,,,1,5,,,,,,1,1,,240,,400,1080,1335,5,1,5,1,,,,,,,,,,,1,,BS was pretty jumpy today. Average was 96 but the chart doesn't look super stable.,,,,,,1,,1,,,,,,,
2023-12-13,5,"Good sleep but I woke up a bit early and only got light sleep after that. Lots of time on zoom today, not the most productive day for me. Emergency poop in the evening, I thought it might be from hot sauce or lentils, victoria thinks it was from curry at night. I ate rice w/ the curry as an experiment, other than that I ate clean. Went to book tickets to PA tonight but they got too expensive, victoria was upset that we waited too long. Went to sleep around 10 but had a coughing fit for some reason, was up until about 1045.",5,5,1,1,1,1,,,,,,,,4,,,,,,2,,,270,5,400,1080,1365,5,1,5,1,,,,,,,,,,,1,,"BS pretty stable today. I had white rice in my curry for dinner and it didn't have a huge affect on my bs, no spike anyway. However, about 2 hours later, there was a sharp spike and then decline, not sure what that was about.",,,,,,,1,,,,,,,,
2023-12-14,6,"Slept well after the coughing incident. Woke up a bit early though. Then when my watch went off, it was like a trigger to go back to sleep. Went to Nico's singing performance today and it was hilarious. Nico was really loud and did a great job. Pretty normal day other than that. Tennis in the evening, wasn't great.",5,6,1,1,1,1,1,,,,,,,6,,,,,,1,,,240,4,400,1275,1380,5.5,1,5,1,,,,,,,,,,,1,,BS was pretty jumpy today. Spiked up after lunch (eggs/sausage/cheese/hash browns). Had some dates before tennis and they didn't have a huge effect. Shake after jumped it up a bit.,,,,,,1,,1,,,,,,,
2023-12-15,8,Slept well just not enough. Got back into bed this morning after poop/meditation. Pretty good day w/ Barrington - one contract signed and another verbal. Victoria was out this evening - should have worked on the cabinets but had to prep for our 7 fishes dinner.,6,5,1,1,1,,,,,,,,,6,,,,,,1,1,,270,10,425,1065,1380,5,1,5,1,,,,,,,,,,,1,,Fat free yogurt w/ stevia made my bs jump up. Otherwise relatively stable today.,,,,,,,,,,,,,,,
2023-12-16,8,"OK sleep, phone woke me up again w/ a CGM notification. Did some decluttering in the morning and my last tennis lesson in the afternoon. Victoria and I went to hot pot and a pottery painting thing in the evening, had a good time.",5,3,1,1,1,,1,,,190.4,14.9,,,6,,,,,,2,,1,285,,540,1365,1410,4.5,1,5,1,,,,,,,,,,,1,,"BS was all over the place today. Lots of spikes. Had hashbrowns and bagel w/ breakfast, very big spike. Double or triple sharp spikes and declines after eating too, which seems unusual. I had a dessert at home of frozen cherries and blueberries w/ whipped cream, salt, and cinnamon, only got a smallish spike.",,,,,,2,,1,,,,,,,
2023-12-17,6,"Not great sleep, woke up in the middle of the night and felt a little sick - likely from the dessert b/c I ate too much. Went to Mana and Payas in the morning then brought Lena home to nap. I also napped for about 2.5 hours, much needed. Grocery shopping w/ just victoria in the evening. After the boys went to bed, I worked on prepping for the 7 fishes dinner. Didn't eat horribly today, had an empanada and curry w/ white rice.",4,4,1,1,1,,,,,,,1,,6,,,,,,1,,,315,0,600,1170,1350,3,1,5,1,,,,,,,,,,,1,,last day w/ CGM. Empanada shot BS up. Curry w/ white rice did this time too. BS was pretty jumpy all day.,,,,,,,,,,,,,,,
2023-12-18,5,"Decent sleep but not the most comfortable. Relaxed day at work. After picking up the littles, we all played outside for a bit. It was challenging - they don't really know how to play. Then we came in and did some cleaning up. I need to work on the cabinets, but Victoria wanted help w/ organizing the crap upstairs and it felt like a total waste of time. After the kids went to bed, we organized the gifts for wrapping.",5,6,1,1,1,1,,,,,,,,4,,,,,,2,1,,240,0,395,1080,1335,3.5,1,5,1,,,,,,,,,,,,,,,,,,,,,,,,,,,,
2023-12-19,6,"Slept well until I woke up around 119. Was excited b/c I still had 3 hours of sleep, but I did not get good sleep after. Couldn't get comfortable and kept snoring. Pretty tird all day. Light day w/ Barrington but I did do some actual F4 work. Then I worked on the cabinets for a couple of hours. Finished planning the foods for the weekend as well w/ Victoria.",3,3,1,1,1,1,,,,,,,,6,1,,,,,1,1,,260,0,390,1155,1310,5,1,5,1,,,,,,,,,,,,,,,,,,,,,,,,,,,,
2023-12-20,5,"OK sleep, woke up around 330 to pee and was able to get back to sleep. Pretty tired though. Double poop, didn't have time for a full workout so I just did stretching. Went grocery shopping in the afternoon for the weekend. Tried cooking a few scallops in the evening as a test, they weren't as good as I had hoped.",5,3,1,1,1,,,,,,,,,6,,,,,,2,1,,270,10,390,1020,1310,4.5,1,5,1,,,,,,,,,,,,,,1,,,,,,,,,,,,,,
2023-12-21,6,"Slept well enough but woke up around 4, pretty tired in the morning. Low back didn't feel great during deadlifts, need another adjustment. Busy day w/ Barrington - close on two contracts but nothing came through. Worked on the cabinets again and wrapped all of the gifts.",5,3,1,1,1,1,,,,,,,,6,1,,,,,1,1,,240,,390,1155,1320,5,1,5,1,,,,,,,,,,,,,,,,,,,,,,,,,,,,
2023-12-22,6,"Decent sleep but not super restful. Not much work today, did some more work on the cabinets, chiro, then setting up for tomorrow. Victoria went out tonight so I did some more prep work for the weekend.",5,4,1,1,1,1,,,,,,,1,6,1,,,,,1,1,,270,21,540,1350,1380,4,1,5,1,,,,,,,,,,,,,,,,,,,,,,,,,,,,
2023-12-23,9,"Slept well enough but very tired, went to bed too late. Did a lot of prep work in the morning and afternoon for the 7 fishes dinner, then showtime in the evening. I was getting nervous, making sure I knew the recipes well enough and tried to figure out timing. Also tried scallops a couple more times and got comfortable w/ the recipe. Everything turned out just about perfect. Scampi in the beginning was very good, shrimp wasn't overcooked and the sauce was good. The calamari in the 3rd course looked off but victoria had me add some arrabiata sauce to it and it totally saved the dish. The squid was cooked very well. The scallops turned out well and the pasta turned out really well - noodles were cooked perfectly and the sauce was great. The salmon was surprisingly fantastic. It was the perfect doneness and might have been my favorite. Then the steak, lobster, and gnocchis turned out really well too. Steaks were cooked perfectly. Could not have asked for the food to turn out any better. Very impressed w/ myself.",5,2,1,1,1,,,,,189.8,15.1,1,,8,1,,,1,,1,,1,300,0,595,1410,30,3.5,1,5,1,,,,,,,,,,,,,,,,,,,1,1,,,,,,,,
2023-12-24,8,"Didn't sleep great, then Nico kept getting up in the morning so we didn't get to sleep in too much. Went to a party around noon and actually had fun hanging out w/ some of the other dads. After that, we came back home and I did some more cooking, then mass, then everyone came over for finger foods and I cooked some more. Had a pretty good time.",4,5,1,1,1,,,,,,,1,,8,1,,,1,,1,,1,315,1,600,1380,1410,3,1,5,1,,,,,,,,,,,,,,,,,,,1,,,,,,,,,
2023-12-25,8,"Slept OK, very tired when I got up at 5. Wanted to lift but went to bed way too late. It was fun opening presents, the boys really enjoyed what they got. Cooked another casserole and some overnight french toast, both were very good. Then we went over to the grahams. Chris and Jaimie were very late, which got people stirred up, then it was awkward at mana and paya's. Came back to the Graham's after, ate some more, and played some games. Sammy got me this really cool eagle ring and a list of my 10 favorite things, it was really nice.",4,2,1,1,1,,,,,,,,,8,1,,,1,,2,,2,300,0,480,1140,1320,3.5,1,5,1,,,,,,,,,,,,,,,,,,,,,1,,,,,,,
2023-12-26,8,"Slept well but tossed and turned - trying to sleep more level to see if that helps my pelvis alignment issues. Super tired in the morning. Spent a lot of time putting together the boys' bunk beds and they're pretty pumped. Later, I spent a lot of time working on the washer dryer cabinets.",5,2,1,1,1,1,,,,,,,,6,1,,,1,,2,1,,270,7,395,1170,1340,4,1,5,1,,,,,,,,,,,,,,,,,,,1,1,,,,,,,,
2023-12-27,5,"Slept well, tossed and turned again. Very tired again in the morning. Hip still bothering me, went to the chiro again. Took apart the laundry room and stacked the washer and dryer, then packed up for PA.",5,3,1,1,1,1,,,,,,,,6,1,,,1,,1,1,,270,8,400,1080,1275,4,1,5,1,,,,,,,,,,,,,,,,,,,,,,,,,,,,
2023-12-28,4,"Woke up super early to make the flight. First flight went OK, second flight everybody slept, then the third flight Lena was rambunctious. Got to PA, I felt awkward and uncomfortable, pretty much hanging out w/ strangers. Sammy and Nico enjoyed playing w/ Megan's kids outside on the farm. I enjoyed talking w/ Rob. Didn't poop today. Got some good Indian food for dinner. Ate pretty clean but I had a burger, fries, and pizza in the airport and rice w/ my Indian at night.",5,4,1,,1,,,,,,,,,4,1,,,1,,0,,,165,0,630,1170,1335,3,1,,,,,,,,,,,,,,,,,,,,,,,,,,,,,,
2023-12-29,6,"Poor sleep, couldn't get comfortable. Nico came into the bed and kept kicking so I kicked him out. Then Lena came into the bed and kicked. Had trouble getting back to sleep. Got breakfast at Waffle House w/ my Dad/Deb and Nick/Megans. Then, apparently there was going to be a gift exchange for the kids so we went to Target to pick stuff up. Lena was acting up but eventually fell asleep in the car so we drove around for a while. Then back to Grandma's. Kids played outside for a while, then we opened presents and Doug made a big dinner. Overall, it was a lot of people and I felt pretty uncomfortable again. Sammy did pretty well though. I ate too many sweets today",2,3,1,,1,,,,,,,1,,4,1,,,1,,3,,,,,585,1140,1335,2,1,,,,,,,,,,,,,,,,,,,,,,,,,,,,,,
2023-12-30,6,"Poor sleep again and I couldn't get back to sleep for a while after waking up around midnight. I think it might be b/c I haven't had my magnesium. Breakfast at Grandma's, said goodbye to the Megans, then we left to get out of everyone's hair. Went to get szechuan for lunch, pics w/ the lion, then went to the library for a few hours. Back to Grandma's to say goodbye, Nico and Sammy were starting to act up. Had our Sheetz/leftover dinner in the hotel room and packed up. Lena wouldn't go to sleep so she slept in the bed w/ us.",2,3,1,,1,,,,,,,,,4,1,,,1,,1,,,,,540,1140,1290,3,1,,,,,,,,,,,,,,,,,,,,,1,,,,,,,,,
2023-12-31,6,"Poor sleep but better b/c I had a third pillow. Got up early for the flight. First flight was fine, everyone slept. Second flight, Lena was out of control. Got home, made lunch for the boys, then the kids took a nap. Victoria and I cleaned up a bit and ate lunch. Over to the Grahams for dinner (crappy Chinese) and games.",3,4,1,,1,,,,,,,,1,3,1,,,,,2,,,240,0,720,1080,1280,3,1,5,1,,,,,,,,,,,,,,,,,,,1,1,,,1,,,,,
2024-01-01,6,"Decent sleep. Moved around a lot but at least I was comfortable. Woke up around midnight b/c of fireworks but I was able to get to sleep after. Didn't set an alarm, woke up on my own around 5:20. OK day, got the cabinets installed and they work for the most part. two drawers don't fit so I have to figure that out but otherwise they work pretty well. I ran my macros today, I'm eating somewhere around 2500 calories/day and about 140g of protein - need to increase that to at least 190 somehow, ideally w/o increasing other macros too much. Thinking I probably need to abandon my intermittent fasting, which I've been pretty slack on for the last while anyway. Also, started sleeping w/ my mouthguard again, feel like I've been grinding my teeth.",6,6,1,1,1,,,,,,,,,6,1,,,,,1,1,,320,,540,1200,1300,4,1,5,1,,,,,,,,,,,,,,,,,,,,,,,,,,,,
2024-01-02,5,"Slept well, didn't move around too much. Had the realization that I need to do my inverted stretching for my hips this morning so I did that before squats. Hopefully that will fix things. Ate too much too late last night, still feeling full this morning, which made me feel sluggish in the gym. Starting to do a protein shake after my workout instead of a full-on breakfast. Opportunity to get more protein in, plus I wasn't very hungry this morning. Not the most efficient day, spent too much time procrastinating. Nice getting back into the swing of things though. Sammy's last day of christmas break so we played a few rounds of Monopoly.",6,5,1,1,1,1,,,,,,,,6,1,,,1,,1,1,,270,2,380,1245,1310,5,1,5,1,,1,,,,,,,,,,,,,,,,,,,,,,,,,,
2024-01-03,6,"Slept really well and really comfortably, but took me a long time to get myself out of bed which cut into my workout time. Decent day, had long conversation w/ one seller. It was challenging and entertaining. Went to bed earlyish.",8,5,1,1,1,1,,,,,,,1,6,1,,,1,,1,1,,270,19,380,1080,1305,5,1,5,1,,1,,,,,,,,,,,,,,,,,,,,,,,,,,
2024-01-04,6,"Slept well again. Woke up around 330 to pee, only light sleep after that though. Still pretty tired in the morning. Lower back is feeling a lot better. We'll see how it does after deadlifts tomorrow. Busy day but took some time off in the middle to help clean some stuff up in the garage. Got one contract signed but it's iffy, very close on several others. Victoria asked if someone offered me $1M to have another kid would I do it, I said no. She didn't like that answer too much but she's also stressed out and high strung b/c she's dieting again.",6,4,1,1,1,1,,,,,,,,5,1,,,,,1,1,,270,8,380,1035,1290,4,1,5,1,,1,,,,,,,,,,,,,,,,,,,,,,,,,,
2024-01-05,6,"Slept well but woke up around 4, got back to sleep but was tired when I got up. Must have slept weird, my neck/shoulders are stiff and sore. OK day, made a lot of cold calls. Good tennis in the evening but I started cramping up. Endurance was fine though. Back and knees felt a lot better, no issues. Victoria and I got in an argument in the evening. She's planning a trip for Nico's birthday, I don't want to bring Lena and cited her saying multiple times that she can't stand being around her, and I'm apparently not allowed to do that?",6,5,1,1,1,1,1,,,,,,,4,1,,,,,2,1,,270,4,390,1230,1350,5,1,5,1,,1,,,,,,,,,,,,,,,,,1,1,,,1,,,,,
2024-01-06,5,"Slept well until about 4, woke up b/c I had to pee but didn't get up for a while. Slept in for about 30 minutes after my alarm at 5:15. We all went to Parker's birthday party at 10. I played w/ Nico then talked w/ Dan for a while. Not a bad time. Then when we were leaving, we were helping clean up and took presents to the car. I came back in and Victoria told me to take Lena to the car b/c she was screaming, I wanted to put her shoes on and Victoria said just take her, and had a tone that I found disrepectful so I told her to watch it. That didn't go over well. She was mad for most of the rest of the day. I got a lot of little things done, but didn't get to do the cooking I wanted to do. At the end of the day, we went to dinner together and got drinks w/ a couple of neighborhood friends and actually had a good time. I ate some cookies and milk when we got home and I really shoudln't have, they were not worth it.",5,5,1,1,1,,,,,192.6,15.1,,,5,1,,,,,2,,,315,,560,1320,1365,4.5,1,5,1,,1,,,,,,,,,,,,,,,,,,,,,,,1,,,
2024-01-07,6,"Slept well but my alarm went off at 4:30ish for some reason. I got up, and did my thing, then got back in bed and was asleep again by 515. woke up again at 7. Getting more pressure to go back to church, I really don't want to. Good tennis in the morning w/ Eric. Victoria wanted to nap in the afternoon so I took all 3 kids outside, not much to do w/ them w/ a baby. We started populating the w/d cabinets at night, nice to have more room. Pretty sure hemorrhoids are from the cashews I've been eating.",6,5,1,1,1,,1,,,,,,,6,,,,,,4,1,,270,,510,1200,1320,5,1,5,1,,1,,,,,,,,,,,,,,,,,1,,,,,1,1,,,
2024-01-08,6,"Slept great but woke up around 240 b/c of hemorrhoids, was able to get back to sleep. Felt like deep, comfortable sleep all night. Only thing to make it better would be sleep through the night and more sleep. Dicked around too much in the morning again though. OK day, nothing special. Lena came home from school b/c of a rash. Took Sammy to basketball, he did well and seems like he's putting in more effort. For some reason, I got in a bad mood in the evening around basketball, not sure why. Recovered though afterwords.",8,6,1,1,1,1,,,,,,,1,6,,,,,,0,1,,270,9,400,1200,1325,5,1,5,1,,1,,,,,,,,,,,,,,,,,,,,,,,1,,,
2024-01-09,6,"Slept well again but Lena threw up in the middle of the night. Pretty crazy day. Around mid-morning, Lena had a siezure. I held onto her while Victoria called 911. Turns out it's not an abnormal thing, she had a virus and she just overheated too quickly. No lasting damage. I feel like I stayed calm for the most part. Then when we got back, power was out and it didn't come back on until after we all went to bed. Worked on arranging the cabinets again, that seems like it's almost done. Then at night, when I had the opportunity to go to bed early and no excuse not to, I just decided to dick around on my phone for too long. Pretty disgusted in myself. Also took a call from Matt w/ Barrington, apparently they're going to be dropping some agents w/in the next few months. Didn't affect me too much before bed but I did wake up around 2 and it took me a while to get back to sleep.",6,6,1,1,1,1,,,,,,,1,6,,,,,,2,1,,270,4,390,1200,1340,4,1,5,1,,1,,,,,,,,,,,,,,,,,,,,,,,1,,,
2024-01-10,6,"Poor sleep. Comfortable, but woke up around 2 to pee, turn off lights, and turn on sounds, but then I couldn't get back to sleep - thinking about Barrington and if I'm going to be allowed to stay on. Alarm went off at 430, stayed in bed for almost an hour - trying to decide if I should go back to sleep or not. OK day, got another signed contract and had a good 1 on 1 conversation w/ Luke. I had over an hour to myself at night and instead of doing some work I needed to do, I played fucking candy crush again. Pretty disgusted w/ myself.",4,4,1,1,1,1,,,,,,,,6,,,,,,1,1,,270,,390,1200,1335,6,1,5,1,,1,,,,,,,,,,,,,,,,,,,,,,,1,,,
2024-01-11,6,"Slept well enough. OK day, lots of cold calling. Had pretty much the whole day to myself. Victoria went to a moms group thing in the evening so I caught up on some F4 work and man, do I hate doing that stuff now.",6,5,1,1,1,1,,,,,,,,6,,,,,,1,1,,270,7,390,1200,1365,5.5,1,5,1,,1,,,,,,,,,,,,,,,,,,,,,,,,,,
2024-01-12,6,"Slept well enough but Nico came in and tried to sleep w/ us. I eventually kicked him out but that disturbed the middle of my sleep. Had the house to myself for most of the day, did some more actual work at the end of the day. Victoria and I talked for a while after she got home and we put the kids to bed, that was nice.",5,4,1,1,1,1,,,,,,,,6,,,,,,1,1,,270,15,395,1005,1335,4,1,5,1,,1,,,,,,,,,,,,,,,,,1,1,,,,,,,,
2024-01-13,6,"OK sleep. Sammy had basketball this morning, he actually got a rebound or two and seems to be getting it a bit more now. Did some stuff around the house, then went to the park w/ the Caseys. Made dinner for the kids then played Catan. Victoria was bummed b/c she didn't get her cheat day she wanted again.",5,4,1,,1,,,,,192.6,15.3,,,5,,,,,,1,,,390,,510,1260,1380,3.5,1,5,1,,1,,,,,,,,,,,,,,,,,,,,,,,,,,
2024-01-14,6,"Decent sleep just not enough. Casey came over for a workout in the morning, had a good time talking and helping him out w/ form. Then in the afternoon, we went to a hockey game w/ them too but didn't get to sit together. Sammy was really into it, Nico checked out early. It was pretty cool though. I got very tired in the early afternoon today.",5,4,1,1,1,1,,,,,,,,6,,,,,,1,1,,315,19,720,1170,1290,3,1,5,1,,1,,,,,,,,,,,,,,,,,,,,,,,,,,
2024-01-15,4,"Slept well but it was really hard to get out of bed in the morning. Long day - the kids had off b/c of MLK day. Worked on some school work w/ Sammy and he did not do a good job. Spent about 3 hours on spelling and eventually we made him run a lap every time he got one wrong. Basketball in the evening. Victoria was very frustrated again (still) b/c the plans she makes for traveling or whatever else always seem to fall through. This time it was her mom's 60th birthday party. She seems like she's in a funk right now, but she's also on he period.",6,3,1,1,1,1,,,,,,,,5,,,,,,1,1,,270,20,385,1110,1280,5,1,5,1,,1,,,,,,,,,,,,,,,,,,,,,,,,,,
2024-01-16,6,"Slept pretty well but woke up around 345 and couldn't really get back to sleep. OK day, nothing really special.",5,4,1,1,1,1,,,,,,,,6,,,,,,1,1,,225,,395,1200,1320,4.5,1,5,1,,1,,,,,,,,,,,,,,,,,,,,,,,,,,
2024-01-17,5,"Slept well enough, tired in the morning though. Pretty dull day, not much to report.",6,4,1,1,1,1,,,,,,,1,,,,,,,1,1,,270,4,390,1200,1320,5,1,5,1,,,,,,,,,,,,,,,,,,,1,1,,,,,,,,
2024-01-18,5,"Felt like light sleep all night. I'm getting very frustrated that I'm staying in bed for so long after my alarm. I'm wasting a lot of time. Another dull day, just a lot of cold calling and work meetings.",4,3,1,1,1,1,,,,,,,,6,,,,,,1,1,,270,18,395,1095,1290,5,1,5,1,,1,,,,,,,,,,,,,,,,,,,,,,,,,,
2024-01-19,8,"Slept well until about 230 when I got up to pee. I fell back asleep but it felt very light. Good day today - had some good leads come in, made several offers, then finished up the day w/ some good tennis.",5,6,1,1,1,1,1,,,,,,,5,,,,,,1,1,,270,2,400,1245,1365,5,1,5,1,,1,,,,,,,,,,,,,,,,,1,1,,,,,,,,
2024-01-20,6,"Slept OK and slept in until 6. Didn't feel like the best sleep, couldn't really get comfortable. OK day, made some gnocchi and a creamy marinara meat sauce. The gnocchi turned out a bit soft but still OK, the sauce was delicious. Got a good contract signed today as well. Went over to the Grahams for board games, couldn't decide on what to play for a while.",5,6,1,1,1,,,,,194,15.3,,,6,,,,,,1,,,360,2,510,1290,1350,4.5,1,5,1,,1,,,,,,,,,,,,,,,,,,,,,1,,1,,,
2024-01-21,4,"Slept pretty well and slept in until 6. I think I'm going to start doing that on weekends to get a little more sleep. Victoria and I had another discussion about my going to church today, it's getting pretty annoying. I understand her perspective - I was catholic when we got married and now I'm not; I changed. I told her I'd be willing to go to church but I don't want to participate in the rituals - it would feel inauthentic. Anyway, that loomed over my head all day. I fixed the drawers in the washer dryer cabinet so that was nice.",6,6,1,1,1,,,,,,,,1,3,,,,,,2,1,,360,6,690,1080,1320,4,1,5,1,,1,,,,,,,,,,,,,,,,,,,,,,,1,,,
2024-01-22,6,"Decent sleep. Woke up to pee and I got back to sleep but immediately woke myself up snoring twice and couldn't get back to sleep. Didn't check my watch when I got up but I think it was around 4ish. OK day, lots of calls then had a good tennis match in the evening but I lost. Cramped up again. I downed a lot of pickle juice but it may have been from doing squats in the morning.",5,6,1,1,1,1,1,,,,,,,5,,,,,,1,1,,240,,400,1335,1410,6,1,5,1,,1,,,,,,,,,,,,,,,,,1,,,,,,,,,
2024-01-23,5,"Slept well but Nico came in for some reason. I kicked him out eventually b/c he kept flopping around and hitting me. Slept in until 530 b/c I went to bed so late. Lots of activity today but no real results. Spent the evening working on F4 work. Victoria and I have been distant since sunday and we talked again about religion/what I'm going to do. Eventually, I agreed to start going back to church but I'm not looking forward to it.",6,5,1,1,1,,,,,,,,,2,,,,,,1,1,,330,6,400,1155,1380,5.5,1,5,1,,1,,,,,,,,,,,,,,,,,,,,,,,,,,
2024-01-24,3,"Poor sleep. Not enough and it felt light all night. Had dreams about hocking up phlegm and I woke up w/ a lot of phlegm. Not in a great mood today. I don't think it's b/c I conceded going back to church, although that's probably part of it, I think it's more to do w/ our inability to communicate. Yesterda morning, victoria was talking about how she just can't get herself out of bed or do certain things, and this is something I enjoy talking about so I engaged. Eventually, she got frustrated and said it was just a nothing conversation and (paraphrasing) that she didn't actually care. She then complained that I'm able to talk about that stuff but not religion. I enjoy talking about religion, it's just another one of the things that we can't talk about. Anyway, I went out to meet a seller today and got the contract signed but it looks like a dud. My Barrington barometer went from super high yesterday to super low today. Victoria was much more friendly today but I was still very frustrated.",3,3,1,1,1,1,,,,,,,,3,,,,,,1,1,,270,20,400,1035,1320,4.5,1,5,1,,1,,,,,,,,,,,,,,,,,,,,,,,,,,
2024-01-25,3,"Slept well except Nico woke us up a couple of times. He's been coming into our room the past couple of nights and it's frustrating. Was in a bad mood in the morning, still frustrated about my and victoria's communication. She asked me if I wanted to talk or had anything to say when I came in from dropping the kids off and I said no, so she's angry now too. Barrington momentum has plummeted. In the evening, Victoria got a call from her dad about mana, it sounds like she's about to die. I encouraged her to go to the hospital, which she ended up doing. Very sad, especially b/c of how everyone's been acting (mostly Greg) recently.",3,4,1,1,1,1,,,,,,,,3,,,,,,1,1,,240,,400,1110,1380,5,1,5,1,,,,,,,,,,,,,,,,,,,,,,,,,,,,
2024-01-26,4,"Poor sleep, too much on my mind. Woke up probably around 330 to pee but didn't get up. Lena wouldn't stop crying on the way to school and I didn't handle it well. I yelled at her a lot (it works sometimes) but I'm upset that I let Nico see me like that. I'm sure it scared him. The rest of the day wasn't too much better. Still very tired. Lots of Barrington activity but nothing good for me, other agents were getting contracts. I'm feeling like I don't belong again, but I'm also not asking the right questions or digging deep enough. Played w/ Sammy outside after work and it was difficult. Started throwing the football and he didn't want any of it. Very frustrating. Daniel came over at the end of the day, it was nice to catch up w/ him.",2,3,1,1,1,1,,,,,,,,5,,,,,,1,1,,210,,380,1275,1400,5,1,5,1,,1,,,,,,,,,,,,,,,,,1,1,,,,,,,,
2024-01-27,5,"Slept OK, anxious dreams though. Sammy had a basketball game this morning and he seems like he's putting in a lot more effort. Victoria was at the hospital w/ Mana for most of the day so I was at home w/ the kids. We locked the boys outside for a while so they could entertain themselves. They were on their own for most of the day while I was on Lena duty. I felt bad for that but they seemed to do OK. I did yell at them several times for getting on each other. I was also pretty preoccupied b/c I was making chicken tikka masala and naan. The naan wasn't great b/c I forgot to put salt in the dough but the tikka turned out nearly perfect. I was very happy w/ that and victoria loved it too.",4,4,1,1,1,,,,,195.4,15.7,,,5,,,,,,1,,,360,3,510,1290,1365,3,1,5,1,,1,,,,,,,,,,,,,,,,,1,,,,,,,,,
2024-01-28,5,"Slept pretty well but had a bad dream that I lost Nico in Australia. Victoria's back at the hospital today. Took sammy and lena grocery shopping and they both did well. Then victoria and her mom came over w/ Nico. I enjoyed talking w/ her mom, we get along as long as we avoid certain topics I guess. We got our chores done then victoria went to bunco then back to the hospital. I just hung out w/ the kids then put them to bed. Got some work done after that too.",5,5,1,1,1,,,,,,,,,5,,,,,,2,1,,360,10,570,1290,1350,4,1,5,1,,1,,,,,,,,,,,,,,,,,,,,,,,,,,
2024-01-29,5,"Slept well just not enough. Very tired in the morning so I just did some kb swings and went back up to cuddle. Super long work meeting today that I didn't get anything out of. Lots of cold calls and follow ups. Feeling better than Friday but it would help if I got another nice contract. Had some time to myself again in the evening, planned out what to make this weekend and got some work done.",5,3,1,1,1,,,,,,,,1,5,,,,,,2,1,,270,10,320,1125,1320,5.5,1,5,1,,1,,,,,,,,,,,,,,,,,,,,,,,,,,
2024-01-30,5,"Took a little while to fall asleep but slept OK otherwise. Woke up around 4 to pee but just stayed in bed until my alarm. OK day, nothing really of note. Victoria's still going through a lot w/ her family, specifically her dad, and that's tough. Need to go to bed sooner too.",5,4,1,1,1,1,,,,,,,,5,,,,,,1,1,,240,3,385,1140,1350,5,1,5,1,,1,,,,,,,,,,,,,,,,,,,,,,,,,,
2024-01-31,5,"Slept well, interesting dreams, but tired in the morning. Pretty tired all day. Had to go out for an appointment again and had a few work calls. Victoria was in a much better mood this evening which was nice. Went to bed early.",6,3,1,1,1,1,,,,,,,,5,,,,,,2,1,,270,15,385,1170,1270,3.5,1,5,1,,1,,,,,,,,,,,,,,,,,1,1,,,,,,,,
2024-02-01,5,"Slept well. Woke up around 410 to pee but just stayed in bed until my alarm. Feeling better in the morning and got out to the gym in time, but then I had to poop twice during my workout. I also feel like I procrastinated a good bit as well. Very frustrating and seems like self-sabotage. Pretty low energy throughout the day and pretty tired. Had some work to do so I didn't get much done w/ Barrington. Victoria came home and everyone was going to eat dinner together but then she took a couple of phone calls for swimming. If I had done that, she would have been very upset. She had also asked if I want to go to lunch on Friday since she doesn't have anything going on, then she doesn't know where she'd want to go and isn't ""craving"" anything. I told her that planning things around her cravings is nearly impossible and is a big deterrent for me. I'm feeling very frustrated w/ our relationship - partially b/c of communication and partially b/c we haven't had sex in over a month, but it might also be b/c I'm so tired right now. Part of me wants to bring it up but another part of me doesn't b/c she's got so much other stuff going on right now w/ her family and job, I don't want to be something else she worries about.",6,5,1,1,1,1,,,,,,,1,3,,,,,,2,1,,250,0,385,1110,1305,4.5,1,5,1,,1,,,,,,,,,,,,,,,,,,,1,,,,,,,
2024-02-02,5,"Slept pretty well but super tired in the morning. It's been harder and harder to get out of bed. Cuddled w/ victoria after getting sammy off, but the whole time I was just stewing, resenting our physical relationship, thinking about what it used to be, and reliving everything she told me about her past relatioships. Often times I can force myself out of those thought patterns but being so tired right now, I feel like I'm just letting it happen and my resentment is growing. Felt better as the day went on and Victoria and I went out to lunch. She had gone to a bible study earlier and they discussed self-limiting beliefs so we discussed that for a bit. It was interesting b/c it's delving into the territory of things I find interesting and not usually something that the two of us can discuss together. Went back to work after that, did dinner, then victoria and I watched a show after the kids went to bed. We went upstairs around 730, read for a bit, then went to sleep around 840. unfortunately, it took me a long time to fall asleep. I initially fell asleep fast, but woke up after 20 minutes or so and didn't get back to sleep until close to 10. Very frustrating. Victoria can also tell that something's bothering me, but I don't want to bring up that it's our physical relationship. For one, I know she has a lot going on and I don't want to be another burden and two, I don't want pity sex.",6,2,1,1,1,1,,,,,,,,3,,,,,,1,,,270,15,380,1110,1320,4.5,1,5,1,,1,,,,,,,,,,,,,,,,,,,,,,,,,,
2024-02-03,5,"Slept OK, frustrated that I couldn't get to sleep until so late. Woke up around 5 on my own and got out of bed around 525. Went to Sammy's basketball game in the morning, he seems to be getting better by the week. After that, I stayed home while Lena napped and made buffalo wings. They were OK but I overcooked them. Then Victoria took all of the kids over to her parents' and I was going to get some stuff done, but they came home shortly after b/c brian and veronica were arguing. I guess that went on for a while and in the end it sounds like they decided to separate. We did some cooking today and we talked a little bit. I told her I was frustrated w/ our inability to communicate. What I got from it is that I talk down to her and lecture too much, and she just wants to vent sometimes (a lot). Didn't get a whole lot from the conversation. I made a soup for me and victoria for dinner and we watched crazy stupid love. The soup was good, movie was just ok.",5,6,1,1,1,,,,,195.4,15.8,,,4,,,,,,1,,,300,,380,1275,1320,4.5,1,5,1,,1,,,,,,,,,,,,,,,,,,,,,1,,,,,
2024-02-04,6,"Slept pretty well w/ some more strange dreams. Woke up a little after 5 again on my own. OK day. Played w/ the kids for a while in the morning, then sent the boys outside to play. Did a fire camp for the boys then played tennis in the evening. Cuddled w/ victoria as we read, that was the most physical contact we've had in a while.",5,5,1,1,1,,1,,,,,,,6,,,,,,2,1,,315,,450,1260,1350,4,1,5,1,,1,,,,,,,,,,,,,,,,,2,1,,,,,,,,
2024-02-05,5,Took a while to fall asleep again and most of the night felt like light sleep. Nothing special today. Made a lot of calls w/ no real results. Not liking my chances of surviving the cut down w/ Barrington.,4,5,1,1,1,1,,,,,,,1,6,,,,,,2,,,270,3,380,1155,1320,4.5,1,5,1,,1,,,,,,,,,,,,,,,,,,,,,,,,,,
2024-02-06,5,Slept OK. I was more level on my side instead of propped up. Very tired again in the morning. Dull day again and I'm in a slump w/ Barrington. Very frustrating. Sammy had soccer tonight. It was cold and he only had a tshirt on. His coach gave him his sweatshirt to wear. I should have done that but didn't and I felt pretty bad about it.,5,3,1,1,1,1,,,,,,1,,6,,,,,,1,1,,270,15,385,1215,1290,5,1,5,1,,1,,,,,,,,,,,,,,,,,1,,,,,,,,,
2024-02-07,5,"Poor sleep. Woke up around 1 to pee, then went in and out of light sleep until about 3. Couldn't really get back to sleep. I'd doze off then wake up again either b/c I was too hot, cold, or I started snoring. Pretty tired all day and not much to report. I had fun wrestling w/ Nico and Lena after Sammy went off to church.",2,3,1,1,1,1,,,,,,,,6,,,,,,1,1,,180,4,395,1215,1305,4,1,5,1,,1,,,,,,,,,,,,,,,,,,,,,,,,,,
2024-02-08,5,"Slept well. Stayed in bed b/c I don't have a prescribed workout for the day but I should have gotten up. Still very tired though. OK day, had a few good calls. Working on scheduling a trip w/ Casey out to see Ben, looks like it will be in May/June.",6,4,1,1,1,,,,,,,,,6,,,,,,1,1,,270,27,385,1185,1290,5,1,5,1,,1,,,,,,,,,,,,,,,,,,,,,,,,,,
2024-02-09,5,"Slept well again but woke up around 345 to pee. Got back to sleep but it was only light sleep. Very tired again in the morning. OK day, actually ran out of things to do w/ Barrington and ended up kind of wasting time. Good tennis match in the evening agains t Tom.",6,3,1,1,1,1,1,,,,,,1,6,,,,,,2,1,,270,13,405,1275,1320,6.5,1,5,1,,1,,,,,,,,,,,,,,,,,1,1,,,,,,,,
2024-02-10,5,"Slept well. Woke up around 530 to pee but just stayed in bed until alarm at 6. Feeling more rested this morning. Didn't do a whole lot today. Nico's pretty sick, so he and Lena went over to veronica's during sammy's basketball game. It was nice being able to watch the whole time instead of watching kids. Then we went over to Mana's for a while w/ the kids. When we got home, Nico and Lena took a nap and Sammy and I assembled the new air bike. In the evening, we went to the taste of the swamp event and it was kind of a bust. Food wasn't very good.",8,5,1,1,1,,,,,197,15.9,,,6,,,,,,2,,1,330,2,405,1275,1365,3,1,5,1,,1,,,,,,,,,,,,,,,,,,,,,,,,,,
2024-02-11,5,"Slept well again. I've been sleeping w/ earplugs in, maybe that's helping. OK day, not the most efficient use of time. Nico's pretty sick so there was a lot of catering to him. Built the board game shelves so that was nice to get done.",8,5,1,1,1,,,,,,,,,6,,,,,,1,1,,360,1,510,1200,1320,3.5,1,5,1,,1,,,,,,,,,,,,,,,,,,,,,,,,,,
2024-02-12,5,"Slept well until I got up to pee, then it took me a while to get back to seemingly light sleep. Had trouble w/ hot/cold again. Not sure what time I woke up, didn't want to look at my watch. Had to go into work for a bit today, waste of time. Not much else to report for the day.",4,5,1,1,1,1,,,,,,,,6,,,,,,2,1,,270,2,385,1185,1325,4,1,5,1,,1,,,,,,,,,,,,,,,,,,,,,,,,,,
2024-02-13,5,"Slept well again and had weird dreams. First day of cardio, not horrible but I wouldn't say I enjoyed it. I kept trying to have the mindset that I'm looking forward to when this feels easier. OK day, not much to report. I took Sammy to something at his school in the evening, it wasn't great but he had fun.",6,6,1,1,1,1,,,,,,,1,6,,,,,,1,1,,270,5,400,1230,1320,4,1,5,1,,1,,,,,,,,,,,,,,,,,,,,,,,,,,
2024-02-14,5,"Slept well but didn't get the best sleep after getting up to pee. Got up right away though, that was nice. Nico came home sick again today. Not much to report.",6,6,1,1,1,1,,,,,,,,6,,,,,,2,1,,270,0,395,1245,1305,3.5,1,5,1,,1,,,,,,,,,,,,,,,,,,,,,,,,,,
2024-02-15,5,"Good sleep but not enough. I must have gotten up to pee shortly before my alarm b/c it really surprised me and I was just getting into a dream. Stayed in bed too long, I was very comfortable. Busy day w/ Barrington and finally got a contract. Took sammy to swimming and soccer tonight, that was a lot.",6,4,1,1,1,1,,,,,,,,6,,,,,,1,1,,270,22,385,1215,1275,3.5,1,5,1,,1,,,,,,,,,,,,,,,,,,,,,,,,,,
2024-02-16,5,"Slept through my alarm this morning and didn't get up until Nico came out of his room at 6:45. Pretty disappointed that I broke my early wakeup streak. OK day. Didn't do a whole lot. Nico was sick again, I made some calls, tennis in the evening, and got a signed contract. Went to bed too late.",6,6,,,1,,1,,,,,,1,6,,,,,,2,1,,405,0,495,1275,1385,5,1,5,1,,1,,,,,,,,,,,,,,,,,2,1,,1,1,,,,,
2024-02-17,6,"Poor sleep. Went to bed too late and woke up around 5, tried going back to sleep but I couldn't. In a poor mood in the morning. Sammy had basketball and soccer and Nico had soccer this morning. Nico did OK, better than sammy did at this age. Sammy seemed to do better at soccer today. Then we drove to Myrtle Beach. With Lena. I am not looking forward to this trip at all. We got in, checked into the hotel, then went to the pirate dinner/show. The kids enjoyed it and everyone behaved pretty well. I started getting a cold today but not too bad so far.",3,5,1,1,1,1,,,,196.6,16.3,,,6,,,1,,,2,,,300,,495,1200,1290,3,1,5,1,,,,,,,,,,,,,,,,,,,,,,,,,,,,
2024-02-18,3,"Horrible sleep. Lena slept w/ me and victoria and she didn't sleep at all. I was super cold outside of the covers but really hot inside. Time stood still overnight and it was just horrible. Eventually, sammy and I switched places and I slept w/ Nico. He was a good cuddler. When we finally woke up, I felt horrible - my cold has progressed tremendously. Victoria took the kids to the pool and I had to stay back and rest. Just congestion/headache and fortunately no nausea. I napped for a little while then went out to get some motrin, which helped, and I was able to participate. After we got back from the pool, we got lunch (horrible), a playground, and a few other things. Lena was extremely frustrating but the boys had a good time. Drove around for a while trying to find somewhere to eat dinner and we ended up not eating. I hate myrtle beach so much.",1,1,,,1,,,,,,,,,4,,,1,,,1,,,,,,,,3,1,,1,,,,,,,,,,,,,,,,,,,1,,,,,,,,,
2024-02-19,3,"Slept better but still pretty poorly. Lena stayed still for a while then started moving around 2 probably. Still very sick and now Victoria is too. Went to get more medicine this morning, packed up, got breakfast (poor again), and drove home. We all took naps when we got home, then I took Sammy to basketball. We did parents vs kids and it was a lot of fun. Then I had a tennis match and my opponent was perfect for my condition. I didn't play well but I won.",2,2,,,1,,1,,,,,,,4,,,1,,,1,,,,,,,1380,4,1,,1,,1,,,,,,,,,,,,,,,,,2,1,,,,,,,,
2024-02-20,4,"Weird sleep. I took some nighttime suda fed or equivalent. I put my book down at 1030 and struggled to fall asleep for a long time. I eventually did, but my wakefullness really blended in w/ my sleep. I was also extremely sweatty all night, everything was drenched. Struggled to get out of bed - exhausted and cold. Very out of it today. Body doesn't feel too bad but I'm light headed and can't think very well. Went to bed early but still had trouble getting to sleep.",3,3,1,,1,,,,,,,,,6,,,1,,,1,1,,330,19,395,1245,1335,2.5,1,,1,,1,,,,,,,,,,,,,,,,,,,,,,,,,,
2024-02-21,5,"Better sleep but not good. Nose was stuffy throughout the night so I was mouth breathing and got really dry. Nose cleared up around 4 and I was able to get some better sleep, but woke up on my own probably around 5. Sweatty, but not nearly as bad as last night. Frustrating day for the most part. Still feeling light headed and not very sharp, but that improved as the day went on. I had a lot of calls to make but I struggled getting myself to make them. I drew it out and made it take a lot longer than necessary. Really good tennis in the evening though.",4,4,1,1,1,,1,,,,,,,4,,,1,,,1,1,,300,0,405,1275,1380,4.5,1,5,1,,1,,,,,,,,,,,,,,,,,2,,,,,,,,,
2024-02-22,5,"Not great sleep. I was very comfortable, but it took me a while to fall asleep again and I woke up w/ a throat tickle that led to a coughing fit. Sweaty again - more than last night but less than the night before. Still a little sick but feeling much better. Still feeling very inefficient w/ my time. I'm giving myself a little slack b/c I'm still not 100% there mentally, but still frustrated. I'm also frustrated by our physical relationship. I can't even get victoria to cuddle anymore, let alone have sex. I understand that the year so far has been tough w/ mana and always being sick so I haven't brought it up yet, but swim season is going to start in March and then absolutely nothing happens. Yet she's always asking for massages and backrubs.",5,5,1,1,1,,,,,,,,,3,,,1,,,1,1,,330,14,465,1245,1335,4,1,5,1,,1,,,,,,,,,,,,,,,,,,,,,,,,,,
2024-02-23,5,Slept OK but Lena woke up screeming in the middle of the night and victoria brought her into bed. She moved around a lot again. Still struggling to get myself to put in good effort but it's getting better. Stopped a little early to go play basketball and stuff w/ the kids. Went to bed early.,4,5,1,,1,,,,,,,,,4,,,1,,,1,1,,330,11,405,1170,1245,3,1,5,1,,1,,,,,,,,,,,,,,,,,,,,,,,,,,
2024-02-24,3,"Slept pretty well but woke up on the wrong side of the bed. Kids came in the garage when I was working out, hard to get anything done. Nico and sammy had soccer at the same time. Nico's team scrimmaged another team and Nico scored a goal. Sammy looks like he's doing better w/ soccer. Then he had his last basketball game, we did our grocery shopping, then we had a few hours before pictures downtown. That was fucking torture. Lena was horrible but of course we just kept going. Got dinner and that was pretty good, and Lena was in a much better mood.",8,6,1,1,1,1,,,,194.4,15.7,1,,4,,,1,,,1,,,360,7,465,1125,1350,3,1,5,1,,1,,,,,,,,,,,,,,,,,1,,,,,,,,,
2024-02-25,4,"Slept well but not great. Alarm went off at 5:30 again but slept until 6. Church in the morning, chores after that, then went to the Graham's for a while and did … nothing. Felt like a very wasted day. Neck started hurting me in the evening, laid on the flat ground outside. Pretty pathetic. Also got very tired again in the evening. Maybe I'm not eating enough but I really don't have much of an appetite.",6,6,1,1,1,,,,,,,,,6,1,,1,,,2,1,,360,0,465,1110,1320,4,1,5,1,,1,,,,,,,,,,,,,,,,,,,,,,,,,,
2024-02-26,5,"Slept well but every time I moved my neck hurt. OK day, not a whole lot of activity. Good tennis match in the evening. Victoria made her best sourdough loaf yet.",6,5,1,1,1,1,1,,,,,1,,6,1,,1,1,,2,1,,270,4,395,1320,1365,5,1,5,1,,1,,,,,,,,,,,,,,,,,1,1,,,,,,,,
2024-02-27,4,"Not great sleep. Neck bothered me, couldn't get very comfortable, got up twice to pee. Have to go into work today. Wasn't the worst thing in the world but not something I enjoyed. Got some work done after getting home, then we had Mana's wake. Neck didn't bother me too much today and I think I'm finally over whatever sickness I had.",4,5,1,1,1,,,,,,,,,6,,,,1,,1,1,,330,2,400,1040,1275,3,1,5,1,,1,,,,,,,,,,,,,,,,,,,,,,,,,,
2024-02-28,5,"Slept well, still tired when I got up. Mana's funeral today, everything went pretty smoothly. Afterwords, we went to lunch at ice house. I just had a salad but ate the croutons and some of sammy's fries. Came home and got some work done.",8,4,1,1,1,1,,,,,,,,6,,,,1,,2,,,270,10,380,1215,1305,3.5,1,5,1,,1,,,,,,,,,,,,,,,,,,,,,,,,,,
2024-02-29,5,"Slept well. Got up at 230 to pee and 430 came around really quickly. Lower back hurting during workout this morning. OK day, nothing special. Sammy's feeling sick now. Victoria and I went to bed early. Ate clean except I made Thai tonight and ate it w/ rice.",8,5,1,1,1,1,,,,,,,,6,1,,,,,1,,,270,5,385,1185,1245,4.5,1,5,1,,1,,,,,,,,,,,,,,,,,,,,,,,,,,
2024-03-01,5,"Snored all night. Slept for longer than usual, but I had a lump in the back of my throat that kept waking me up. Also had to poop a lot in the morning, couldn't get my full workout in. Lower back still not feeling good. Not much to report for the day. I got my Barrington stuff done so took a break and worked on actual work, getting closer to being able to turn that in.",5,5,1,1,1,1,,,,,,,,6,1,,,,,3,1,,270,6,400,1140,1335,4,1,5,1,,1,,,,,,,,,,,,,,,,,,,,,,,,,,
2024-03-02,8,"Slept pretty well. Had a fun day. Soccer was rained out so we got to take our time in the morning. Went grocery shopping, then over to Chris and Jamie's for a paint thing that was a lot of fun (pour painting). Came back and I made fried chicken sandwiches w/ buffalo sauce and blue cheese and ranch sauces. Very good.",8,6,1,1,1,1,,,,,,1,,6,,,,,,1,,,360,6,480,1260,1325,3.5,1,5,1,,1,,,,,,,,,,,,,,,,,1,1,,,1,,,,,
2024-03-03,6,"Not the best sleep. Very frustrating dream and I felt anxious. Woke up around 5 or so to pee and couldn't get back to sleep. OK day, did some chores in the morning, went over to the Grahams for brunch, then came home and tried to work on cabinet doors. I wasted a lot of time looking for stuff that I apparently didn't even buy. Very frustrating. Ate clean except Victoria made bagels that were pretty good, I had one in the morning.",4,6,1,1,1,,,,,,,,,6,1,,,1,,1,,,300,2,465,1140,1320,4,1,5,1,,1,,,,,,,,,,,,,,,,,,,,,,,,,,
2024-03-04,5,"Slept pretty well but woke up at 4 to pee and didn't get back to sleep. Nothing special to report today. Disappointed though - two really good leads came in but I didn't get them. Things seem like they're picking up though. Also bummed b/c tennis got cancelled. Had some time in the evening, wasted some of it but also continued working on data analysis for Barrington. Started new sleep stack - magnesium threonate, theanine, and apigenin. See OneNote for details",5,6,1,1,1,1,,,,,,,1,6,,,,,,2,1,,240,0,400,1140,1335,5,1,5,1,,1,,,,,,,,,,,,,,,,,,,,,,,,,,
2024-03-05,5,"Not the best sleep, felt pretty light. Woke up a little early, probably around 410. Double poop again this morning, didn't have time for my squat workout. Not much to report today. Barrington's getting a little tedious, leads not really coming in and I'm doing a lot of cold calling. Not the most fun. Stayed after soccer practice w/ Sammy today, he wanted to practice goaltending and punting.",4,4,1,1,1,1,,,,,,,,6,,,,1,,2,1,,250,0,400,1155,1305,3,1,5,1,,1,,,,,,,,,,,,,,,,,,,,,,,,,,
2024-03-06,5,"OK sleep but not great. Strange morning - woke up to pee and didn't want to look at my watch, but it felt like it was pretty late. Tried to go back to sleep but I couldn't. Eventually had to poop so I checked my watch and apparently I had slept through my alarm. Must have gotten up right after it went off. Low back pretty sore during squats, need to go to chiro. Not much to report again. Went to chiro in the afternoon. The kids did not behave well in the evening, especially Nico. He's been out of control lately.",5,5,1,1,1,1,,,,,,,,5,1,,,1,,1,1,,270,,400,1110,1260,4,1,5,1,,1,,,,,,,,,,,,,,,,,1,,,,,,,,,
2024-03-07,5,"OK sleep. Put my bood down at 8:40, kind of fell asleep, then woke up around 9. Woke up for a bit in the middle of the night but was able to get back to sleep. Low back feels worse this morning but I did kb swings anyway. Could the air bike be causing my back issues? Don't feel like I got much done today. Had a doctor's appointment, going to run some blood tests, maybe do a sleep study (sleep apnea), and see a sports medicine doc for my knees. We'll see what comes from it. Played outside w/ the kids in the afternoon, sammy actually wanted to play soccer.",6,6,1,1,1,1,,,,,,,,6,1,,,1,,1,1,,270,5,390,1140,1290,3.5,1,5,1,,1,,,,,,,,,,,,,,,,,1,,,,,,,,,
2024-03-08,5,"OK sleep but it didn't feel super deep. Had frustrating dreams again too. Low back still sore so I didn't do my regular workout. Not much to report again today, pretty dull.",5,5,1,1,1,1,,,,,,,1,5,1,,,,,1,1,,270,15,395,1065,1320,4,1,5,1,,1,,,,,,,,,,,,,,,,,,,,,,,,,,
2024-03-09,8,"Slept pretty well. I've been having more vivid dreams recently since changing my sleep supplements. Had fun cooking breakfast in the morning. Pretty good day. Soccer was rained out again. Went to Ashley Ridge for some kind of education fair they had and the kids enjoyed it, there were some good activities for them. After that, I did a lot of cooking - butter chicken, beignets, and popcorn chicken. All turned out very well.",6,6,1,1,1,,,,,,,1,,6,,,,,,1,,,360,6,510,1260,1320,4.5,1,5,1,,1,,,,,,,,,,,,,,,,,,,,,,,,,,
2024-03-10,6,"Slept OK. Daylight savings time today, so lost an hour of sleep. I also woke up around 530 (new time) to pee, but couldn't get back to sleep. OK day. Tim and Suzy came by to say goodbye to Ringo - she's lost a lot of weight recently and is super skinny. Tim still pretty much avoided me and it was kind of awkward but whatever. After Lena's nap, we went to Ace to exchange some plants and hang out at their bar/kid play area. It's a petty cool place. I had a hard cider. Got home and did dinner, I had some of the popcorn chicken I made yesterday. Didn't eat a whole lot today, but I didn't eat clean either. Started taking allergy meds today. Allergies started kicking in yesterday a bit, just a runny nose. Nose was runny again today and eyes started itching.",5,6,1,1,1,1,,,,,,,,6,1,,,,,1,,1,260,,480,1065,1290,4,1,5,1,,1,,,,,,,,,,,,,,1,,,,,,,,,,,,
2024-03-11,5,"Not great sleep. Took me a little while to fall asleep, then the kids got up and went to the bathroom several times. Don't feel like I got into much of a deep sleep. Not sure what time I woke up, but it was early. Frustrating day, internet was out starting around 9am. Sammy was home sick again w/ some kind of stomach bug. I went to a doctor about my knees and it was disappointing. He took x-rays and manipulated my knee, but couldn't tell me much other than I need to stretch. He said I'm not doing any long term damage to it, but I don't think I believe him. Hung out w/ Sammy in the afternoon and we played cards for a while. Tennis in the evening. Low back and knees are rough and it made me a little slower to react.",4,6,1,1,1,1,1,,,,,,,5,1,,,,,1,1,,225,2,390,1290,1380,4.5,1,5,1,,1,,,,,,,,,,,,,,1,,,2,1,,,,1,,,,
2024-03-12,5,"Not great sleep again. I tried sleeping flatter on just one pillow. It was comfortable, but I tossed and turned, then started snoring around 4 or so. Didn't really get back to sleep after that. Internet was out again but it got fixed in the afternoon. Knee really started bothering me today after tennis yesterday, felt like I had some swelling going on. Iced it in the evening. Sammy had a soccer game. His coach puts him on defense, probably the best place for him. He did well sometimes and poorly other times. Needs to be more aggressive and put in more effort. Ate clean today except for some sourdough bread that victoria made. I didn't eat much, but I couldn't honestly say that I ate clean. Also ate my last meal around 230 but had two leftover chicken nuggets when we got home from soccer. Other than that, stopped eating around 230.",3,6,1,1,1,,,,,,,,1,6,1,,,,,1,,,240,0,395,1125,1305,4,1,5,1,,1,,,,,,,,,,,,,,1,,,,,,,,,,,,
2024-03-13,5,"Poor sleep again. Tried laying flat. I'm comfortable, just don't sleep well and I toss and turn. Victoria said I was snoring really badly too. Got up to pee at some point, probably around 2, and elevated myself again. Took a bit to get back to sleep but slept much better once I fell asleep. Light workout in the morning b/c of my knee and left leg, iced my knee afterwords. Dull day again, not much to report. Very tired in the evening, not sure if it's from lack of good sleep or b/c of allergies/allergy meds.",3,6,1,1,1,1,,,,,,,,6,1,,,,,1,1,,270,2,405,1200,1330,4.5,1,5,1,,1,,,,,,,,,,,,,,1,,,,,,,,,,,,
2024-03-14,5,"Poor sleep. Took a while to fall asleep again. Started out elevated, flat doesn't seem to work. Felt like restless and light sleep, except after I got up to pee. Frustrating. Not much to report for the day. Barrington is very slow and frustrating right now. Hung out w/ the kids outside this afternoon.",3,4,1,1,1,1,,,,,,,,6,1,,,,,1,1,,270,15,425,1185,1320,4.5,1,5,1,,1,,,,,,,,,,,,,,1,,,,,,,,,,,,
2024-03-15,5,"Better sleep but not great. I only took magnesium, not the other two supplements before bed. Still felt like light sleep for most of the night. Deepest sleep was after getting up to pee again. Fasting this morning so I can get some blood work done. OK day, a few good calls w/ Barrington. Not much to report.",5,4,1,1,1,1,,,,,,,,6,1,,,,,2,1,,270,1,525,1140,1340,4,1,5,1,,1,,,,,,,,,,,,,,1,,,,,,,,,,,,
2024-03-16,5,"Slept better, still not great. Busy day in the morning w/ soccer. Went to dinner w/ the Grahams, food wasn't good and the kids weren't great, paid $185. Fucking ridiculous.",6,5,1,1,1,,,,,,,,,6,1,,,,,2,,,360,7,450,1245,1280,3,1,5,1,,1,,,,,,,,,,,,,,1,,,1,,,,,,,,,
2024-03-17,5,"Slept OK, woke up around 520 and just rested. Church in the morning but it was a rush to get out the door. Victoria emerges downstairs around 7:40 and expects everyone to be ready. Grocery shopping after church, then cleaning up and general chores, followed by an easter egg hunt. Mostly more chores in the afternoon but nothing too stressful.",6,5,1,1,1,1,,,,,,1,,6,1,,,,,1,,,320,0,470,1020,1310,4,1,5,1,,1,,,,,,,,,,,,,,1,,,1,,,,,,,,,
2024-03-18,4,"Slept well until I got up to pee, then very light after that. Fell back asleep after my alarm, even had a dream. Knees and back are feeling a lot better recently, hopefully taking time off of heavy squats and deadlifts are helping. Have to go into work all week for SOSNIE. Wasn't horrible, but there was no need for me to be there. Big waste of time. Tennis match in the evening and I think I figured out what's causing pain in my left leg and back - when I'm serving, I'm landing on my left leg and b/c my knees aren't great, I absorb all of the impact w/ my hip. My IT band at my hip is absorbing it and it's tilting my pelvis out of alignment. Now I just have to figure out how to fix that.",4,5,1,1,1,1,1,,,,,,,6,1,,,,,2,1,,270,15,390,1290,1365,5,1,5,1,,1,,,,,,,,,,,,,,1,,,1,,,,,,,,,
2024-03-19,4,"Slept well until I got up to pee then light sleep again. Busy morning, taking Sammy and the Gibbys in as well as Nico and Lena while Victoria's at swim practice. Into work again and a lot of wasted time. Very frustrating. Got home around 5 then took Sammy to his soccer game, got some cooking done, and went to bed. Took apigenin w/ magnesium tonight.",5,5,1,1,1,,,,,,,,,6,1,,,,,2,1,,300,5,425,1260,1305,3.5,1,5,1,,1,,,,,,,,,,,,,,1,,,,,,,,,,,,
2024-03-20,5,"Slept better, woke up a couple of minutes before my alarm. Back into work today for SOSNIE. Didn't do a whole lot but hung out and chatted, not a horrible time. I've been able to catch up on my podcasts and read during lunch, at least some nice things came out of this. Took apigenin w/ magnesium again tonight.",6,5,1,1,1,1,,,,,,,,6,1,,,,,0,1,,270,9,395,1260,1305,6,1,5,1,,1,,,,,,,,,,,,,,1,,,,,,,,,,,,
2024-03-21,6,"Slept well until I got up to pee around 2, then very light sleep after that. Pretty tired in the morning. I don't think the apigenin was helpful. Didn't go in today so I could get some work done and I actually enjoyed it. Spreadsheet work, but I made scripts and automated some things. Pretty fun. Very tired in the evening. Took L-Theanine w/ my magnesium tonight, we'll see how that works.",4,5,1,1,1,1,,,,,,,1,6,1,,,,,2,1,,270,2,395,1155,1320,4,1,5,1,,1,,,,,,,,,,,,,,1,,,,,,,,,,,,
2024-03-22,5,"Very poor sleep. Felt like it was super light until I got up to pee. Shifted position to be even more elevated and that seemed to help, but very exhausted in the morning. Thought about just going back to sleep but I wouldn't be able to get good sleep. I don't think the theanine helped. Not much to report for today. Got back to Barrington stuff, then more spreadsheet work.",2,2,1,1,1,1,,,,,,1,,6,1,,,,,1,1,,270,27,380,1065,1365,4,1,5,1,,1,,,,,,,,,,,,,,1,,,1,,,,,,,,,
2024-03-23,3,"Slept better, just magnesium last night (400mg). Struggled to get comfortable. Boys came in during my workout. Frustrating, but I stopped, made them breakfast, and got back to it. Lower back continues to get better but it's still not good enough to do regular weights with. Pretty crappy day. I think I woke up on the wrong side of the bed. The boys didn't listen well today and I didn't handle it well. We went to a bbq party in the afternoon and Lena was supposed to stay w/ victoria's parents but they weren't available (at least that's what she tells me). It was pretty miserable. I also ate too much today and got myself sick, wanted to throw up. I feel like a hypocrite for what I tell Sammy. In the evening, I stuffed the dryer too full and the belt snapped again. We also spent time looking for flights to Seattle.",5,5,1,1,1,1,,,,196.6,16.2,,,3,1,,,,,3,1,,360,3,500,540,1305,3,1,5,1,,1,,,,,,,,,,,,,,1,,,,,,,,,,,,
2024-03-24,5,"Very poor sleep. Kept waking up from snoring. Woke up at 330 to pee and didn't really get back to sleep after that. Went down to the couch at 5 to sleep, kind of fell asleep, then alarm went off at 6. I kept trying to sleep but couldn't. Unfortunately, my bad mood from yesterday carried over to today. Victoria was in a good mood in the morning though, so that helped a little. I had the day pretty much to myself - victoria took the boys to church and I hung out w/ Lena, then the boys went to the Graham's and victoria took Lena to pictures and everyone stayed at the graham's all day. I got a lot of chores done and a lot of planting. Was nice to relax but I felt bad about not hanging out w/ the kids. Didn't take allergy meds today.",2,3,,1,1,,,,,,,,,5,1,,,,,1,1,,210,,510,1155,1320,5,1,5,1,,1,,,,,,,,,,,,,,,,,,,,,,,,,,
2024-03-25,5,"Much better sleep. I took 2 magnesium pills again and no allergy meds yesterday. Still very tired in the morning though. Back to barrington work today, spent a lot of time on the dialer. Feels like I'm spinning my wheels. Played w/ the boys in the evening, that was pretty fun.",6,5,1,1,1,1,,,,,,,,6,1,,,,,1,1,,270,6,395,1035,1350,5,1,5,1,,1,,,,,,,,,,,,,,,,,,,,,,,,,,
2024-03-26,5,"Slept well again, just not enough. Put my book down at 10, fell asleep quickly, but woke up shortly after w/ a cough. Back is doing better, did more squats in the morning. After I got in a good number of calls, I started working on w/d cabinet doors. We're having some friends over this weekend and victoria wants them covered up. Took Sammy to soccer practice, then tennis in the evening.",6,4,1,1,1,1,1,,,,,,1,6,1,,,,,1,1,,270,13,395,1320,1390,5,1,5,1,,1,,,,,,,,,,,,,,,,,1,,,,,,,,,
2024-03-27,5,"Slept comfortably but woke up before my alarm. Busy day w/ barrington, that was a nice change of pace. Worked on cabinet doors some more, went to bed too late. Victoria made bread again today and it was very good. I didn't have much, but enough to say I didn't eat clean.",5,5,1,1,1,,,,,,,,1,6,1,,,,,1,,,330,2,395,1200,1330,5.5,1,5,1,,1,,,,,,,,,,,,,,,,,,,,,,,,,,
2024-03-28,5,"Slept comfortably but woke up to pee around 330, struggled to get back to sleep. Very tired in the morning. Back is feeling pretty good now. Fasting for more blood work this morning. Got the cabinet doors on the cabinets but since the doors don't open all the way, the drawers won't slide out. Frustrating, but fixable. Later. Victoria went into a fit b/c of everything going on this weekend and the house is a mess, but apologized later. I kept Sammy up later to help w/ the cabinets, he put on a backwards hat and it was pretty funny.",4,3,1,1,1,1,,,,,,,,6,1,,,,,1,1,,270,23,530,1260,1340,4,1,5,1,,1,,,,,,,,,,,,,,,,,,,,,,,,,,
2024-03-29,5,Slept well just not enough. Need to go to bed earlier. Got some work done then took off early in the afternoon to help set up for the weekend.,6,4,1,1,1,1,,,,,,,,6,1,,,,,1,1,,270,15,400,930,1380,4,1,5,1,,1,,,,,,,,,,,,,,,,,,,,,,,,,,
2024-03-30,6,"Not great sleep, developed something in the back of my throat, I think it's allergy related. Got up and started prepping for the day. Had a lot of people over before the easter egg hunt, not too bad. Then I spent the rest of the day cooking and prepping for Greester. I was really tired by the end of the day.",5,5,1,1,1,,,,,,,1,,6,1,,1,,,1,,,330,,420,1020,1305,4.5,1,5,1,,1,,,,,,,,,,,,,,,,,1,,,,1,,,,,
2024-03-31,6,"Poor sleep again. I stayed asleep for the most part, just felt very light. The thing in the back of my throat is bothering me and probably causing me to snore. Very tired all day and throat was sore, I think it's from allergies. Went to church in the morning then finished cooking for Greester. Everything turned out pretty much the way it was supposed to and everyone said it was great, but I wasn't super impressed. It was fun though. Didn't go HAM on eating either.",4,4,1,1,1,,,,,,,,,6,1,,1,,,1,,,330,0,465,1080,1290,4.5,1,5,1,,1,,,,,,,,,,,,,,,,,,,,,,,,,,
2024-04-01,6,"Poor sleep. Went to bed around 930 then woke up at 10 w/ a cough and had to pee. That's happened a couple of times recently. Very tired in the morning again. Regular day. Took Ringo to the vet, the doc was upset w/ us b/c she thinks we're starving her. Got some tests done, we'll see what the results are. Tennis in the evening.",4,3,1,1,1,1,1,,,,,,1,5,1,,1,,,2,1,,270,23,405,1245,1320,5,1,5,1,,1,,,,,,,,,,,,,,,,,1,,,,,,,,,
2024-04-02,4,"Slept OK, just not enough. I really should have slept in this morning, super exhausted. Could be allergies though. In a pretty bad mood all day, exhausted and frustrated. In the evening, we spent > an hour looking for flights for seattle, ended up paying another $2700 for this god damn vacation. Didn't eat nearly enough today.",5,2,1,1,1,1,,,,,,,,4,1,,1,,,1,1,,270,15,390,1140,1320,4,1,5,1,,1,,,,,,,,,,,,,,,,,,,,,,,,,,
2024-04-03,4,"Horrible sleep, probably b/c of allergies. The flap in the back of my throat is inflamed or something and every time I'd doze off, it would clog up my airway and I'd start to snore. I'm exhausted. Went downstairs to sleep around 4, tried to go back to sleep after alarm but it didn't happen. Very tired all day and I'm pretty sure I have some kind of cold/virus, not just allergies. Victoria's feeling the same way.",1,2,1,1,1,,,,,,,,,5,1,,1,,,2,1,,330,,390,1230,1290,2.5,1,5,1,,1,,,,,,,,,,,,,,,,,,,,,,,,,,
2024-04-04,5,"Bad sleep but better than the night before. Still tired in the morning. Still sick but getting better. Victoria's feeling worse and went to the doctor, she has strep, so I probably do too. I probably won't go to the doctor since it feels like it's on its way out, but I also don't want to get everyone at Barrington sick next week. Pretty active day w/ work and barrington. Still extremely frustrated w/ my lack of contracts. Ringo's been horrible recently. Escaping out of the back yard, peeing inside multiple times/day, it's getting ridiculous.",3,4,1,1,1,1,,,,,,,,6,1,,1,,,1,1,,270,0,395,1080,1305,4,1,5,1,,1,,,,,,,,,,,,,,1,,,,,,,,,,,,
2024-04-05,5,"Better sleep but still not good. Throat is feeling better. Wasted too much time in the morning. OK day, not much to report. Victoria's still pretty sick.",4,4,1,1,1,1,,1,,,,,1,6,1,,1,,,1,1,,270,18,390,1080,1305,4,1,5,1,,1,,,,,,,,,,,,,,,,,,,,,,,,,,
2024-04-06,6,"Slept better, still woke up snoring a lot. Fell back asleep for 40 minutes after my alarm went off. Feeling much less sick today but allergies kicked in. Chris came to the soccer games in the morning then hung out all day, that was fun. Very tired in the evening and allergies kicked in early afternoon.",5,5,1,,1,,,,,192.6,14.9,,,6,,,1,,,2,,,360,,485,1245,1345,3.5,1,5,1,,1,,,,,,,,,,,,,,,,,1,,,,,,,,,
2024-04-07,6,"Poor sleep, kept waking up b/c of snorting/snoring. Eventually moved down to the couch, didn't help a whole lot. Pretty decent day. Skipped church, then I got some work done for F4. Did some organization in the office, then grilling and cooking after the kids went to bed. Ringo is really pissing me off. Ate some left over stir fry today, otherwise I ate clean.",3,5,1,1,1,,,,,,,1,,6,,,1,,,1,,,360,3,585,1245,1290,4,1,5,1,,1,,,,,,,,,,,,,,,,,,,,,,,,,,
2024-04-08,5,"Best sleep I've had in a while. Still had some phlegm issues when I got up to pee but other than that I slept well. Successful birthday squats too. Felt weird all day today, like I was anxious about something. Not sure what. I said a couple of things that made victoria mad at me, but I think she just doesn't like being challenged or being told no when she tells someone to do something.",6,6,1,1,1,1,,,,,,,,4,,,1,,,2,1,,270,0,410,1245,1275,4,1,5,1,,1,,,,,,,,,,,,,,,,,,,,,,,,,,
2024-04-09,5,"Slept well until I got up to pee, then light sleep after that. OK day, very busy. Spent a couple of hours in work meetings for requirements again. Very frustrating. Busy w/ Barrington but still no contracts, it's been about 2 months. Went to bed late, had to spend more time on F4 work stuff.",5,5,1,1,1,1,,,,,,,,5,,,,,,2,1,,270,0,400,1140,1350,4,1,5,1,,1,,,,,,,,,,,,,,,,,,,,,,,,,,
2024-04-10,6,"Slept well, just not enough. More tired in the morning w/ less sleep. OK day. Got Ringo set up w/ her outside tether, that helped a lot. I hung out w/ Sammy in the afternoon, had fun making a couple of things.",6,5,1,1,1,1,,,,,,,,5,,,,,,1,1,,270,9,395,1245,1305,4,1,5,1,,1,,,,,,,,,,,,,,,,,1,,,,,,,,,
2024-04-11,6,"Very comfortable sleep but Lena woke up in the middle of the night throwing up. Victoria handled most of it. I got back to sleep but very tired in the morning. Had a good time at Barrington day. Was nice to hang out. However, Ringo's vet called me and we discussed euthanizing her. I think that's the right move, but it's difficult now that it's real. Victoria also texted about Sammy having lice, Lena throwing up more, and Ringo getting out again. Then she called. This isn't the first time she called while I'm out w/ friends (something I don't do often at all) and wanted me to listen to her complain.",5,3,1,1,1,1,,,,,,,,3,,,,,,1,,3,270,26,405,1220,1350,5,1,5,1,,1,,,,,,,,,,,,,,,,,,,,,,,,,,
2024-04-12,4,"Slept OK, not great. Victoria and I were still annoyed w/ each other today. I spent most of the day doing F4 work, only a little Barrington. Scheduled Ringo's euthanasia for tomorrow, very sad. We told the kids that we're going to put her down. Sammy was upset, Nico didn't seem to care too much. Both boys started throwing up shortly after we put them to bed. Stayed up w/ them pretty late.",5,5,1,1,1,,,,,,,,1,4,,,,1,1,1,1,,330,3,435,1275,1395,4.5,1,5,1,,1,,,,,,,,,,,,,,,,,,,,,,,,,,
2024-04-13,3,"OK sleep but felt pretty light. Very tired in the morning. We put Ringo down this afternoon around 1:15 or so. I got up early to take her for one last walk around the neighborhood. She did well, didn't struggle. Didn't do much before her appointment. The boys were sick so we mostly just watched tv. I let Ringo out a few more times. I fed her a lot of treats and her last meal was some ham and chicken. She was curled up on the beanbag and I tried to cuddle with her for a bit before we had to leave. She let me for a while then got up. Victoria stayed home w/ the kids while they napped so it was just me w/ Ringo, probably better that way. I caught myself driving normally, trying to get to the destination as soon as possible, and then turned that off - the longer it takes, the longer she gets to live. When we got to the vet, I let her walk around outside and pee one more tiime. We checked in and went in to the room, they had a nice little setup in there w/ a little bed and some treats. I couldn't really keep it together. She greedily ate the treats though, which helped me at least b/c she didn't seem scared. The vets came in and were very nice. They injected her w/ a muscle relaxer first and that took a few minutes to kick in. Her back legs got tired first then she just laid down and we positioned her on her pad. They gave me some time w/ her until it fully kicked in. I told her I'm sorry for not taking her on more walks and getting so mad when she made messes and that I loved her. They came back in and gave her two more injections. We waited until she stopped breathing and her heart stopped. I stayed in there for a few more minutes with her, said goodbye, and took her collar off. Driving home, I actually started to feel back to normal - focused on traffic, looking around, etc. Not 100% back, but faster than I expected. I didn't put my earbuds in on the way to or from the vet, let myself think and feel instead of distract myself.
 Did we give up to early on her? Should we have tried different foods? Did we give her enough attention? These are the thoughts that make me sad. Logically, I think we made the right decision - she's growing increasingly incontinent, we can't keep her in the yard, she's lost a lot of weight, and she's struggling to breathe. She's likely uncomfortable, but she still has decent energy, likes walks, can jump a fence, and eats other foods eagerly. I hate to think that we got rid of her b/c she's an inconvenience. But she's 12 and we couldn't spend lots of money on tests and medicine just to prolong her life by a few months or a year. I tried thinking about my emotions while I was having them, identifying where they're coming from, where I feel them, etc, and then just let myself feel them w/o trying to analyze. I don't get emotional like this very often.
 When I got home, we just did some house work, mainly in Nico's room. We got rid of a bunch of clothes that are too small and I put together his bigger bed. Nico was feeling back to normal by the end of the day, Sammy was still sick. I didn't do my cheat day today, wasn't in the mood to cook anything creative and didn't want to stress eat. I didn't eat enough as it is.",4,4,1,1,1,,,,,198.6,16.7,,,4,,,,1,1,3,1,,300,29,510,1260,1305,4.5,1,5,1,,1,,,,,,,,,,,,,,,,,,,,,1,,,,,
2024-04-14,5,"Slept well enough, still tired in the morning. Still pretty sad about Ringo. It's like I'm forcing myself to think about her. If someone else told me this, I'd say to them that it's not helping anybody, especially her, that you're doing this. I understand that and it's helping me to stop those thought patterns, but for some reason I feel like I owe it to her to keep thinking about her. I don't want her memory to die and part of me enjoys remembering her. The rest of the day was just kind of meh. More house work, cooking, etc. I ate clean again today except I had some rice w/ dinner.",5,4,1,1,1,1,,,,,,,,6,,,,1,1,1,1,,360,18,540,1220,1305,4,1,5,1,,1,,,,,,,,,,,,,,,,,,,,,,,,,,
2024-04-15,5,Slept well just not enough. Very busy day. Lots going on w/ F4 and trying to keep up w/ Barrington. Good tennis match in the evening but I lost.,6,4,1,1,1,1,1,,,,,,,6,,,,1,1,1,1,,270,9,395,1335,1415,6,1,5,1,,1,,,,,,,,,,,,,,,,,1,,,,,,,,,
2024-04-16,3,"Slept well when I slept, but rough night. Nico got up around midnight and had a diarrhea accident in the bathroom. Then I woke up around 5 (was going to sleep in until 530). Very tired in the morning. As the day went on, I started to feel nauseous - maybe a light fever, fatigue, and nausea when standing or sitting up. Felt like I could throw up or diarrhea at any point. I was hungry but really didn't have an appetite. When I tried to eat, my mouth sores were very painful. Did a lot of F4 work today, very tedious and frustrating. Forced myself to eat some fruit in the evening, couldn't get anything heavy down.",4,3,1,,1,,,,,,,,1,6,,,1,1,1,1,1,,300,,400,1245,1295,4,1,5,1,,1,,,,,,,,,,,,,,,,,,,,,,,,,,
2024-04-17,6,"Slept OK, got up to pee around 1:20 and took a while to get back to sleep. Alarm was set for 5:30 to try to get some more rest. Woke up on my own at 5:15. Took my mouthguard out in the middle of the night b/c it was irritating my mouth sores. Pretty nauseous again in the morning, struggled to stay vertical. However, felt a lot better after being outside (cool air) and talking w/ Ben. Opened the windows to my office and feeling better. I'm wondering if the nausea is from some kind of virus (the kids had the flu over the weekend) or b/c of my kidneys (bloodwork shows kidney function is poor). Starving again, but not much of an appetite. OK day, had a lot more F4 stuff to do and didn't get much barrington done. Finally got a contract, but it's a shitty mobile home that I'm not excited about. Nausea stayed away, which is awesome. I was able to play my tennis match tonight and won.",5,3,1,1,1,,1,,,,,,,6,,,1,1,1,1,1,,315,,385,1305,1415,6,1,5,1,,,,,,,,,,,,,,,,,,,1,,,,,,,,,
2024-04-18,6,"Slept great, and despite not sleeping much, I felt good in the morning. Decent day, good activity w/ Barrington. Lena was sent home shortly after we dropped her off w/ ""pink eye"", which it clearly wasn't. I had to watch her while victoria got some stuff done, it was all I could do to not say that this is why I don't want another kid. Stayed up really late doing F4 work, hopefully that's almost done.",8,8,1,1,1,,,,,,,,,4,,,,1,1,1,1,,330,4,400,1320,1410,5,1,5,1,,,,,,,,,,,,,,,,,,,,,,,,,,,,
2024-04-19,4,"Slept well but more tired this morning. Frustrating day. F4 work in the morning then I got some Barrington stuff done, then had to go get Sammy at 2 while victoria got a haircut. I was expecting to be able to get back to work after that, but her appointment last for 2 and a half hours. I had to get the other kids, then we went over to her parents' for the evening. If I had known I was going to have to stop working at 2 that would have been one thing, but I felt misled. I did have fun playing hockey w/ sammy in the sunroom for a bit though.",6,5,1,1,1,,,,,,,,,4,,,,1,1,1,1,,330,6,405,1230,1320,5,1,5,1,,,,,,,,,,,,,,,,,,,,,,,,,,,,
2024-04-20,6,"Slept most of the night but it felt light and frustrating. Sammy was up early (630) so he came out to the garage while I worked out. Me and Lena in the morning, went grocery shopping then hung out before nap. Decent day today. I made an African curry dish for lunch that turned out great. Then we went over to victoria's parents' to hang out. Played pickleball for a while, sammy's gotten better. Came home, victoria went out w/ molly, and I just did stuff on the computer. I also made a mushroom salmon pasta that turned out great as well, just winged the recipe.",5,5,1,,1,1,,,,195.2,15.6,,,6,,,,1,,2,,,360,10,480,1290,1350,5.5,1,5,1,,,,,,,,,,,,,,,,,,,1,,,,,,,,,
2024-04-21,6,"OK sleep, similar to last night. Alarm went off at 530 (forgot to turn it off), slept in until next alarm at 6, and that was the best sleep I got all night. Tennis in the morning, another long match. The weather was beautiful today and I was pleasantly exhausted from tennis. Did a lot of house and cooking stuff today, not much else.",5,5,1,1,1,,1,,,,,1,,6,,,,1,,1,1,,360,10,495,1095,1305,6,1,5,1,,,,,,,,,,,,,,,,,,,1,,,,,,,,,
2024-04-22,5,"Poor sleep, felt very light. Sadie's been sleeping w/ us and it feels like I'm tracking her location all night - she likes to sleep around my legs. Pretty tired in the morning. Mostly unremarkable day. The boys have been getting on each other really badly, mostly b/c of sammy. It's been very frustrating.",4,3,1,1,1,1,,,,,,,,6,,,,1,,1,1,,270,3,395,1170,1325,4,1,5,1,,,,,,,,,,,,,,,,,,,,,,,,,,,,
2024-04-23,5,"Poor sleep again, not sure what's going on. I'm sure part of it is Sadie but I'm also not getting super comfortable. Wasted a lot of time in the morning. OK day, very close on several contracts but I have a lot of hesitation about getting them across the finish line. Very frustrating. Took off a little early to go play tennis w/ sammy. He's doing better but he seemed bored and not too into it.",4,3,1,1,1,1,,,,,,,,6,,,,,,1,1,,270,20,395,1170,1305,4.5,1,5,1,,,,,,,,,,,,,,,,,,,,,,,,,,,,
2024-04-24,5,"Better sleep but I was still exhausted. Tried to go back to sleep but it didn't take. Pretty slow day today but I got good news that the last property I gut UC will have a $30k assignment fee, pretty pumped about that.",5,2,1,1,1,1,,,,,,,1,6,,,,,1,1,1,,270,23,380,1260,1290,4,1,5,1,,1,,,,,,,,,,,,,,,,,,,,,,,,,,
2024-04-25,5,"Ok sleep, felt like I barely got back to sleep after getting up to pee around 230 but my watch says I did. Lower back is back to hurting a little after squats this morning, need to get that fixed. Another pretty bland day. I've been undisciplined in my eating the past two days. Yesterday, I had some dried fruit w/ nuts and a few pretzels, today I had more dried fruit and some of the pasta I made for the kids. Need to tighten up. I think my lack of sleep is correlating to my lack in discipline. Lots of poops too, likely from the green curry I made yesterday.",4,4,1,1,1,1,,,,,,,,6,1,,,,1,4,,,270,0,395,1260,1320,5,1,5,1,,1,,,,,,,,,,,,,,,,,1,,,,,,,,,
2024-04-26,5,Slept decently but still exhausted when I got up. Struggling to get up right away. Slow day but I'm really close on one contract. Cut out early to go to the beach w/ the kids. That was just OK. Super windy.,5,2,1,1,1,1,,,,,,,,6,1,,,,,3,1,,270,23,390,1250,1320,3.5,1,5,1,,1,,,,,,,,,,,,,,,,,,,,,1,1,,,,
2024-04-27,9,"Slept well enough, not super comfortable. Good day today. Went to the park circle park w/ the kids and grahamily in the morning. It was a lot of fun and there was a lot to do. Got lunch at a brewery (subpar), then Victoria and the kids went to her parents and I came home to cook. I made falafel and bread pudding, two international dishes for my barrington commitment. Both turned out great. I took them over to the grahams. The bread pudding got finished and most of the falafel did too. We brought the kids back home, put them to bed, and I made general tsos chicken, which was also good.",5,4,1,,1,1,,,,195.2,15.4,,,8,1,,,,,1,,1,360,13,470,1295,1355,5,1,5,1,,1,,,,,,,,,,,,,,,,,,,,,,,,,,
2024-04-28,5,"Uncomfortable sleep again and I woke up a good bit before my alarm. Pretty dull day, felt like lots of waiting around. I went outside and kicked the soccer ball w/ sammy for a bit then we came in and played board games. Swim team pool party in the evening. I tried to freeball a recipe for victoria in the evening but she didn't like it. It didn't turn out the way I wanted it to but I still thought it was good enough. I had some of the beefy pasta w/ the kids at dinner, couldn't resist.",4,4,1,1,1,,,,,,,,,6,1,,,,,1,,,320,0,465,1275,1305,4.5,1,5,1,,1,,,,,,,,,,,,,,,,,1,,,,,,,,,
2024-04-29,6,"OK sleep, not super satisfying. Woke up around 4 to pee for the second time but just waited it out. OK day. Busy w/ barrington. Summer league swim started today so I'm on kid duty from about 330 on. Had fun playing w/ lena and dinner w/ the boys. Ate Lena's pb and j sandwich after school and more beefy pasta. 3 non-clean eating days in a row.",5,6,1,1,1,1,,,,,,,,5,1,,,,,2,,,240,0,385,1110,1305,4.5,1,5,1,,1,,,,,,,,,,,,,,,,,,,,,,,,,,
2024-04-30,5,"Slept well and very comfortably, but struggled to get out of bed again. Very frustrating. Low back felt great this morning. Was pretty pumped most of the day b/c I was supposed to get a contract but he backed out at the last minute. Very disappointing. Took sammy to play some pickleball, he's very difficult to get motivated. Ate some more dried fruit today and the kids pb&j that they didn't eat at school. Not sure what's going on w/ my discipline. 4 days in a row now.",8,3,1,1,1,1,,,,,,,,6,,,,,,1,,,270,25,390,1260,1305,5.5,1,5,1,,1,,,,,,,,,,,,,,,,,1,,,,,,,,,
2024-05-01,5,"Comfortable sleep but I struggled getting back to sleep after getting up to pee, thinking about the missed contract from yesterday. Feeling pretty beat up about Barrington stuff, really struggling w/ confidence. Need to just keep my head down and keep going. Played out side w/ Nico and Lena in the evening, that was pretty fun.",5,5,1,1,1,1,,,,,,,1,6,,,,,,1,1,,270,2,390,1200,1290,5,1,5,1,1,1,,,,,,,,,,,,,,,,,,,,,,,,,,
2024-05-02,4,"Comfortable sleep again, still woke up tired. Another backstabbing w/ a barrington seller today. This one didn't hurt as bad but probably still numb from Tuesday. Wasted some time in the afternoon, veronica took the kids over. Played w/ everyone for about an hour then bedtime.",8,5,1,1,1,1,,,,,,,,6,,,,1,,2,1,,270,4,385,1005,1310,4.5,1,5,1,,1,,,,,,,,,,,,,,,,,,,,,,,,,,
2024-05-03,6,"Slept well again but still tired in the morning. Dull day work wise. Victoria took her car in for service today, was supposed to be half an hour, but there was a recall and the work was going to tak 5 hours. This messed a lot of things up schedule-wise and Victoria didn't handle the stress well. She also didn't like being in my car or my driving. She took a CBD gummy to take the edge off. I don't really like it when she does that, she's a lot slower and less sharp. We went to pickleball w/ friends in the evening, that was a lot of fun. Didn't eat much at all at pickleball but what I did eat wasn't clean.",6,4,1,1,1,1,,,,,,,,4,,,,1,,1,,,270,11,395,1290,1335,5.5,1,5,1,,1,,,,,,,,,,,,,,,,,1,,,,,,,,,
2024-05-04,6,"Slept well. The boys stayed over at veronica's tonight so instead of getting up I just cuddled w/ victoria for a while. Me and Lena until about 130 when victoria got home. We went to the grocery store, library, and played drums. It was pretty fun. When Sammy got home, we made cookie dough, then we all went to Ice House w/ Paya. Came home, put Nico and Lena to bed, then baked the cookies. They turned out well, but I couldn't really tell a big difference from other cookies. Victoria said they were much better. Ate too much in the evening, specifically too many sweets.",8,5,1,1,1,,,,,196.6,16,1,1,6,,,,1,,1,,1,360,,565,1270,1305,3.5,1,5,1,,1,,,,,,,,,,,,,,,,,1,,,,,,,,,
2024-05-05,5,"Slept OK but Sadie woke me up at one point then I woke up on my own around 5, couldn't get back to sleep so I just laid there comfortably. Had to pee but not enough to get up. Me, Nico, and Lena this morning while sammy was at church. We had fun playing, then it got more aggressive when sammy got home, which is really annoying. The boys (mostly sammy) were off the charts all day and very annoying and loud. It culminated after dinner. I had made cheese steaks and victoria's parents came over. We were still at the table and the kids went to play. Sammy brought his hockey stick and a ball out into the living room, I told him twice to take it back to the sunroom, and he turned and lightly hit the ball anyway. I told him to come upstairs w/ me and I hit him hard twice. I felt bad and almost like I lost control, but everything from the rest of the day just built up. I talked to him again in his bed, told him that I knew he was testing me and I hope he learned something. Very frustrating and I'm not sure if I handled it well. I ate clean today except for 3 pieces of provalone, a couple of chips, and a couple of rice noodles.",4,4,1,1,1,,,,,,,1,,6,,,,1,,2,,,300,,505,1140,1305,5,1,5,1,,1,,,,,,,,,,,,,,,,,1,,,,,,,,,
2024-05-06,5,"Poor sleep. Got up once to pee then woke up later to pee again. I assumed my alarm was going to go off, but after laying in bed for about 10 minutes I looked at my watch and it was only 250. Got up to pee, tried to get back to sleep, then went downstairs around 315. I read for a little then was able to get back to sleep. Tried going back to sleep after the alarm but it didn't take. Very frustrating. I had a lot of worries, mostly real estate related, that I couldn't shake. Slow day, getting beat up at barrington. Kind of close on a couple but everybody's struggling right now. The Gibby kids were over after school and that was nuts. I had fun at dinner w/ the kids though and got them to eat their veggies and chicken. Thunder storm after bedtime, both boys are afraid of it. Ate some mac and cheese at dinner w/ the kids. Not sure what's going on w/ my discipline recently.",3,3,1,1,1,1,,,,,,,,6,,,,,,1,,,270,,400,1140,1300,5,1,5,1,,1,,,,,,,,,,,,,,,,,,,,,1,,,,,
2024-05-07,6,"OK sleep but I woke up around 3 again and took a while to get back to sleep. Tired in the morning but got myself up. I've put on some fat around my belly, weigh belt was tougher to get on the same holes this morning. Really busy barrington day, had some good conversations and close on a couple, but still in a dry spell. Frustrated b/c the Gibby kids were over and Holden has MRSA, had to disinfect the whole sunroom. Stayed up late to finish up some F4 work.",4,4,1,1,1,1,,,,,,,,6,,,,,,1,1,,270,2,395,1140,1340,5,1,5,1,,1,,,,,,,,,,,,,,,,,1,,,,,,,,,
2024-05-08,6,"OK sleep but I woke up around 4. Stayed in bed until my alarm. Another busy day w/ Barrington, something is going to come down soon. When we went upstairs for the night, we got Lena up to play for a little bit. That was fun.",5,4,1,1,1,1,,,,,,,,6,,,,,,1,1,,240,2,395,1170,1335,6,1,5,1,,1,,,,,,,,,,,,,,,,,,,,,,,,,,
2024-05-09,6,"Slept better but very tired in the morning, kind of went back to sleep. I wonder if I slept better b/c I ate something more substantial later than the past couple of days. Victoria got frustrated w/ me this morning, she was trying to 'help' herself but I interrupted. She's frustrated b/c I've been 'ignoring' her. Busy day, probably didn't eat enough. Got another contract, we'll see how that goes. Went to bed way too late again.",6,3,1,1,1,1,,,,,,,,4,,,,,,1,1,,270,31,395,1050,1360,6,1,5,1,,1,,,,,,,,,,,,,,,,,,,,,,,,,,
2024-05-10,6,"Slept well just not enough. Pretty tired in the morning, could have fallen back asleep. Decent day. I've been struggling to get stuff done before the 1010 huddle in the mornings, wasting more time than I'd like. Had some good calls today though and got a contract for the third day in a row. I didn't get dinner ready in time for victoria though and I felt bad, then she had some whiskey and munchies, which is just sad.",6,4,1,1,1,1,,,,,,,1,5,,,,,,1,1,,270,11,390,1240,1340,5.5,1,5,1,,1,,,,,,,,,,,,,,,,,1,,,,,,,,,
2024-05-11,6,"Frustrating sleep. Woke up at 4 and had a hard time getting back to sleep. Finally got back to sleep, then Nico came in before my alarm at 6. Tried to go back to sleep after that but it didn't take. Made some decent pasta in the morning. Victoria went out w/ her mom and sister in the morning so it was me and the kids for a while. Nico and Sammy were getting on each other a lot so I sent them outside a couple of times. While everyone napped, I got to relax, make some curry, read, and nap a little. In the evening, one of the cul de sac neighbors invited us over for grilling and an outdoor movie. I actually had a good time talking w/ a couple of people. Didn't eat though unfortunately, which is pretty frustrating. I wanted to, just didn't get myself to go get the food. There were people in the sunroom I didn't really want to interract with, so my social anxiety kicked in again. Feels pretty stupid.",4,4,1,1,1,,,,,195.4,16,,,6,,,,,,1,,,360,,480,1290,1380,4,1,5,1,,1,,,,,,,,,,,,,,,,,,,,,,,,,,
2024-05-12,5,"Slept well but not enough. Pretty meh day. Sammy's first communion was today and that took forever. I was outside w/ Lena most of the time and the only reason we had to stay was for a god damn picture afterwords. Then everyone came over for lunch. That was fine, but they stayed too long and marisa is exhausting. After that, I spent about 5 straight hours cooking - chicken, meatballs, curry, eggroll in a bowl - so victoria will have dinners after swim practice. I enjoyed it though, just listened to podcasts and cooked away. Nice way to destress after a long day.",5,5,1,1,1,,,,,,,,,6,,,,,,1,1,,360,0,480,1260,1320,4,1,5,1,,1,,,,,,,,,,,,,,,,,,,,,,,,,,
2024-05-13,5,Slept OK but sadie woke me up several times again. Pretty lax work day. Nico started swim practice today so I need to be there. Enjoyed talking w/ a couple of the dads though.,5,6,1,1,1,1,,,,,,,1,5,,,,,,2,1,,270,0,395,1260,1300,5,1,5,1,,1,,,,,,,,,,,,,,,,,,,,,,,,,,
2024-05-14,5,"Decent sleep but felt very light after getting up to pee around 3. Pretty bland day again. Not really enjoying the rushing around in the afternoon w/ swim practice, dinner, then going back to get sammy. Stayed up late to get some F4 work done.",5,6,1,1,1,1,,,,,,,1,5,,,,,,1,1,,255,0,395,1290,1370,4,1,5,1,,1,,,,,,,,,,,,,,,,,,,,,,,,,,
2024-05-15,5,"Slept well just not enough. Very tired in the morning. Nothing special work-wise today. I'm kind of enjoying picking kids out of the pool at practice. Got to hang out w/ Nico 1 on 1 after his practice, that was nice. Got upstairs on time, but Lena started crying again so victoria brought her in with us. Went to sleep too late around 1030.",5,2,1,1,1,1,,,,,,,,5,,,,,,1,1,,270,30,400,1245,1350,5,1,5,1,,1,,,,,,,,,,,,,,,,,,,,,,,,,,
2024-05-16,5,"Poor sleep. Slept well until I got up to pee at 3, then couldn't get back to sleep. Came downstairs around 340, read for a little, turned my 430 alarm off, and got back to sleep. Still very tired in the morning. OK day, stopped a little early b/c not a whole lot was going on. Enjoying pulling kids out, hanging out w/ the other parents pulling kids out. Made more curry tonight, turned out great. Lost discipline w/ eating again, had some of the kids food, a couple of sun chips, and rice w/ curry tonight. The rice was good.",3,2,,,1,,,,,,,1,,6,,,,,,1,,,360,5,420,1245,1350,5,1,5,1,,1,,,,,,,,,,,,,,,,,1,,,,,,,,,
2024-05-17,6,"OK sleep until I got up to pee. I wasn't quite as specifically anxious, but more generally anxious about not getting back to sleep. I slept, but it felt light. Got some work done in the morning then packed and went to charleston for the weekend. Not super pumped about spending so much for a weekend in a town we go to often, but I tried to keep an open mind. Walked around for a while, got a late lunch at Pink Bellys, came home to rest a little, then went to the party. Drinks were bad and not much food.",5,5,1,1,1,1,,,,,,1,,8,,,,,,2,,1,270,3,390,1350,1425,3,1,5,1,,1,,,,,,,,,,,,,,,,,,,,,1,,,,,
2024-05-18,8,Slept well but went to bed too late. Had fun just hanging out again and walking around today. Wedding was just OK. Food was decent but nothing great. Very uncomfortable w/ the dancing.,5,5,,,1,,,,,,,1,,8,,,,,,2,,2,390,,540,1245,1350,3,1,,0,,1,,,,,,,,,,,,,,,,,,,,,,,,,,
2024-05-19,6,"Slept much better and felt pretty well rested. Got up and met the kids and victoria's parents for brunch, then we met my dad and Deb for a knife-making thing, then got lunch w/ them. Nico and Lena didn't behave too well. Exhausted when we got home. Played a board game w/ the boys before bed.",8,6,,,1,,,,,,,2,,8,,,,,,1,,,450,,645,900,1340,3,1,,1,,1,,,,,,,,,,,,,,,,,,,,,,,,,,
2024-05-20,5,"Decent sleep, woke up around 4 to pee so I just stayed in bed. Pretty bland day, not much to report. Didn't poop despite everything I ate over the weekend. Struggling going to bed on time and w/ eating discipline. I ate clean today but I'm tempted by the dumbest stuff, like left over pb sandwiches.",6,6,1,1,1,1,,,,,,,,6,,,,,,0,1,,240,0,400,1155,1350,5,1,5,1,,1,,,,,,,,,,,,,,,,,1,,1,,,,,,,
2024-05-21,6,"Slept well and I was comfortable, just went to bed too late. OK day today but nothing special. Made curry tonight, found out that it takes me a little under an hour and a half to make and is about 3600 calories total. I picked Sammy up from school and he's tough to have a conversation with. I asked him about his day and he refused to answer, so I got upset. He said he doesn't like to tell me b/c I interrupt and yell-talk. Those are fair criticisms, but I explained that I yell-talk when he doesn't comply. I also told him to remind me when I interrupt, I shouldn't do that.",8,6,1,1,1,1,,,,,,,,6,,,,,,1,1,,270,7,390,1230,1335,6,1,5,1,,1,,,,,,,,,,,,,,,,,,,,,,,,,,
2024-05-22,6,"Good sleep just not enough. Cardio and sprints this morning, feeling too chubby. I think I'm eating too much too late. Feeling a little overwhelmed w/ Barrington and F4 work. Staying up too late to do F4 after putting the kids to bed.",8,6,1,1,1,1,,,,,,,,6,,,,,,2,1,,270,7,395,1150,1365,7.5,1,5,1,,1,,,,,,,,,,,,,,,,,,,,,,,,,,
2024-05-23,5,"Slept well just not enough. Tried to go back to sleep but it didn't take. Feeling more overwhelmed, too much stuff to do. Also going to bed too late and not enough sleep.",6,3,1,1,1,,,,,,,,,5,,,,,,1,1,,270,,415,1070,1365,6,1,5,1,,1,,,,,,,,,,,,,,,,,1,,,,,,,,,
2024-05-24,4,"Trouble getting back to sleep after getting up to pee. Very tired again, hoped I'd fall back asleep but I didn't. Tired all day and very busy, didn't eat enough. Tried to push through and do more work in the evening but I was burnt out. Prepped for cooking tomorrow though. Victoria went out to a bar w/ a couple of her coaches in the evening. It feels like we're off again.",4,2,1,1,1,1,,,,,,,,4,,,,,,1,1,,270,19,385,1110,1350,5.5,1,5,1,1,1,,,,,,,,,,,,,,,,,,,,,,,,,,
2024-05-25,9,"Slept well and actually slept past my alarm. Tennis in the morning, I was very rusty and out of shape. Good day today. Everyone else went to the farmer's market while I was at tennis. I made crepes while they were gone, then we all went to the pool. When we got back, the kdis rested and I made cookies and Victoria made another dessert for a party w/ some neighborhood friends. When we got back from that, the kids went to bed and I made curry again, this time w/o the butter and cream. I was worried that we had ruined curry by counting the calories, but this might have been my best batch yet.",8,8,,,1,,1,,,,,,,8,,,,,,2,,,400,0,410,1305,1365,6,1,5,1,,1,,,,,,,,,,,,,,,,,1,,,,,,,,,
2024-05-26,8,"Slept well, cuddled after the alarm went off. Church, then came home and got to cooking for the grahams. Made ribs, smash burgers, and onion rings. Everything turned out well. Played a lot of pickleball.",8,8,1,,1,,,,,,,,,6,,,,,,1,,,360,,455,945,1320,6,1,5,1,,1,,,,,,,,,,,,,,,,,1,,,,,,,,,
2024-05-27,4,"Slept OK, tired in the morning though. Not the best day. Victoria and her family decided yesterday that we're all going to a country concert, I told her today that I really really don't want to go and it turned into a thing. Just another family event that I'm not going to be a part of. I guess the god damn alaska cruise doesn't count. I was hard on Sammy again today, but he's been doing some dumb stuff and lying, it's very frustrating. At the same time, I feel bad b/c I'm always yelling at him.",6,5,1,,1,,,,,,,,1,4,,,,,,1,1,,345,,510,1165,1300,5,1,5,1,,1,,,,,,,,,,,,,,,,,,,,,,,,,,
2024-05-28,5,"OK sleep, felt decent in the morning. Left hip/back very tight today. OK day, still feel weird w/ victoria though. Seems like it's mainly on my side, she's still more or less chipper, but it's hard to tell b/c it's the first swim meet today. Got a contract today which is nice. Nico did well at the swim meet, swam for a long time w/o holding onto the wall.",6,8,1,1,1,1,,,,,,,,4,1,,,,,2,1,,270,0,400,990,1310,7,1,5,1,,1,,,,,,,,,,,,,,,,,1,,,,1,,,,,
2024-05-29,5,"OK sleep, was up for a bit when victoria came in around midnight. OK day, nothing special. Lena came home sick. Victoria's feeling very burnt out but she won't give up the swim team.",6,6,1,1,1,1,,,,,,,,4,,,,,,1,1,,270,10,395,1160,1320,7,1,5,1,,1,,,,,,,,,,,,,,,,,,,,,,,,,,
2024-05-30,6,"OK sleep but tossed and turned. Busy day, didn't do too much work, getting ready for the colorado trip. Hung out w/ Lena in the afternoon, that was exhausting.",5,6,1,1,1,1,,,,,,,,5,,,,,,1,1,,270,4,390,1185,1325,6,1,5,1,,1,,,,,,,,,,,,,,,,,1,,,,,1,,,,
2024-05-31,8,"Slept well but got up at 2 for the flight. Played a little tennis w/ ben, got lunch, then picked up casey. Hung out for a while then went to play some pickup volleyball, which was a lot of fun. Great seeing everyone again.",6,5,1,1,1,,,,,198.6,16.9,,,,,,,,,1,,,120,0,,,,,1,5,1,,1,,,,,,,,,,,,,,,,,1,,,,,,,,,
2024-06-01,8,"Poor sleep on an air mattress. Big hike today in rocky mountain national park. I did not do well. It was a tough hike, but nothing I shouldn't have been able to handle. I got very tired very quickly. I'm sure part of it was elevation, part of it was poor sleep the past couple of days, part of it was my boots (heavy and I couldn't really flex my calf), and part was what would turn out to be some kind of cold. I really struggled. Lungs struggled but legs struggled more. I had to take many breaks. I cramped up really badly at the top too, both of my inner thighs. Fortunately, someone had an electrolyte drink up there. I drank almost all of it and eventually the cramps subsided. Going down was a lot easier. We wended up doing about 10 miles. Would have done 3-4 more but I couldn't handle it. I felt bad about that. On the way back, my left ear was clogged. I thought it just didn't depressurize, but it turns out I have a cold. For dinner, we went to a vegan place and I got some kind of fake steak. I very strongly resembled a sponge.",2,4,1,,1,1,,,,,,,,,,,1,,,,,,,,,,,,1,5,1,,,,,,,,,,,,,,,,,,,1,,,,,,,,,
2024-06-02,8,"Poor sleep again. Moved out to the couch and slept better. Smaller hike today but it was more vertical. I wore my tennis shoes this time and I think that helped. Didn't really need any large breaks. For dinner, we walked into town and several houses had mini-golf courses in their yard. That was pretty fun. Ben was planning another 10 mile hike for tomorrow. Initially I said I was fine w/ it but after talking w/ Casey, both of us were very hesitant. I told ben my knees were not going to be able to handle another hike so we cancelled. I felt bad about it but I think it was the right decision. Casey was struggling too and worried about his knees.",3,3,1,,1,1,,,,,,,1,,,,1,,,,,1,,,,,,,1,5,1,,,,,,,,,,,,,,,,,,,1,,,,,,,,,
2024-06-03,8,Slept on the couch all night and it was better. Played some board games then frolf in the afternoon. I made curry for dinner. It turned out OK but they had me put in a bunch of veggies so I had to dilute it a good bit. Not as good as it should have been.,3,3,1,,1,,,,,,,,,,,,1,,,,,,,,,,,,1,5,,,,,,,,,,,,,,,,,,,,,,,,,,,,,
2024-06-04,4,"Went to bed around 1145, got up at 130 to get picked up for my flight. Super exhausted. Was able to sleep a little on the bus and planes, but not great sleep. I had a couple of sips of water in the morning, didn't want to pee too much. Didn't eat until I was in my car after landing. It was nice seeing everybody at home, but then there was a swim meet this evening. When I got home, I realized that it wasn't allergies but a cold that I have, and it got much worse when I got home. Very light headed, kind of achey, and very out of it. Got through the swim meet, fed Nico, then went to sleep around 745. Got up later when sammy got home around 10. I hate swim meets.",2,1,1,,1,,,,,,,,,6,,,1,,,1,1,,,,850,1170,1185,3.5,1,,1,,,,,,,,,,,,,,,,,,,1,,,,,,,,,
2024-06-05,5,"Slept well and slept past my alarm. Woke up w/ just enough time to get sammy out the door. Still pretty tired and my cold is still here. Didn't get as much done today as I would have liked. Also wasn't as sharp as I'd like to be, but that will go away. Left ear still clogged all day.",9,5,,,1,,,,,,,1,,6,,,1,,,1,1,,378,0,430,1100,1380,5,1,5,1,,,,,,,,,,,,,,,,,,,1,,,,,,,,,
2024-06-06,6,"Slept well but it took me a long time to fall asleep for some reason. Slept well after that though. I wonder if I'm still adjusting to EST. Sammy's last day of 2nd grade today. Starting to get my cognitive functions back but still not 100%. Got a contract today, but pics from another one turned out poorly. Made sammy go outside and throw a baseball w/ me, he complained the whole time. I need to make a better effort of getting him to do things and learn life skills like throwing and catching, but it's difficult b/c he pushes back so much.",6,5,1,,1,,,,,,,,,6,,,1,,,2,1,,330,16,400,915,1330,5,1,5,1,,1,,,,,,,,,,,,,,,,,,,,,,,,,,
2024-06-07,5,"OK sleep, a little restless. Tough workout in the morning. Pretty dull day w/ work. Had some time to myself in the afternoon but wasted it on youtube. Then we went over to the cul de sac to hang out, that was kind of fun. Still can't hear well out of my left ear.",6,4,1,1,1,1,,,,,,,,5,,,1,,,1,1,,270,0,375,1215,1305,5,1,5,1,,1,,,,,,,,,,,,,,,,,,,1,,,,,,,
2024-06-08,8,"Slept well but Nico was up a couple of times. Took the boys to get haircuts in the morning then grocery shopping. Victoria and I were annoyed w/ each other for various reasons. Did some cooking, then we had our horse party which turned out to be OK. Then went out for drinks w/ the stevens and dans, fun evening.",6,5,1,,1,,,,,194.6,15.9,1,,8,,,1,,,2,,3,360,,730,1200,1380,4,1,5,1,,1,,,,,,,,,,,,,,,,,1,,,1,,,,,,
2024-06-09,5,"Slept OK. Church in the morning w/ an argument afterwords b/c I'm not doing some things correctly. Then we got in another argument b/c I really don't want to go to this country concernt this weekend. Took a 3 hour nap in the afternoon. Had some time to myself, did some cooking and chores.",5,5,1,,1,,,,,,,,,4,,,1,,,2,1,,360,,455,960,1380,4,1,5,1,,1,,,,,,,,,,,,,,,,,,,,,1,,,,,
2024-06-10,6,"Poor sleep. Went to bed too late, but was OK w/ it b/c of the nap. I was asleep when victoria came up, but woke up and had trouble getting back to sleep. I felt like I was awake most of the night, then woke up at 340 to pee and didn't get back to sleep. Not super tired in the morning though. Not much to report for the day. Cold is getting better but still some phlegm in my chest. Huge storm in the evening though. Lots of large hail. Sammy came down b/c he couldn't sleep. Lost power around 8 so we busted out the headlamps and read for a while.",3,6,1,1,1,1,,,,,,,,5,,,1,,,2,,,220,,370,1050,1330,5,1,5,1,,1,,,,,,,,,,,,,,,,,,,,,,,,,,
2024-06-11,4,"Despite no sounds, fan, or AC, slept pretty well. Alarm went off at 430 but we still didn't have power so I slept until 6 (no light in the garage to workout). We didn't get power back until 10am and I was super hungry. Tried to keep it in control w/ the kids but i was very touch and go. Didn't get much work done today - couldn't do anything until about 10 then I was on kid duty from about 245 on. After they went to bed, I wasted way too much time on youtube, then got some F4 work done. Legs got progressively more sore throughout the day and pretty painful by the end of it. Also feel like my cold is getting worse again, felt kind of feverish.",6,6,1,1,1,,,,,,,,1,4,,,1,,,2,1,,360,1,610,1065,1325,6,1,5,1,,1,,,,,,,,,,,,,,,,,1,,,,,,,,,
2024-06-12,4,"Slept pretty well but very tired in the morning and I feel more sick. Felt pretty out of it most of the day. Victoria and I are in a funk - seems like she feels very overwhelmed w/ everything and I'm disconnected, all of her efforts ar going towards swimming. All she does is call people and complain about it and it's exhausting. She took the kids to the pool today and had a meltdown as well b/c of Sammy. He's not very independent but also doesn't talk to us. She said she wants to take him to therapy. She's very high strung and needs to be able to relax. Legs still super sore all day and my throat started hurting a little at one point, I wonder if I have strep somehow.",8,3,1,1,1,1,,,,,,,,3,,,1,,,1,1,,270,30,365,1140,1320,7,1,5,1,,1,,,,,,,,,,,,,,,,,,,,,,,,,,
2024-06-13,3,"Slept well and slept in until 6 to give myslef more time to rest. Still feeling crappy in the morning - legs very sore, phlegm in my chest, feverish, and now some of my joints are achey. Pretty bad mood most of the day and not motivated to do anything. Not enjoying barrington much at all, but I think most of my mood issues are caused by whatever illness I have right now. Swim meet again in the evening.",8,4,,,1,,,,,,,,,3,,,1,,,1,1,,360,3,490,1210,1310,4.5,1,5,1,,1,,,,,,,,,,,,,,,,,1,1,,,,,,,,
2024-06-14,5,"Good sleep and slept in again to get more rest in. Seems like less phlegm, feeling a little better, and legs are less sore. Hopefully this is almost gone. Feeling better today mentally and physically, but not over the cold yet. Still hacking, but less. Legs much less sore but still a little sore. In a better mood as well.",8,5,1,1,1,,,,,,,,,4,,,1,,,1,1,,360,10,480,1200,1295,4,1,5,1,,1,,,,,,,,,,,,,,,,,,,,,,,,,,
2024-06-15,8,"Slept well. Woke up around 530 (didn't check the time) and tried to get back to sleep but didn't. Good morning w/ the kids doing breakfast and laundry. Got a little workout in this morning, feeling better physically. Not as much phlegm but still coughing when I laugh. Pretty decent day. Still distant w/ victoria for the most part. She had a funeral to go to so I took the kids to the grocery store by myself and they did great. After that, I made some chicken alfredo, a recipe I've been working on for a few months, and it was my best yet. In the afternoon/evening, we went to dinner and the brooks and dunn concert. Didn't like the music, but it was pretty fun. I was able to get myself to participate and wasn't a party pooper. Enjoyed talking w/ Chris as well. Went to bed super late though. Had several drinks but didn't feel very drunk at all.",8,6,1,1,1,1,,,,,,,,5,,,1,,,1,,3,330,,450,1260,50,5,1,5,1,,1,,,,,,,,,,,,,,,,1,1,,,,,,,,,
2024-06-16,6,"Slept well. Wanted to get up w/ my alarm at 6 but figured it would be better to sleep in. The boys did a great job playing together so I got to sleep in until 730. Don't really feel hung over so that's great. Decent day, had victoria's family over for lunch. I made steak and potatoes, they just turned out OK. Played a card game for a while, which was fun, but I think others were getting tired of it. I started playing a game w/ sammy and he got upset b/c he thought I cheated. I demonstrated that I didn't and he still was pitching a fit so I sent him out to read. I explained to him later, but he still thought I cheated. Probably should have talked to him instead of sending him out.",6,5,,,1,,,,,,,,,5,,,1,,,1,,,450,0,450,1230,1310,3.5,1,5,1,,1,,,,,,,,,,,,,,,,1,,,,,,,,,,
2024-06-17,6,"Slept well and woke up very sweatty. I felt fine but thought it might be a good idea to get back to sleep b/c I was still sweatting out my sickness, but if I'm honest I think I was just being lazy. I've taken too much time off of working out. Better day mentally, in a better mood and ready to get back to work. Still a little sick but it's mostly gone. Got another contract today. Went to the pool in the afternoon. Lena is really fun. Also feels more dense than the boys did at her age.",8,6,1,1,1,1,,,,,,,1,5,,,1,,,2,1,,270,28,405,1170,1330,6,1,5,1,,1,,,,,,,,,,,,,,,,1,,,,,,,,,,
2024-06-18,5,"Slept well but went to sleep too late. OK day, didn't get as much done as I would have liked b/c it's a swim meet day. The boys swam well. After, I made curry again and didn't get any work done. Need to do better at managing my time.",8,5,1,1,1,1,,,,,,,1,5,,,1,,,3,1,,270,4,400,1290,1320,7,1,5,1,,1,,,,,,,,,,,,,,,,1,,,,,,,,,,
2024-06-19,5,"Slept well and slept past my alarm somehow. Woke up on my own at 555. I think I can finally say my cold is gone. Not sure where I got the poison ivey from. It's only in one spot -the inside of my right knee, but it's really drippy now. Not super itchy and it's much better than previous instances where it was all over my body so definitely not complaining. Got my calls out of the way early and stopped working around 2 or 3. Planned on hanging out w/ the kids but kind of took a nap on the couch. Victoria took them over to her mom's so I got some non-barrington real estate stuff done, then some tennis. It was OK, just rallies, but I got a lot more tired than I'm comfortable with. Had to fix the printer before going to bed, spent about 35-40 minutes on it and I was pissed. I hate printers.",8,6,1,1,1,,1,,,,,,1,5,,,,,,1,1,,355,0,490,1245,1350,6,1,5,1,,1,,,,,,,,,,,,,,,,1,1,,,,,,,,,
2024-06-20,6,"Slept well but not enough. Poison Ivey is still oozing, covered it up today to stop the dripping. Cut off work early again today and we went to the pool.",8,4,1,1,1,1,,,,,,,,5,,,,,,3,1,,270,20,390,1215,1280,5,1,5,1,,1,,,,,,,,,,,,,,,,1,,,,,,,,,,
2024-06-21,6,"Slept pretty well, woke up a little early. Procrastinated my workout, didn't get everything in. Not sure why I'm slacking off so much. Drove into work to login today. Barrington was off today so I got caught up on a lot of F4 work. Hung out at v's parents for a bit, then I went grocery shopping to get ready for saturday, making burgers and stuff for brian's birthday. Right leg is very swollen now b/c of poison ivy.",6,5,1,1,1,1,,,,,,,,5,,,,,,1,1,,260,0,375,1220,1280,4,1,5,1,1,1,,,,,,,,,,,,,,,,1,,,,,,,,,,
2024-06-22,8,Slept OK but woke up around 2 b/c my leg was super itchy. I stayed up for maybe half an hour or so. Quick kb workout in the morning. Went to Botany Bay in the morning and that was a lot of fun. Beautiful scenary and the kids enjoyed exploring and playing. Came back and made a birthday dinner for Brian.,6,6,1,,1,1,,,,193.4,16,,,6,,,,,,2,,,360,8,435,1275,1330,5,1,5,1,,1,,,,,,,,,,,,,,,,1,1,,,,1,,,,,
2024-06-23,5,Slept well. Poison ivy seems like it may have peaked (2 days ago). Not very drippy when I got up this morning. Swelling is still there though and it's uncomfortable. Skin feels stretched. Didn’t',8,6,1,,1,,,,,,,,,5,,,,,,1,,,360,18,450,1170,1310,6,1,5,1,,1,,,,,,,,,,,,,,,,1,,,1,,,,,,,
2024-06-24,5,"Slept well. Elevated my leg, I think it helped w/ the swelling. Not much going on at work today, but I need to change my mindset. I've been judgin leads and I need to take everything I can get and just use it as practice. Went fishing w/ everybody in the afternoon, it was just OK. Difficult w/ Nico and Lena. Sammy had his first triathalon practice tonight.",6,6,1,1,1,1,,,,,,,,5,,,,,,2,1,,270,2,410,1170,1310,6,1,5,1,,1,,,,,,,,,,,,,,,,1,,,,,,,,,,
2024-06-25,5,"Slept well again. Troubling trend in the mornings recently where I'll poop twice, seems like I'm procrastinating lifting. Poison ivy seems to have stopped leaking now. Still have swelling/edema. Took Lena to the doctor in the morning, eye doctor in the afternoon, then ER at MUSC in the evening for her eye",8,6,1,1,1,1,,,,,,,,5,,,,,,2,1,,270,8,390,1170,1430,5,1,5,1,,1,,,,,,,,,,,,,,,,1,,,,,,,,,,
2024-06-26,4,Slept OK but not enough at home. Went back to hospital in the morning. Lena doesn't seem to be bothered by this at all which is nice. She behaved pretty well today for the most part.,6,3,1,,1,,,,,,,,,5,,,,,,1,,,300,1,330,1170,1245,2.5,1,5,1,,,,,,,,,,,,,,,,,,1,,,,,,,,,,
2024-06-27,4,"Slept OK w/ Lena. She moved around all night but slept pretty well. When I woke up, my edema (swollen leg) was almost back to normal. Rash is on its way out too, just a little flakey now. OK day w/ Lena, she wanted to walk around a lot but took a nice long nap in the afternoon so I got to relax and read. I took the boys home w/ me and they did not behave well at all. I wanted to have fun w/ them b/c I hadn't seen them in a long time but god damn they were obnoxious. Went back to the hospital in the evening. It was nice sleeping w/ Lena when she was all cuddled up.",4,5,,,1,,,,,,,,,5,,,,,,1,,,360,,465,1095,,3,1,5,1,,,,,,,,,,,,,,,,,,1,1,1,,,,,,,,
2024-06-28,4,"Lena slept better, more still. OK day but I'm growing resentful that Victoria leaves in the morning for swim practice. It's really not that bad w/ Lena, but another thing w/ swimming. Lena had a bad meltdown today, seems like she's also going stir crazy. Overall she's doing well though.",4,5,,,1,,,,,,,,,4,,,,,,1,,,,,,,,2.5,1,,1,,,,,,,,,,,,,,,,,,1,,,,,,,,,,
2024-06-29,4,"Lena woke up in the middle of the night screaming for victoria so we switched places. Victoria left again in the morning for mega meet, more resentment, more swimming stuff. Doctors told us at first that we'd be there through the night again but changed later and said we could go home in the afternoon. That was a big relief. Lena was glad to be home. Victoria's parents came over to visit w/ the boys but took them back so we could relax, which was nice. Feeling very distant from victoria though unfortunately.",4,5,,,1,,,,,,,,,3,,,,,,1,,,,,,,1260,4,1,5,1,,1,,,,,,,,,,,,,,,,1,1,,,,,,,,,
2024-06-30,8,"Disapointing sleep at home. Couldn't get comfortable and woke up earlier than I would have liked. Pretty relaxed day. Spent a while reading (Foundation's Edge, very good), then made Thai food. Victoria's parents came over w/ Chinese for dinner and we hung out for a bit, then I went to play tennis. I don't know if it's the heat/humidity or what, but I was extremely sluggish at first. It wasn't super hot out and I seemed to get my energy back as the evening went on so at least that's encouraging, but I was still out of shape and slow. Poison ivy is effectively done. Still red and a few scabs, but the itch is gone.",4,5,1,1,1,1,1,,,,,1,,6,,,,,,1,1,,300,,465,1185,1310,6,1,5,1,,1,,,,,,,,,,,,,,,,,2,,,,,,,,,
2024-07-01,5,"Better sleep but was difficult to get comfortable again. Sluggish workout in the morning. Tried fending off the second poop but I couldn't. Busy day w/ barrington, lots to get caught up on. Victoria took the boys somewhere in the afternoon while Lena napped and she woke up while they were gone. I felt bad leaving her in there for a little while but I had a lot to do. Eventually, I got her out b/c she's really fun and cute and I don't want to miss too much of this age, but this is one of the big reasons I don't want another kid - too much going on w/ everything else as it is.",5,5,1,1,1,1,,,,,,,,5,,,,,,2,1,,270,4,380,1060,1330,6,1,5,1,,1,,,,,,,,,,,,,,,,,,,,,,,,,,
2024-07-02,6,"Took a while to get comfortable again but slept well once I found a good spot. Talked w/ Bruce again this morning for a while, hadn't seen him in a long time. Not much to report work-wise. Victoria left in the evening for a swim meeting so I fed the kids dinner then we played. Actually had a lot of fun doing ring around the rosie then reading. Got caught up on several things after they went to bed. Victoria had a bit of a breakdown w/ the kids before she left. Yet she still wants another kid. I'm also getting very frustrated at how much she's wasting her life on her phone and social media.",5,5,1,1,1,1,,,,,,,,5,,,,,,1,1,,270,15,410,1065,1320,5,1,5,1,,1,,,,,,,,,,,,,,,,,,,,,,,,,,
2024-07-03,6,"Struggled to get comfortable again. Woke up a bit before my alarm as well. Took off early to go peach picking. Good activity b/c it doesn't last too long. Sammy had triathalon practice and Nico biked while he was doing that. He did a good job, even on the hills.",4,5,1,1,1,1,,,,,,,1,4,,,,,,1,,,255,4,400,1205,1320,7,1,5,1,,1,,,,,,,,,,,,,,,,,1,,,,,,,,,
2024-07-04,6,"Slept OK, not super comfortable. Also slept through my 430 and 600 alarms, not sure if they actually went off. Pretty OK day. Just hung out in the morning, did some clean up, then went to the Grahams for lunch. Played board games w/ the boys for a while, then we went to a neighborhood 4th of july party. Pretty fun. I didn't eat horribly today but not well enough to say I ate clean.",5,6,1,,1,1,,,,,,1,,5,,,,,,1,,,365,0,445,1215,1395,5,1,5,1,,1,,,,,,,,,,,,,,,,,1,,,,1,,,,,
2024-07-05,8,"OK sleep, not super comfortable but better. Woke up on my own at 530 b/c I had to pee. Casey came over in the morning around 10 and stayed for a while. Enjoyed talking w/ him about lots of things we didn't get to talk about in Colorado. Turns out he got the same thing that I did, and it was probably covid. We got Thai for lunch and I ate the rice, other than that I ate clean.",5,5,1,,1,1,,1,,,,,,5,,,,,,1,,,330,,445,900,1305,,1,5,1,,1,,,,,,,,,,,,,,,,,,,,,,,,,,
2024-07-06,8,"OK sleep but it took me longer to get back to sleep after getting up to pee than I would have liked. Could be b/c I got up to pee at 4:30, which is pretty late. Casey came over for a workout in the morning. Pretty fun day, celebrated Sammy's birthday at topgolf. It was fun, but I still really hate golf. After that, we went to Istanbul, where they brought us a ton of food. It was the best I've had there. Came back home and rested. I read and dozed while sammy and victoria made his cake. He was super excited about it. I chiseled some slots in the cabinet doors to the drawers can slide in and out again. Then the Grahams came back over for dinner. It was really warm inside, I think our HVAC is on its last legs. I didn't eat super poorly today - oats for breakfast, nothing at topgolf, meat and a little bread at lunch, more meat for dinner, 2 cake pops, and 2 peaches - it was just a lot of food.",5,6,1,,1,1,,,,193.4,15.8,,1,5,,,,,,1,,,360,2,450,1275,1350,5.5,1,5,1,,1,,,,,,,,,,,,,,,,,,,,,,,,,,
2024-07-07,6,"Poor sleep. Couldn't get comfortable and I woke up around 3 and struggled to get back to sleep. Victoria's parents took the boys today so just me and Lena. We had fun going grocery shopping, reading, eating, going to Ace, and putting the laundry away. Then in the evening, we went to a birthday party. It was OK, but we stayed way too long.",3,4,1,1,1,1,,,,,,,,4,,,,,1,1,1,,360,19,525,1020,1350,5,1,5,1,,1,,,,,,,,,,,,,,,,,,,,,,,,,,
2024-07-08,5,"Poor sleep again. Could not get comfortable, took a while to fall asleep. I'm staying up later reading too b/c I really enjoy the book I'm reading. Felt like very light sleep all night as well. Not a bad mood all day, but not a good one either. I think I was just tired. Had some good conversations though.",3,5,1,1,1,1,,,,,,,,5,,,,,1,1,1,,270,3,385,1200,1340,5,1,5,1,,1,,,,,,,,,,,,,,,,,1,,,,,,,,,
2024-07-09,6,"Better sleep but not good sleep. Alarms didn't go off and I woke up on my own at 6. Got a signature and took pics in the morning, no fleas this time. Also met w/ HVAC guy, going to have to get the unit replaced. Swim banquet in the evening, not too bad. Really wanted to eat more, but I realized it was just ego - I saw others eating two double burgers (they were good burgers, too) and felt my Eating Identity try to kick in, but I suppressed it. Would have enjoyed eating more, but glad I didn't.",4,6,1,,1,1,,,,,,,,5,,,,,1,1,1,,365,0,435,1125,1320,5,1,5,1,,1,,,,,,,,,,,,,,,,,,,,,,,,,,
2024-07-10,5,"Decent sleep, but more tired in the morning. I've been sleeping a bit more flat the past couple of nights, trying to find something comfortable. Pretty dull day, didn't get much work done and I spent a lot of time working on a personal loan that is likely a scam. Met a guy at lunch, he wants a $200k loan and he'll pay me back $100k in a week. Tons of red flags but worth investigating in my opinion. Took Sammy on a bike ride and he did well other than all of the complaining. Then at night, victoria felt something crawl on her leg, thought it was a lizard. We took the sheets off and released them onto the deck, turns out it was one of Lena's toys. It was pretty funny, but went to bed way late.",6,3,1,1,1,1,,,,,,,1,5,,,,,,1,1,,270,6,385,1260,1390,5,1,5,1,,1,,,,,,,,,,,,,,,,,,,,,,,,,,
2024-07-11,5,"Poor sleep again, cannot get comfortable. Slept in until 6 b/c I went to bed so late. Long day at work, made a lot of calls. Took sammy to triathalon swim practice in the evening, nice to just relax for an hour w/ nothing to do. After the kids went to bed, just watched a couple of shows w/ victoria. She complained that I've been ignoring her, but I told her she hasn't been here for the past couple of months.",4,4,1,,1,,,,,,,,,5,,,,,,1,1,,360,6,505,1220,1350,4.5,1,5,1,,1,,,,,,,,,,,,,,,,,,,,,,,,,,
2024-07-12,5,"Took me a while to fall asleep, a while to get back to sleep after getting up to pee, then when I did sleep, it didn't feel restful. Very frustrated w/ sleep recently. Drove into work, took sammy to baseball, then took Lena to her doctor. Didn't really get started on my day until 1115 when I put her down for a nap. OK work day, got enough calls in but not really anything to show for it. Took sammy to football camp in the evening. He enjoyed it but man is he slow, lazy, and timid. I did get to read my book though.",3,4,1,,1,1,,,,,,,,5,,,,,,1,1,,270,3,370,1020,1340,4,1,5,1,1,1,,,,,,,,,,,,,,,,,1,,,,,,,,,
2024-07-13,8,"Took longer to fall asleep again. Very frustrating. Then I struggled to get a thought out of my mind in the middle of the night (minkin's halloween party a long time ago when Calvin whipped his dick out, wondering if anything else happened). I made a strong effort to transition away from that thought pattern. Otherwise, slept pretty well. Quick workout in the morning. Went to Edisto Beach w/ the neighborhood friends, it was pretty fun. We had another talk w/ sammy about food - he ate almost a whole thing of boiled peanuts. I made a really good pasta for dinner, victoria really liked how well the noodles were cooked, which was something I did intentionally.",5,4,1,,1,1,,,,191.8,15.5,,,6,,,,,,1,,,360,12,450,1245,1330,4.5,1,5,1,,1,,,,,,,,,,,,,,,,,1,,,,1,1,,,,
2024-07-14,6,"Slept well. Victoria made a nest for me a nd it was very comfortable. Got to stay home from church, got some things done while Lena slept. Spent most of the day cleaning up Sammy's room and assembling his desk. Had some more time in the early evening, got some admin stuff, F4 stuff, and a few other things done. Victoria wanted to just hang out and watch tv in the evening, I told her that if she's just going to be on her phone, then I'll read a book. She didn't like that at first, but then she picked a different show to watch and it worked out.",8,6,1,,1,,,,,,,,,5,,,,,,1,1,,365,,585,1185,1320,4,1,5,1,,1,,,,,,,,,,,,,,,,,,,,,,,,,,
2024-07-15,6,"Pretty good sleep and very comfortable. Decent day, had an appointment w/ a more convenient chiroprator and I'm going to move forward w/ him. Need to get my back under control. Max out day for squats but I held back b/c of my back. The boys were out of control today, arguing about stupid stuff again. I took sammy to triathalon practice, he wanted victoria to b/c she's nicer (ie she lets him go to chick fillet). I also tried explaining that it's my job to push him beyond what is comfortable (talking about biking last wednesday). He didn't think he could bike that far and get up the hill, but he did. Ate pretty clean but I did have some of the noodles I made on Saturday night.",8,4,1,,1,1,,,,,,,,5,,,,,,1,,,270,5,385,1200,1350,4,1,5,1,,1,,,,,,,,,,,,,,,,,1,,,,,,,,,
2024-07-16,6,"Slept well but I was wide awake when I got up to pee at 3. Got back to sleep reasonably quickly though. Could not get myself out of bed after my alarm though for some reason. I was exhausted. Max out day on bench. Mostly bland day work-wise, spent some time studying out new material. Power went out in the evening so all 3 kids woke up. Sammy came down to read and I cuddled on the couch w/ Nico and Lena, then we all went up to the bed. That was kind of nice.",6,2,1,,1,1,,,,,,,1,5,,,,,,2,1,,270,41,400,1200,1320,5,1,5,1,,1,,,,,,,,,,,,,,,,,,,,,,,,,,
2024-07-17,5,"Slept well and mostly comfortably. Forced myself out of bed, wanted to stay. Didn't do much work today, getting ready for alaska. Tennis in the evening.",6,4,1,,1,1,,,,,,,,5,,,,,,2,1,,270,2,370,1280,1395,6,1,5,1,,1,,,,,,,,,,,,,,,,,1,,,,,,,,,
2024-07-18,2,"Slept well. Heading to Seattle today. Long flights, Lena wasn't great. Victoria's parents met us when we got off the tram, that was very nice and helpful.",6,5,1,,1,,,,,191.8,15.8,1,,3,,,,,,1,1,,360,5,490,,,,1,5,1,,1,,,,,,,,,,,,,,,,,,,,,,,,,,
2024-07-19,8,"Poor sleep - slept w/ Lena in the bed and it was super cold. Good day though in Seattle. Hung out w/ the Grahams, Chris and Jaimie, and Corey. We did stuff all over, but since we were staying in chinatown, we had some really good chinese food - some sort of curry donut and then szechuan for dinner. Very spicy. Went to a children's museum, which was cool enough, walked around the market, ate a lot, and had a pretty good day. The weather was perfect. I really like Seattle, but mainly b/c of chinatown.",2,4,,,1,,,,,,,,,6,,,,,,2,,,,,,,,,1,5,1,,1,,,,,,,,,,,,,,,,,,,,,,,,,,
2024-07-20,6,"Better sleep but still not great, Lena moves around a lot. Got on the ship, nothing too exciting other than the indian section of the buffet.",4,5,,,1,,,,,,,,,6,,,,,,4,,,,,,,,,1,5,1,,1,,,,,,,,,,,,,,,,,,,,,,,,,,
2024-07-21,3,"Slept decently, Lena still moving around a lot. Tough day w/ the kids. Not a whole lot to do b/c we were at sea all day. The boys were bickering a lot and lena was tough. We tried putting the boys in the kid zone to have fun. Nico had fun, but sammy didn't. He said he'd rather explore the ship. I felt really bad and didn't want to send him back.",5,6,,,1,1,,,,,,,,5,,,,,,1,,,,,,,,,1,5,1,,1,,,,,,,,,,,,,,,,,,,,,,,,,,
2024-07-22,5,"Much better sleep, felt well rested. Kids tough again. I'm eating too much but doing better than expected. The food isn't as good as expected either. We had our first stop today in Sitka, Alaska. We walked through a beautiful rain forest - very green, smelled great, and was very refreshing. Then went to a raptor exhibit and walked around the town a little bit. We saw some wild bald eagles flying around and it was pretty cool.",8,8,,,1,1,,,,,,,,6,,,,,,1,,,,,,,,,1,5,1,,1,,,,,,,,,,,,,,,,,1,,,,,,,,,
2024-07-23,6,"Not great sleep - had trouble getting back to sleep after peeing. Stopped at Juno today. Victoria stayed back w/ Lena and Nico, I took Sammy w/ Brian and Sofia. Sammy didn't want to go but he was told he could get something if he came. Juno wasn't great - seemed like the Gatlinburg of alaska, just a bunch of souvenir shops. Pretty crappy, but we walked the strip in the rain - it was better than being on the boat. Sammy didn't end up getting a stuffy - he couldn't make a decision and ended up missing out. I think it was a good lesson for him. Hung out on the observation deck and played games after. Victoria and I had a date night, the food was just OK. We had awesome views of waterfalls outside and some small iceburgs. Couldn't get to the glacier b/c it was blocked off.",4,6,,,1,1,,,,,,,,6,,,,,,2,,3,,,,,,,1,5,1,,1,,,,,,,,,,,,,,,,,,,,,,,,,,
2024-07-24,6,"OK sleep, struggled after peeing again. Good stop today. Took a gondola up a mountain. Didn't see much b/c it was foggy, but still nice. Saw some deer. Walked around a bit, came down, then went to another section of the stop. There was a beach (rocks, not sand), so victoria, chris, myself, and the boys came down. That was a lot of fun. Nico put about 30 starfish back in the water. The rocks were really cool too. A lot of great skipping stones. Sammy worked on it too (but he refused to touch the starfish). We saw other critters too - jellyfish, sea slugs (dead), crabs, and [probably] eels. Sammy has been off the charts frustrating this whole trip too.",4,6,,,1,,,,,,,,,6,,,,,,1,,,,,,,,,1,5,1,,1,,,,,,,,,,,,,,,,,1,,,,,,,,,
2024-07-25,3,"Poor sleep. Was super cold then super hot. Couldn't get back to sleep, just laid there. Woke up pretty sick - headache, leg meat really hurt, and generally achey. Pushed through and went to today's stop. Lena was particularly uncooperative. Everyone went back to nap, then sammy and I just stayed in the room the rest of the day. Sammy was sick too.",2,2,,,1,,,,,,,,,,,,1,,,2,,,,,,,,,1,5,1,,1,,,,,,,,,,,,,,,,,,,,,,,,,,
2024-07-26,6,"Poor sleep, didn't get back to sleep after peeing. I felt much better today, just a little stuffy. Sammy's still sick and Nico has it now too. The 3 of us just stayed in the room all day, watching movies and napping. I really didn't mind it b/c it's not like I had anything better to do anyway. Victoria and I had our nice dinner. It was actually good. Was nice to eat peacefully. After that, I walked to Victoria Canada w/ Chris and Jaimie. It was a nice city. Weather was perfect and lots of activity.",3,5,,,1,,,,,,,,,,,,1,,,2,,3,,,,,,,1,5,1,,1,,,,,,,,,,,,,,,,,,,,,,,,,,
2024-07-27,3,"Good sleep. Last meal on the ship, then got off and hung out in Seattle for a bit. Went to the Museum of Flight, which was pretty cool. I was disappointed that sammy wasn't more into it, but everyone was really hungry too. We only got through about half of it. I would do it again, but it wasn't really most people's speed. Then we got lunch in chinatown again, very good. After that, we headed to the airport and hung out for a while. Lena was horrible at times, had a tantrum when we were trying to get to our gate. It was just a very long day w/ our flight departing at 23:00 seattle time.",6,6,,,1,,,,,,,,,,,,1,,,2,,,,,,,,,1,5,1,,1,,,,,,,,,,,,,,,,,1,,,,,,,,,
2024-07-28,5,"Long flights, not much sleep. The kids slept for the most part though. Nico was pretty restless, woke up at one point and said he doesn't want to be part of this family anymore. That's caused me to think a good bit. Just barely made our connection flight in JFK, that was stressful. Got home, showered, and everybody napped. Grocery store w/ just nico, then I made family eggs for dinner, we watched some bluey, then the kids went to bed. Pushed off eating until >24 hours. Wasn't too difficult. I was hungry but not miserable. Only ate 3 eggs w/ 2 pieces of ham. Gained about 3 lbs and 0.5% bodyfat. Trip wrapup: Generally did not enjoy it, mostly b/c of the kids. They were difficult to manage and schedule around. The food was also a huge disappointment. Only a couple of stops were good, but we also didn't do any excursions.",2,2,,,1,,,,,195,16.4,1,,6,,,1,,,1,1,,,,1215,1230,1340,2,1,,1,,1,,,,,,,,,,,,,,,,,1,,,,1,,,,,
2024-07-29,5,"Good sleep. Tried falling back to sleep but it didn't take. Super comfortable, but was just wasting time so I got up. Nice to get back to work today. I was eager, but conversations were difficult and it felt like trudging through mud. Victoria and I got into another argument - she was complaining about the kids and I said ""I don't mean to turn this into an argument, but you want to add one more?"". Well, that turned into an argument. She even said, loudly, that I hate our kids. I'm very concerned that Sammy heard that and it really pisses me off. She says that all I do is complain about them. Well guess what - so does she!",8,5,1,,1,1,,,,,,,,4,,,,,,1,1,,270,,395,1125,1380,5,1,5,1,,1,,,,,,,,,,,,,,,,,1,,,,,,,,,
2024-07-30,5,"Good sleep but went to bed too late - Nico was up for some reason. Felt good to meditate again, just did some box breathing and a breath hold. That seems to be the best way to focus my thoughts. Nothing major to report today.",6,6,1,1,1,1,,,,,,,,5,,,,,,1,1,,270,0,380,1140,1350,5,1,5,1,,1,,,,,,,,,,,,,,,,,,,1,,,,,,,
2024-07-31,6,"Slept well but woke up at 4 to pee, didn't get back to sleep. Would have stayed in bed to sleep but it didn't take. Tired, been going to bed later b/c spending time in the evening on F4 work. Low back affected squats today, need to go to chiro. Pretty busy day, made a lot of calls and offers. Hung up new deck lights and did some F4 work too.",5,4,1,,1,1,,,,,,,1,5,1,,,,,3,1,,240,5,390,1163,1320,5,1,5,1,,1,,,,,,,,,,,,,,,,,1,,,,,,,,,
2024-08-01,5,"Slept well but had trouble getting back to sleep after peeing. Drove 40 minutes out to moncks corner this morning and got no-showed, that was frustrating but I'm not 100% upset yet, hopefully I can get him back on the phone. Not much else to report for today. I feel like I'm getting behind on f4 work so I spent some time working on that. Victoria took the kids to the pool in the afternoon and again came back mad, mostly b/c of sammy. We can't figure out what to do w/ him. Today, victoria told him to get in the front seat, which he loves, but refused b/c that would mean Nico went in his seat. He didn't play w/ his friend at the pool, and just didn't behave well. I don't know what to do. I told him the next time everyone goes to the pool, he'll just stay back and read b/c he makes it worse for everybody.",5,3,1,1,1,1,,,,,,,,5,,,,,,1,1,,270,2,390,1160,1320,5.5,1,5,1,,1,,,,,,,,,,,,,,,,,,,,,,,,,,
2024-08-02,5,"Decent sleep but was very light after I got up to pee. Workout in the morning. I was very sweatty but I wouldn't say overly tired. Did my first set of 4th pin rack pulls, only at 315 b/c of my back, and I got super light headed after the 5th rep (not too uncommon). When I put the bar down, I kind of collapsed then convulsed for a few seconds. It was very weird and disorienting, I didn't know what was going on at the time. Fortunately I held onto the bar the whole time and didn't hit my head, but it was an odd sensation. I searched ""convulsing after fainting"" and it came up w/ convulsive syncope, which can happen due to reduced blood flow to the brain. Maybe I need to drink water during these really sweatty workouts. Frustrating day. I had 3 verbal commitments - one got a higher offer, one is bidding me up w/ other buyers, and one is not picking up their phone. Then, I went to tennis, and it started raining. I got a bucket of serves in but still felt like a waste.",5,4,1,,1,1,1,,,,,,1,5,,,,,,2,1,,270,6,390,1170,1280,5,1,5,1,,1,,,,,,,,,,,,,,,,,1,,,,,,,,,
2024-08-03,6,"Slept well and comfortably. Day started off slowly, just put a bunch of laundry away in the morning, went to a birthday party, then just lounged. I was getting frustrated b/c I wanted to cook something but didn't really know what. I ended up cooking thai curry, naan, and chocolate souffles. I didn't overdo eating today, very frustrated by my love handles and just not in the mood, which I'm happy about.",6,5,1,,1,,,,,195,16.1,,,6,,,,,,1,,,390,9,525,1200,1305,4.5,1,5,1,,1,,,,,,,,,,,,,,,,,,,,,,,,,,
2024-08-04,6,"Slept well but forgot to turn my alarm off so I woke up at 430, didn't realize it until about 515. Cuddled w/ victoria since it's our anniversary. Got up after 10, went grocery shopping, then I watched some olympics w/ the boys while victoria went somewhere w/ Lena. We took the gibbys out for dinner and it was very good. Ate too much, but had a good time.",6,4,1,,1,,,,,,,,,6,,,,,,3,,1,270,,820,1200,1305,4,1,5,1,,1,,,,,,,,,,,,,,,,,,,,,,,,,,
2024-08-05,5,"Slept well but either I slept through my alarm or it didn't go off. Sluggish workout, still feel very full. Not much energy either. Disappointing day w/ barrington. Another seller said she had a death in the family, but this time it's not UC yet. A lot of wheel spinning.",6,3,1,,1,1,,,,,,,,5,,,,,,2,1,,290,0,405,1065,1320,6,1,5,1,,1,,,,,,,,,,,,,,,,,,,,,,,,,,
2024-08-06,5,"OK sleep but woke up around 4, darlington and eutawville on my mind. Big storm is here and victoria wanted to keep the kids home from school b/c people online were saying the roads were bad. I probably overreacted a bit, but said no, they're going and wanted to check out the roads myself. That was a big argument. In the end, they didn't go to school. Busy day, lots of offers went out but nothing to show for it yet. Feeling a little down about it, Matt is on a streak but I haven't gotten too many contracts recently. More darlington stress, the storm has caused my contractor to be out for about a month and we have some repairs to do on a house that's under contract. Should have gotten some work done in the evening but hung out w/ victoria and watched some shows.",4,4,1,1,1,1,,,,,,,,5,,,,,,1,1,,240,,380,1070,1290,4,1,5,1,,1,,,,,,,,,,,,,,,,,,,,,,,,,,
2024-08-07,6,"Slept well, then actually fell back asleep w/ a dream after my alarm. Skipped workout this morning b/c I have F4 work to catch up on. Lots of activity today but nothing to show for it yet. Finally went to the chiro and did a full intake. X-rays looked ok, nothing major. Some wearing down and calcification of lumbar vertebrae, a little arthritis at the bottom of my spine, and my L5 (I think) has a slight angle to it, but not bad. Neck is good, could use a little more curve but not bad. Also made Indian tonight, finally got the garam masala in. Turned out well, but shouldn't have put paprika in it.",6,4,1,,1,,,,,,,,,5,,,,,,2,1,,270,24,525,1205,1320,5,1,5,1,,1,,,,,,,1,,,,,,,,,,1,,,,,,,,,
2024-08-08,6,"Slept well, very tired in the morning and didn't want to get up. Enjoyed barrington today - we had an internal call review then I got a verbal on an offer. In the evening, victoria had some friends over so I got more work done. I wasted some time on youtube, but i also got a lot done for F4. In the morning, I was getting lena ready then brought her into my room while victoria taught. Sammy was with us. He grabbed an unopened toy (cheap little track set) and asked if he could open it. I said no, he had one similar and it didn't get used. Then he said ""but I'll do it by myself"", so I asked what he meant by that. He said that I don't like doing things w/ him so he'll just do it by himself. That hurt. I explained that I do like doing things w/ him, but he makes it difficult. He said that I don't do things that he wants to do. We play games sometimes, but then I have to go poop. I told him that I try to do things that he may not really want to do right now, but they're good skills to have like riding a bike, playing catch, etc.",8,2,1,,1,1,,1,,,,,1,1,,,,,,3,1,,270,18,410,1140,1380,5.5,1,5,1,,1,,,,,,,,,,,,,,,,,,,,,,,,,,
2024-08-09,5,"Slept well, very weird dream right before waking up. Disappointing day again - had a verbal commitment but they backed out.",8,5,1,,1,1,,,,,,,,6,,,,,,2,1,,270,2,370,1065,1290,6,1,5,1,1,1,,,,,,,,,,,,,,,,,,,,,,,,,,
2024-08-10,6,Slept well. Quick workout in the morning then did some cooking w/ the kids. Spent a lot of the day cooking. Cooked w/ the boys in the morning (fudge and biscuits and gravy). Didn't do much today but it was nice.,8,6,1,,1,1,,1,,,,,,6,,,,,,1,,,360,2,450,1260,1350,5,1,5,1,,1,,,,,,,,,,,,,,,,,1,,,,1,,,,,
2024-08-11,5,"OK sleep, woke up around 4, took a few minutes to get back to sleep. Not much to report today. House work, cleaning, cooking. Went to sammy's meet the teacher, she seems like she's going to be good. School is pushed back again to Wednesday at the earliest. Sammy and Nico have been fighting a lot more recently too. Both instigating each other, but it seems like it's mostly coming from Nico.",5,6,1,,1,,,,,,,1,,5,,,,,,1,1,,360,0,450,1080,1320,5,1,5,1,,1,,,,,,,,,,,,,,,,,1,,1,,,,,,,
2024-08-12,4,"Poor sleep. Woke up 20 minutes after going to sleep to pee, woke up later in the night to pee, then woke up around 315 and couldn't get back to sleep. I was comfortable though. Feeling pretty beat down today. A lot of conversations but nothing to show for it, I'm in a contract drought again. When the kids got home, I tried to have fun by playing drums on an empty protein container, but of course, it just turned into a screaming episode, instigated by sammy. Didn't eat horribly, but it wasn't clean. Ate a bunch of trail mix then a couple spoonfuls of mac and cheese at dinner.",3,3,1,,1,1,,1,,,,,,5,1,Low back (SI joint),,,,1,,,195,0,390,1095,1300,5,1,5,1,,1,,,,,,,1,,,,,,,,,,1,,,,,,,,,
2024-08-13,5,"Not great sleep, woke up around 330 again. I think I got back to sleep, but it felt very light. Busy day w/ barrington and F4. Last day taking care of the chickens for Michael, the kids really enjoyed it, especially Nico. Ate a little snack at 845, I think that finishing eating too early is causing me to wake up early.",4,4,1,,1,1,,,,,,,,5,1,Low back (SI joint),,,,2,1,,270,0,385,1245,1310,4,1,5,1,,1,,,,,,,,,,,,,,,,,,,,,,,,,,
2024-08-14,6,"Better sleep, slept to my alarm, but very tired. Sammys first day of 3rd grade, we took him to school, dropped off the other two, then went to get coffee at a little café. Nice talking w/o disruptions. Had a good talk w/ Luke on our 1 on one today, boiled down to my lack of confidence. I'm in a dry spell and getting frustrated. Tennis in the evening.",5,2,1,,1,1,1,,,,,,,6,1,Low back (SI joint),,,,1,1,,270,19,395,1290,1350,6,1,5,1,,1,,,,,,,,,,,,,,,,,1,,,,,,,,,
2024-08-15,6,"Slept pretty well, tired in the morning though. Busy day, trying to stay positive about Barrington stuff. Still enjoying it, just not producing. Went over to Michael's for dinner, that was fun. The kids were rambunctious, but I think it was OK.",5,3,1,,1,1,,,,,,,,6,1,Low back (SI joint),,,,1,1,,290,2,390,1125,1305,6,1,5,1,,1,,,,,,,,,,,,,,,,,,,,,,,,,,
2024-08-16,6,"Slept well. Alarm didn't go off, or I slept through it. Feeling better w/ barrington, not trying as hard to be someone else. Had a few good conversations today. Also had a good talk w/ Matt. Watched all dogs go to heaven w/ the boys, it was really neat seeing it again as an adult. Had a good conversation w/ victoria today (or yesterday). She's talked about getting a golf cart, and I really don't want one. However, my car is overgrown w/ mold and it's pretty undrivable. I brought up what about getting a golf cart and getting rid of my car? Had a lot of back and forth in a good way. I think she appreciated that I'm even considering it. She did some research and a golf cart isn't that much cheaper than a car I'd get anyway.",6,5,1,,1,1,,,,,,,1,6,1,Low back (SI joint),,,,1,1,,290,2,395,1200,1335,5,1,5,1,,1,,,,,,,,,,,,,,,,,,,,,,,,,,
2024-08-17,6,"Slept well. Not a whole lot going on today, did some cooking and chores. Got one of our HVAC units replaced. I took the boys to the pool and had fun. Sammy actually liked playing catch, which was nice. Watched Dumb and Dumber w/ the boys in the afternoon. Got some work done after they went to bed while victoria went to dinner w/ her parents.",6,5,1,,1,1,,,,,,1,,6,1,Low back (SI joint),,,,1,,,360,3,485,1275,1350,5,1,5,1,,1,,,,,,,,,,,,,,,,,1,,,,,1,,,,
2024-08-18,5,"Not great sleep. Took a while to fall asleep then tossed and turned all night. Probably b/c of eating too late. Not much today, a lot of cooking. Organized the garage again, got rid of a bunch of stuff. Went to the pool again, w/ Lena this time. She flipped out about something. Likely going to be getting rid of my car as well. Spending too much time on youtube recently.",3,3,1,,1,,,,,,,,,6,1,Low back (SI joint),,,,1,1,,360,12,510,1170,1320,4,1,5,1,,1,,,,,,,,,,,,,,,,,1,,,,,,,,,
2024-08-19,4,"Poor sleep. I drank a quart of water right before bed. Got up 3 times to pee. Also couldn't get comfortable and woke up before my alarm. Losing my energy again w/ barrington. Feeling a little burned out and frustrated. Lots of calls, no contracts. Had a while to myself in the evening, spent most of the time looking for cars. Should have spent it on F4 work though. Victoria's been complaining a lot about swimming recently too. It's exhausting. She's also put on a lot of weight again.",3,3,1,,1,1,,,,,,,,5,1,Low back (SI joint),,,,2,1,,265,0,405,1065,1320,6,1,5,1,,1,,,,,,,1,,,,,,,,,,1,,,,1,,,,,
2024-08-20,3,"Better sleep, felt light in the morning though. Another day w/o a contract and the one I was counting on changed their minds. It was affecting me when I was hanging out w/ the kids in the evening, tried to forget about it. Also got a ROM offer for the restaurant at about $165k after I told him we have about $450k into it. Not sure what we're going to do about this. Having to send a little more to Darlington to finish up one of the houses. I'm sick of this.",5,4,1,,1,1,,,,,,,,5,1,Low back (SI joint),,,,3,1,,270,6,405,1065,1320,6,1,5,1,,1,,,,,,,,,,,,,,,,,,,,,,,,,,
2024-08-21,5,"Slept well until 345 when I got up to pee then thought about the restaurant and darlington, knew I wouldn't be able to get back to sleep so I just got up. Not sure if it's just that or b/c I finished eating too early again. In a bad mood in the morning - down about barrington, darlington, and the restuarant. Victoria called on her way home from the pool w/ more drama, and that's getting heavy to carry too. Started feeling better throughout the day though, had my 1 on 1 w/ luke and that usually helps. Tennis in the evening, lost, but it was a fun match.",4,3,1,,1,1,,1,,,,,,5,1,Low back (SI joint),,,,2,1,,225,,370,1290,1350,7,1,5,1,,1,,,,,,,,,,,,1,,,,,1,,,,,,,,,
2024-08-22,6,"Good sleep. Alarm went off at 430 but I slept in until 6 (this was planned) b/c of tennis last night. OK day, had some good conversations. Played w/ the kids after work, then made curry and watched some shows w/ victoria.",6,5,1,,1,,,,,,,,,6,1,Low back (SI joint),,,,1,1,,360,0,435,1260,1350,6,1,5,1,,1,,,,,,,,,,,,,,,,,,,,,,,,,,
2024-08-23,5,"Good sleep again, just not enough. Busy day w/ stuff outside of work, got gutters on the shed and dealing w/ the car mold. I'm close on a few contracts, just need to get them across. Victoria went to myrtle beach today so it was just me and the kids. Picked nico and lena up later than I wanted to (5) then unfortunately, I had to put out some fires in Darlington in the evening so I didn't get to hang out w/ them much. Stayed up too late watching youtube again.",6,4,1,,1,1,,,,,,1,,6,1,Low back (SI joint),,,,1,1,,270,6,395,1065,1350,5,1,5,1,,1,,,,,,,,,,,,1,,,,,1,,,,,,,,,
2024-08-24,6,"Slept well but very tired in the morning. Made a fun breakfast for the kids (biscuits and gravy, scrambled eggs). Took the boys to a birthday party, then the library, then grocery shopping. They played well together for hours after that until Lena was dropped off. Then we picked up victoria, came home for dinner, and then bedtime. The boys also helped me make a chocolate banana bread, which everybody liked, and I made a thai dish for dinner that turned out well.",6,3,1,,1,1,,,,195.6,16.5,,,6,1,Low back (SI joint),,,,1,,,360,21,510,1230,1290,3.5,1,5,1,,1,,,,,,,,,,,,,,,,,,,,,,,,,,
2024-08-25,5,"Poor sleep. Probably ate too close to bedtime again. Mid-back was also sore, couldn't get comfortable. OK day. Went to the pool w/ the kids. Wanted to play catch w/ sammy, but he was mad about something and wouldn't tell me what. Eventually, he said he was mad b/c I'd race him to the ball when he didn't catch it and it was his turn to throw. I'm sick of this stupid stuff. Light tennis in the evening.",3,3,1,,1,,1,,,,,1,,6,1,Low back (SI joint),,,,1,1,,360,3,540,1200,1290,5,1,5,1,,1,,,,,,,,,,,,,,,,,2,,,,,,,,,
2024-08-26,4,"Poor sleep again, mid-back sore again. Very tired in the morning and got impatient w/ Nico and Lena, but tried not to show it. Just in a bad mood in general. More bad Darlington news, another $15k rehab increase, then I lost 2 contracts I was close to on Barrington. Exhausted all day, just ready for it to be done.",4,2,1,,1,1,,,,,,,,6,1,Low back (SI joint),,,,1,1,,255,1,405,1080,1320,5,1,5,1,,1,,,,,,,1,,,,,,,,,,1,,,,,,,,,
2024-08-27,5,"Poor sleep again. Woke up several times but was able to get back to sleep, then awake for good at about 245. Eutawville and darlington on my mind. Exhausted in the morning. Despite the exhaustion, I was in a better mood today. Coming up w/ a possible plan for Eutawville helped, we'll see if it pans out. Stopped work early to pick up the kids this afternoon, had fun reading to them. Victoria had a swim meet and came home hungry, was upset that no meat was cooked. I take responsibility for that, but I also gave her a few options of things I could make quick on her way home but none of it 'sounded good'.",2,2,1,,1,1,,1,,,,,,4,1,Low back (SI joint),,,,1,1,,165,,345,1185,1295,5.5,1,5,1,1,1,,,,,,,,,,,,,,,,,,,,,,,,,,
2024-08-28,5,"Finally a good night of sleep. Alarm didn't go off so I got up at 5 when victoria's went off. Spent too long pooping in the moring, didn't have time to lift. Took my car in this morning to get the mold taken care of. Still frustrated b/c of lack of contracts, but I feel like I'm having good conversations. No work in the evening, hung out w/ victoria watching shows, then talked w/ Matt for a long time about Barrington stuff. Went to bed too late. Frustrated w/ myself at dinner. Victoria had me make these scalloped potatoes from a box. They weren't even good, but I ate over half of them.",8,5,1,,1,,,,,,,,,5,1,Low back (SI joint),,,,2,,,300,0,465,1110,1380,4,1,5,1,,1,,,,,,,,,,,,,,,,,,,,,,,,,,
2024-08-29,8,"Good sleep just not enough. Very frustrated that victoria refuses to drive the rental car to practice so I can take the kids in earlier. Her extreme resistance to change is frustrating. Good day today. Feeling a lot more confident w/ barrington for some reason. 3 good offer calls and one signed contract (finally). Sammy also had a pack of friends over after school. That was great seeing him be active and everything, but then he acted like a complete dick to me and victoria. He straight up ignored me, then he was very rude to victoria. It's like he was trying to act cool in front of his friends. We sent him to bed w/o dinner.",6,4,1,,1,1,,,,,,,,6,1,Low back (SI joint),,,,1,1,,270,6,400,1185,1320,5,1,5,1,,1,,,,,,,,,,,,,,,,,,,,,,,,,,
2024-08-30,6,"OK sleep. Took a while to get to sleep, then was up in the middle of the night for a bit. Good morning w/ nico and lena. Lots of action w/ Barrington today, but unfortunately a lot of it was at the end of the day. Went to a riverdogs game in the evening.",5,4,1,,1,1,,,,,,,,,1,Low back (SI joint),,,,2,1,,270,13,405,1170,1330,5,1,5,1,,1,,,,,,,,,,,,,,,,,1,,,,,,,,,
2024-08-31,5,"Restless sleep, tossed and turned. OK day. Had some electrical work done for HVAC, then we brought him in to talk about some updates to the kitchen and house. Seems like too much in my opinion, but Victoria is still on board w/ wanting to do it. Went to the van osdel wedding party thing at a brewery, not super fun. There was a nerf football there and I started throwing w/ the boys, then two other boys came over to play too. That was fun just throwing w/ them, but sammy left. Very frustrating and disappointing. We did kick a soccer ball around for a while, but even that was super frustrating b/c he would just kick it as hard as he could and it wouldn't go anywhere near where it was supposed to. Anyway, we came home, did dinner, then bed.",5,4,1,,1,1,,1,,194.6,16.3,,,5,1,Low back (SI joint),,,,1,,,360,9,500,1260,1350,4,1,5,1,,1,,,,,,,,,,,,,,,,,,,,,1,,,,,
2024-09-01,5,"OK sleep but I forgot to turn my alarm off and it went off at 4:30. Was able to get back to light sleep. Took the boys to the pool in the morning, more issues w/ sammy. He's very hard to play with. He changes rules to things, always in his favor and it doesn't add anything to the games, then he gets really upset when he loses, even when he cheats. Victoria and I had a long talk about him on the way to the wedding and we just don't know what to do. A lot of it is his personality, but I can't figure out what we could do differently or what we've done that causes his behavior. I took the boys to run a few errands in the afternoon. Wedding was good. Quick ceremony, food was good, and it was nice seeing Ed again. I felt bad for him and he seemed very sad. Would have been nice to catch up w/ him again but it was time to go. Nice not having the kids for a bit.",5,5,1,,1,,,,,,,1,,6,1,Low back (SI joint),,,,2,,2,360,,540,1140,1360,4,1,5,1,,1,,,,,,,,,,,,,,,,,,,,,,,,,,
2024-09-02,5,"Decent sleep, but woke up a bit before the alarm. Tennis in the morning then went to the pool. Did a lot of cleaning, went over to the inlaws for dinner, then victoria went out to dinner w/ friends and I did some food prep for the barrington retreat. Had another talk w/ sammy today, he keeps picking on Nico. I threatened him w/ the wooden spoon. We'll see if it sticks.",5,5,1,,1,,1,,,,,,1,5,1,Low back (SI joint),,,,2,,,345,1,465,1080,1310,6.5,1,5,1,,1,,,,,,,,,,,,,,,,,,,,,,,,,,
2024-09-03,4,"Comfortable sleep but I woke up several times. Woke up around 345 and didn't really get back to sleep. OK day but rough in the evening. We all went out to play tennis, lasted for about an hour. Sammy did pretty well. Dinner was good, then I got to work cooking for the Barrington team. Felt a lot of tension w/ Victoria, but she was also very anxious b/c Doug was back. I was feeling tense b/c this trip is in the middle of swim season and soccer practice is starting this week for the boys so I'm not here to help. Victoria also brought up either having another kid or getting on ozempic. I'm not having another kid.",4,5,1,,1,1,,,,,,,,4,1,Low back (SI joint),,,,1,1,,225,1,390,1260,1395,6,1,5,1,,1,,,,,,,,,,,,,,,,,,,,,,,,,,
2024-09-04,8,"Trouble getting to sleep again, darlington and the restaurant, the barrington trip, and having another kid on my mind. Slept well when I was asleep though. Busy morning, had a lot to do to get ready for the Barrington retreat. I got the kids off to school then headed out. Good drive, not much traffic. Had a lot of fun at the cabin. Played some ping pong, pool, cigars, and just hung out. Victoria called me on the way, talked again about having another kid. She said she's given up a lot w/ her career.",3,3,1,,1,,,,,,,,,4,1,Low back (SI joint),,,,1,1,3,270,5,420,1320,75,5,1,5,1,,1,,,,,,,,,,,,,,,,,,,,,,,,,,
2024-09-05,9,"Good sleep but went to bed too late. Fun day today. Tennis w/ luke in the morning, breakfast, then just hanging out at the cabin. I won the cornhole tournament, played some chess, then cooked dinner. Dinner went really well and the curry turned out great. Stuffed mushrooms were the most popular. Evening was just ok, most other people played poker while the football game was on. Would have been nice to hang out w/ the fire and smoke cigars again, but it was still fun.",6,4,1,,1,,1,,,,,,,,1,Low back (SI joint),,,,3,,3,410,0,525,1439,80,4,1,5,1,,1,,,,,,,,,,,,,,,,,1,,,,,,,,,
2024-09-06,8,"Went to bed way too late again, not as great of sleep either. Kept waking up and pretty sure I was snoring pretty badly. Felt like a short trip, but it was a lot of fun. Good drive back, not too much traffic. Very tired when I got home. Caught up w/ Victoria, watched a movie w/ the kids, then we all went to bed.",4,6,1,,1,,,,,,,,,6,1,Low back (SI joint),,,,2,,,480,0,525,1000,1250,3.5,1,5,1,,1,,,,,,,,,,,,,,,,,1,,,,,,,,,
2024-09-07,5,"Decent sleep but had trouble getting back to sleep after getting up to pee. Had a lot of dreams, don't remember most of them. Woke up screaming at one point b/c I was driving over a cliff. Took the kids to a birthday party, then we all took a nap. Went to pick up my car and there was something wrong w/ the transmission. Extremely frustrating.",6,5,1,,1,,,,,196.4,16.4,,,6,1,Low back (SI joint),,1,,1,,,390,0,510,1260,1320,4,1,5,1,,1,,,,,,,,,,,,,,,,,,,,,,,,,,
2024-09-08,4,"Decent sleep but I woke up several times. Got back to sleep quickly, a little annoying though. Pretty meh day. Took sammy to more catholic classes, grocery shopping, cooking, lunch w/ paya and Brian, then more cooking. Got a ton of flies in the house, spent a long time getting them under control. Frustrating. Victoria is pushing for a 4th kid again and it's exhausting.",6,5,1,,1,1,,1,,,,,,3,1,Low back (SI joint),,1,,1,1,,360,7,460,1110,1310,4,1,5,1,,1,,,,,,,,,,,,,,,,,1,,,,,,,,,
2024-09-09,5,"OK sleep, felt like a long night. Regular day at work. Took sammy to soccer in the evening. He's painfully slow and possibly the worst kid on the team. Not sure if I handled it well, but I told him he needs to work harder and try harder.",6,4,1,,1,1,,,,,,,1,5,1,Low back (SI joint),,1,,2,1,,270,6,405,1185,1310,6,1,5,1,,1,,,,,,,1,,,,,,,,,,1,,,,,,,,,
2024-09-10,4,"Poor sleep. Slept well until I got up to pee at 3, then worked myself up again about eutawville. I seem to be searching for something to worry about after waking up. I got to sleep maybe around 4, but very tired in the morning. Went to pick up my car, nice to have that back again. Lots of calls, nothing to show for it. Took the boys to play tennis after work. Victoria and I discussed having another kid again before bed. It wasn't angry, but there's a lot of tension. Neither one of us want to back down.",3,2,1,,1,1,,,,,,,1,4,1,Low back (SI joint),,,,2,1,,180,8,380,1125,1320,6,1,5,1,,1,,,,,,,,,,,,,,,,,,,,,,,,,,
2024-09-11,5,"Better sleep, was able to get back to sleep after peeing. Pretty tense w/ Victoria all day, not much communication. Busy day w/ work and barrington, got a contract today too. Took sammy to soccer, and he's pretty bad. Trying to get him to be more aggressive and pay more attention.",6,4,1,,1,1,,,,,,,,3,1,Low back (SI joint),,,,2,1,,270,7,405,1170,1300,5,1,5,1,,1,,,,,,,,,,,,,,,,,,,,,,,,,,
2024-09-12,4,"Slept well, slept all the way to my alarm. Still not much communication w/ victoria. Pretty average day, not much to report. Victoria and I watched tv after the kids went to bed and it was just uncomfortable and awkward.",8,5,1,,1,1,,1,,,,,,3,1,Low back (SI joint),,,,1,1,,270,0,405,1170,1290,5,1,5,1,,1,,,,,,,,,,,,,,,,,,,1,,1,,,,,
2024-09-13,4,"Decent sleep, woke up to pee around 350 and didn't get back to sleep. Played w/ Nico in the morning after sammy went to school. Not much motivation to work today. Victoria went to hang out w/ Kelcie and came back in a better mood. Still mad at me, but better mood. She's on her period right now too, so not sure how much that's affecting her behavior. Went to play tennis w/ sammy before picking up the other kids. We had him do warm up laps and pushed him to keep doing more, he broke down in tears but we have to show him what it's like to work hard.",5,4,1,,1,1,,,,,,,1,4,1,Low back (SI joint),,,,4,1,,230,3,405,1140,1290,5,1,5,1,,1,,,,,,,,,,,,,,,,,,,,,,,,,,
2024-09-14,6,"Woke up around 450, didn't get back to sleep unfortunately. Sammy's first soccer game was this morning. It was actually exciting to watch. He didn't play too much, but that's fine. He made an effort a few times when he was in, but overall not great. Went to home depot after, going to be redoing our half bath, some light fixtures, and doorknobs. Church, then mexican w/ the grahams, then Daniel came over for dinner. Victoria was in a bad mood all day, but for other reasons in addition to being mad at me. At least we communicated today though.",4,4,1,,1,1,,,,194.6,16.2,,,4,1,Low back (SI joint),,,,2,,,290,3,465,1355,1390,3.5,1,5,1,,1,,,,,,,,,,,,,,,,,1,,,,,,,,,
2024-09-15,5,"Not the best sleep, a little restless. Lazy morning, worked on replacing doorknobs and everyone was pretty chill. Victoria's parents came over in the afternoon. I took apart the bathroom vanity and it looks like we might have to redo all of the flooring now too. Victoria and I were friendly at some parts and unfriendly at other parts throughout the day.",4,5,1,,1,,,,,,,,,4,1,Low back (SI joint),,,,1,1,,300,,540,1290,1310,4.5,1,5,1,,1,,,,,,,,,,,,,,,,,,,,,,,,,,
2024-09-16,3,"Not great sleep. Got up to pee twice, drank too much right before bed. Woke up around 3, couldn't get back to sleep until about 4 or so. Pretty tired in the morning because of it. Tired all day and generally in a bad mood. Not motivated to do much. Sammy did better at soccer tonight. I won my tennis match. Victoria seemed to be in a better mood today but was mad at me in the evening, saying we're just roommates again. I told her that she was pretty miserable for the past week+ and I can't tell if shes back to normal.",3,3,1,,1,1,1,,,,,,1,3,1,Low back (SI joint),,,,1,1,,270,4,410,1260,1335,5.5,1,5,1,,,,,,,,,1,,,,,,,,,,2,,,,,,,,,
2024-09-17,4,"Not the best sleep, tossed and turned and woke up around 3 again. I was able to get back to sleep after a little while, but not restful sleep. Super tired all day. Lots of work meetings, didn't get much barrington done. Just exhausted. Victoria and I talked in the evening, felt a little more normal.",4,3,1,,1,,,,,,,,,4,1,Low back (SI joint),,,,1,1,,300,2,435,1230,1340,5,1,5,1,,1,,,,,,,,,,,,,,,,,,,,,,,,,,
2024-09-18,5,"Slept through the night but still exhausted in the morning. Lazy workout but at least I did one. Rested on the couch for about 45 minutes after dropping sammy off. I felt bad b/c Nico had to play by himself, but it helped. Better mood today, and victoria and I actually communicated. We talked again about having another kid, neither one of us are budging. Worked on the bathroom a bit after the kids went to bed.",6,2,1,,1,1,,,,,,,,4,1,Low back (SI joint),,,,2,1,,270,0,465,1240,1325,5,1,5,1,,1,,,,,,,,,,,,,,,,,,,,,,,,,,
2024-09-19,4,"Slept OK. Sadie woke me up in the middle of the night, had trouble getting back to sleep. Very tired when alarm went off, tried to go back to sleep but it didn't take but felt better after. Got a quick workout in. Had The Talk w/ Luke on our 1 on 1 today, said my effort is unquestionable but the number of contracts is not good. Completely understandable. Took Nico to soccer in the afternoon, then got back to work in the evening. Victoria and I are talking again, but it still feels strained.",5,3,,,1,1,,1,,,,,,4,1,Low back (SI joint),,,,1,1,,270,,405,1200,1320,4.5,1,5,1,,1,,,,,,,,,,,,,,,,,,,,,,,,,,
2024-09-20,6,"OK sleep, woke up around 43 again and had trouble getting back to sleep. Good day w/ Barrington. I'm very close on several deals, just have to get them across now. Had a good long conversation w/ Matt about a lot of things, but taking action towards our own wholesaling and me pursuing taking my shin savers to market. Very motivating. Had dinner w/ the grahams, minus sofia, and that was a good time.",5,4,1,,1,1,,,,,,,,5,1,Low back (SI joint),,,,1,1,,270,13,405,1185,1300,5,1,5,1,,1,,,,,,,,,,,,,,,,,,,,,,,,,,
2024-09-21,6,"Decent sleep, didn't get up to pee until 5 then I couldn't get back to sleep. Started taking 3 magnesium pills before bed instead of 2. Didn't mind, I was thinking about what would need to be done for the shin savers. Sammys soccer game was in the morning, he didn't really hustle again. Nico had one at noon, then we came back, took some rests, and went to church. I made croquie monsieur (baked grilled cheese) for lunch and beefy pasta for dinner. Sammy loved both, everybody loved the pasta. It was my best one yet.",6,5,1,,1,1,,1,,195.5,16.2,,,5,1,Low back (SI joint),,,,1,,,300,,480,1295,1350,4,1,5,1,,1,,,,,,,,,,,,,,,,,1,,1,,,,,,,
2024-09-22,5,"Pretty good sleep. Got up and did a couple of things, then went back to cuddle. Pool in the morning, then victoria and I went to a going away party for Ethan. On the way back, we talked AGAIN about having another kid, victoria said it looks like she's just going to learn how to cope. General house stuff in the evening, worked on the bathroom some more.",6,5,1,,1,,,,,,,,,4,1,Low back (SI joint),,,,1,,1,360,22,525,1280,1330,4,1,5,1,,1,,,,,,,,,,,,,,,,,1,,,,,,,,,
2024-09-23,5,"Slept pretty well. Still tired in the morning though. Feeling pretty unmotivated w/ Barrington. Close on several but can't get people on the phone. Sammy didn't do well at practice again, but had good conversations on the way to and from practice. Easy tennis in the evening. Victoria and I are talking again like normal, but I know she's still upset about not having a fourth kid.",6,5,1,,1,1,1,,,,,,1,5,1,Low back (SI joint),,,,1,1,,270,10,405,1280,1410,6.5,1,5,1,,1,,,,,,,1,,,,,,,,,,2,,,,1,,,,,
2024-09-24,5,"Slept well just not enough. However, feeling more rested since I set my alarm for 5 instead of 4:30. Easily got back to sleep after peeing too. Slow day again. Not much to report.",6,5,1,,1,,,,,,,,,4,1,Low back (SI joint),,,,1,1,,300,20,450,1185,1295,5,1,5,1,,1,,,,,,,,,,,,,,,,,1,,,,,,,,,
2024-09-25,5,"Slept well but tired in the morning again. Filling this out 4 days later, not much to report.",6,3,1,,1,1,,,,,,,1,5,1,Low back (SI joint),,,,2,1,,270,20,405,1170,1320,4,1,5,1,1,1,,,,,,,,,,,,,,,,,1,,,,,,,,,
2024-09-26,5,"Slept well but super tired in the morning, took a while to get out of bed again. Filling this out 3 days later, not much to report. Continued working on the bathroom.",6,2,1,,1,1,,1,,,,,,6,1,Low back (SI joint),,,,1,1,,270,20,405,1170,1320,5,1,5,1,,1,,,,,,,,,,,,,,,,,1,,,,,,,,,
2024-09-27,5,"Slept well, tired again in the morning. I think it's b/c of the extra magnesium tablet I'm taking. Going to drop back down to 2 unless I'm going to sleep in. Got a tornado signal just after my alarm went off so victoria had us all go downstairs in the hallway. Lost power at 5am. Victoria and I rested and cuddled while the kids played, then she took them over to her parents. I had a work meeting, then worked on the bathroom, tended to the plants in the back yard, and just did some regular house stuff. It was nice not having anything to do work-wise. Dinner w/ the Gibsons at a hot pot place, that was a lot of fun. That was also all that I ate today, didn't want to open the fridge and couldn't cook anything. Didn't have any desserts, but had some udon and a few dumpling-type things, ate pretty clean.",6,3,1,,1,,,,,,,,,6,1,Low back (SI joint),,,,1,,,270,3,1065,1185,1320,4,1,5,1,,1,,,,,,,,,,,,,,,,,,,,,,,,,,
2024-09-28,4,"Decent sleep even though it was warm and no fan. Victoria and I cuddled in the mornig, would have been the perfect time to have sex but she said she's still too mad. Told me to take a cold shower, that made me pretty mad. Also mad b/c I feel like she bated me. She wanted me to make a move so that she could turn me down. Still no power. I got a little more done w/ the bathroom, then was on Lena duty. Took a cold shower. Not as bad as I anticipated, but still uncomfortable. We went to the library then Lowes for some bathroom supplies. Victoria took her back to her parents, then I got more bathroom stuff done and cooked a few steaks that had thawed in the freezer. Power came back on at 5 when I was eating. Steak was the only thing I ate today other than my protein shake in the morning after my workout. I found it interesting that when the power came on, I felt like I had a little anxiety (I hate using that word), or, more accurately, an obligation to do something productive instead of just reading while I was eating. Fortunately, the internet wasn't back on yet so I couldn't be 'productive'. That was interesting. In the evening, I was acting distant towards victoria, wasn't trying to, but still sour from this morning I guess.",6,4,1,,1,1,,,,,,,,3,1,Low back (SI joint),,,,1,1,,360,,580,1050,1320,4,1,5,1,,1,,,,,,,,,,,,,1,,,,2,,1,,,,,,,
2024-09-29,5,"OK sleep. Set alarm for 5 to get up and work out, but wanted to go back to sleep. Just wasted time. Worked w/ nico on riding his bike w/o training wheels, then practiced soccer w/ sammy. That got frustrating and he just couldn't get it. Eventually, he tripped and fell, then got mad and did a good job when he was mad at me. I tried explaining that that's what he needs to do! Got more done w/ the bathroom too.",5,4,1,,1,1,,,,,,,,4,1,Low back (SI joint),,,,1,,,300,,455,1260,1320,4,1,5,1,,1,,,,,,,,,,,,,,,,,1,,,,,,,,,
2024-09-30,5,"OK sleep but woke up a little after 4 to pee, didn't check time so I tried getting back to sleep. It's also been taking me a little longer to get to sleep. Might be b/c I'm into the book I'm reading and I'm not starting to pass out as I'm reading. Had sammy's parent teacher conference, his teacher said he's doing really well. Sammy did much better at his soccer game, he was more aggressive and kicked better. Now he just needs to work on following up on the ball. Tennis in the evening.",5,4,1,,1,1,1,,,,,,1,4,1,Low back (SI joint),,,,1,1,,250,,405,1305,1390,6.5,1,5,1,,1,,,,,,,,,,,,,,,,,1,,1,,,,,,,
2024-10-01,5,"OK sleep but took a while to get to sleep again. Pretty tired, took a bit to get to sleep. Pretty normal day. Had a good offer call finally and it has potential. Nico had a soccer game, he did better and did better at staying after the ball.",4,4,1,,1,,,,,,,,1,4,1,Low back (SI joint),,,,1,1,,330,3,440,1175,1350,5,1,5,1,,1,,,,,,,,,,,,,,,,,,,,,,,,,,
2024-10-02,4,Slept well but went to sleep way too late. Enjoying the book I'm reading but need to sleep earlier. Very tired in the morning and all day. Busy afternoon w/ karate demo (didn't go well) then sammy had practice and Nico had a game.,6,3,1,,1,1,,,,,,,,4,1,Low back (SI joint),,,,1,1,,270,14,410,1220,1305,4.5,1,5,1,,1,,,,,,,,,,,,,,,,,,,,,,,,,,
2024-10-03,4,Slept well again but super tired. I'm thinking it could be b/c of allergies. Still close on a number of contracts but can't get them across yet. Pretty much need to turn it around in Q4 or else they're going to let me go.,5,2,1,,1,1,,1,,,,,,4,1,Low back (SI joint),,,,1,1,,270,13,410,1275,1335,4,1,5,1,,1,,,,,,,,,,,,,,,,,,,,,,,,,,
2024-10-04,4,"Slept OK but took a long time to fall asleep initially and after getting up to pee. Trying to figure out what's on my mind - some Barrington, work, and victoria's birthday is today. Also slept in b/c I've been so tired in the morning. Not much going on at barrington, reluctantly spent some time on the dialer b/c nothing else to do. Couldn't get victoria to do anything for her birthday but she ended up going out for drinks w/ her parents. I got more bathroom stuff done.",4,4,1,,1,,,,,,,,,3,1,Low back (SI joint),,,,1,1,,315,,540,1185,1300,4.5,1,5,1,,1,,,,,,,,,,,,,,,,,1,,,,,,,,,
2024-10-05,6,"Slept well, woke up on my own around 520. At the soccer fields all morning then haircuts. I had sammy work on jumping up onto a picnick table bench. He couldn't do it at first but after about 3 minutes of practice he was able to. Did some cleaning at home, fed the boys (they tried curry so they could get mac and cheese), then worked on the bathroom some more. Dinner w/ the grahams at Greek - it was not good.",6,6,1,,1,1,,,,,,,,4,1,Low back (SI joint),,,,1,,,320,,450,1185,1305,5,1,5,1,,1,,,,,,,,,,,,,,,,,1,,,1,,,,,,
2024-10-06,5,"Slept well again. Alarm went off at 5:30 but I was able to get back to sleep. Got more done w/ the bathroom, just a couple things left. Birthday party in the afternoon then dinner w/ the grahams. I was in a bad mood, victoria and I had a conversation on the way and she made a good point about something then just kept digging in, that really bothers me.",6,6,1,,1,,,,,,,,,4,1,Low back (SI joint),,,,1,1,,360,,490,1260,1380,4.5,1,5,1,,1,,,,,,,,,,,,,,,,,,,,,1,,,,,
2024-10-07,6,"Poor sleep. Took me about an hour to get to sleep, then I didn't get back to sleep after getting up to pee. Had a lot on my mind - marriage, barrington, F4, etc. The day went OK though, had some good conversations. The new agent started today, not a big fan of that. Good tennis match in the evening even though I lost.",2,3,1,,1,1,1,,,,,,1,5,1,Low back (SI joint),,,,1,1,,170,,405,1305,1380,5,1,5,1,,1,,,,,,,1,,,,,,,,,,2,,,,,,,,,
2024-10-08,5,"Good sleep, slept through the night. Victoria's very stressed out about pool stuff again. Not much to report for the day.",6,5,1,,1,,,,,,,,,5,1,Low back (SI joint),,,,1,1,,300,,435,1185,1330,5.5,1,5,1,,1,,,,,,,,,,,,,,,,,,,1,,,,,,,
2024-10-09,4,"Slept pretty well, tired in the morning though. Getting very frustrated w/ my barrington situation. I can't seem to get anything going and it's feeling like a waste of time for me and a waste of leads for the company. Not sure how to proceed. I don't quit things but this just doesn't seem like it's working out. Took Sammy to soccer, he seems to be getting it a bit more now. I told him a few things after practice and he said ""show me"", which was good.",6,3,1,,1,1,,,,,,,1,5,2,"Low back (SI joint), right knee",,,,1,1,,270,8,405,1275,1330,6,1,5,1,,1,,,,,,,,,,,,,,,,,,,,,,,,,,
2024-10-10,6,"Slept well but didn't really get back to sleep after getting up to pee. Really comfortable though. OK day, not a whole lot to report. Lots of work meetings (4), which was pretty frustrating, plus 3 more for Barrington, but I enjoyed those. Nico had a soccer game, he's still not really putting in much effort but more than he was initially. Goofing around too much still.",5,5,1,,1,1,,1,,,,,,5,1,Low back (SI joint),,,,2,1,,270,0,395,1245,1310,4,1,5,1,,1,,,,,,,,,,,,,,,,,,,,,,,,,,
2024-10-11,5,"Good sleep, woke up at 410 to pee but didn't get up b/c it was close to the alarm. Low back felt pretty decent in my workout today, was able to lift heavier than I have in a while. Did a little work in the morning then took the rest of the day off. Went shopping for the swimmers coming over and Victoria's birthday feast. I got the fire started for the swimmers, talked w/ Larky for a bit, then went upstairs to read - it was too much for me.",6,5,1,,1,1,,,,,,,,5,1,Low back (SI joint),,,,1,1,,250,0,370,1275,1350,4,1,5,1,,1,,,,,,,,,,,,,,,,,1,,1,,,,,,,
2024-10-12,8,"Slept well, pretty comfortable. Spent most of the day prepping for victoria's birthday dinner this evening w/ her friends. I enjoyed the prep work and getting everything ready. The dinner turned out well and they had a good time. The food was good, didn't make as many cocktails as I had expected.",6,5,1,,1,1,,1,,193.2,16.1,,,5,1,Low back (SI joint),,,1,1,,,360,8,445,1320,1380,5,1,5,1,,1,,,,,,,,,,,,,,,,,1,,,,,,,,,
2024-10-13,4,"Took a while to get to sleep, then sleep wasn't the best but OK. Not my favorite day. Breakfast and everything was fine, then we went to a corn maze w/ brian and veronica. It wasn't much fun, sammy was in a turd mood most of the day, and nico was super whiny. Everyone was exhausted and didn't do much the rest of the day. Didn't eat horribly but I ate leftover pasta b/c it wasn't going to last much longer.",4,4,1,,1,,,,,,,,,4,1,Low back (SI joint),,,1,1,,,405,,540,1125,1320,5,1,5,1,,1,,,,,,,,,,,,,,,,,,,,,,,,,,
2024-10-14,5,"Slept well and had a good workout in the morning. SI joint felt less painful. Not much action at work today, stopped a bit early to hang out. Fun tennis match in the evening.",6,5,1,,1,1,1,,,,,,1,5,1,Low back (SI joint),,1,1,1,1,,270,3,380,1305,1380,6.5,1,5,1,,1,,,,,,,1,,,,,,,,,,2,,,,,,,,,
2024-10-15,3,"Good sleep. Slow day again. Sammy's off on fall break and not much for him to do while I'm working and Victoria's out at swimming all day. Pretty crappy day, feeling bad b/c I seem to have lost everything w/ barrington. It's feeling like a waste of time and I don't know how much longer I can keep going w/o any progress. Exhausted in the evening, but needed to get something done today so I went to lowes and got some stuff for my shin saver prototypes. Throat felt a little sore in the evening, might be coming down w/ something.",6,5,1,,1,,,,,,,,1,4,1,Low back (SI joint),1,1,,1,1,,360,2,450,1170,1320,5,1,5,1,,1,,,,,,,,,,,,,,,,,,,,,,,,,,
2024-10-16,4,"Poor sleep. Woke myself up snoring several times. No energy or motivation in the morning. Took a nap on the couch after a quick lift. General malaise this morning. Mood got better throughout the day. Got a contract signed which helped. Sammy had a game this evening. He did OK at first but then made some errors and a goal was scored b/c of him, which he realized and offered up on his own. It's good that he recognizes that.",3,2,1,,1,1,,,,,,,,5,1,Low back (SI joint),1,,,1,1,,180,,465,1230,1310,4,1,5,1,,1,,,,,,,,,,,,,,,,,,,,,,,,,,
2024-10-17,5,"Better sleep but still not good, snoring too much and lots of drainage. Stayed in bed for a while then worked on shin savers prototypes instead of lifting. OK day, feeling better about barrington, better calls for whatever reason. In meetings for a long time today, pretty frustrating. Frustrated w/ victoria - she started ozempic a couple of weeks ago but she still eats like a child.",4,3,1,,1,,,,,,,,,4,1,Low back (SI joint),1,,,1,1,,270,25,450,1235,1310,5,1,5,1,,1,,,,,,,,,,,,,,,,,,,,,,,,,,
2024-10-18,8,"Decent sleep, didn't get up until 415 to pee. Lots of phlegm in the morning and it's pretty cold. Busy and exciting day w/ barrington. I was expecting to get 2 contracts signed but didn't get any unfortunately, but still had a lot of talk time.",5,4,1,,1,1,,,,,,,,5,1,Low back (SI joint),1,,,1,1,,270,18,410,1140,1290,4,1,5,1,,1,,,,,,,,,,,,,,,,,,,,,,,,,,
2024-10-19,4,"Very poor sleep. Lots of phlegm in my throat that kept me up. Woke up around 2, drifted in and out of sleep after that, read for a bit. Took the boys to sammy's pictures and game in the morning. Sammy did better today. Then we went to a trampoline park for a birthday party and home for naps. While everyone napped, I bought a 3d printer for the shin savers thing, excited about that. After that, we went to a halloween thing in downtown summerville and it was pretty miserable, just another way to extract money from you. I ate a good bit of pizza today, don't remember the last time I had it. It was pretty good.",2,3,1,,1,,,,,193.2,16.1,,,4,1,Low back (SI joint),1,,1,1,,,345,,435,1275,1305,4,1,5,1,,1,,,,,,,,,,,,,,,,,,,,,1,1,,,,
2024-10-20,5,"Better sleep but not good. Enjoyed the morning w/ victoria, but she made a point to tell me that she's still mad at me and probably always will be. Did chores in the morning, met w/ Larry about lending for the pool heater, then the cul de sac halloween thing. Enjoyed talking w/ one of the guys there but the food was pretty meh.",4,4,1,,1,,,,,,,1,,6,1,Low back (SI joint),1,,,1,,,360,2,665,1065,1330,4,1,5,1,,1,,,,,,,,,,,,,,,,,1,,,,,,,,,
2024-10-21,5,"OK sleep, still got really stuffy in the morning. Long day, the user conference is this week. Took a while to get into work. Pretty dull but I talked w/ casey for a while and got some other stuff done. Took a while to get home, then I had about an hour before tennis. Good match and my legs were dead by the end of it but no cramps. Adding a banana seems to help. Hit construction work on the way home and it took a long time. In the car for 4+ hours today, got a lot of podcasts in.",5,4,1,,1,1,1,,,,,,,5,1,Low back (SI joint),1,,,1,1,,270,8,365,1310,1415,5,1,5,1,,1,,,,,,,,,,,,,,,1,,1,,,,,,,,,
2024-10-22,5,"Slept well b/c I was exhausted but didn't get enough sleep. Meant to set my alarm for 5 but set it for 5:30, was in a rush to get out the door b/c I had to take Nico and Lena in too. Heavy traffic into work. Trying to take advantage of time in this conference to get other stuff done. Difficult to stay focused and organized. Took an hour and a half to get home and I was exhausted by then. After the kids went to bed, Victoria and I talked more about the pool thing and the VP at SCSC, have a few more options for funding that might not require us to put in any money oursleves. Exhausted at the end of the day.",6,3,1,,1,,,,,,,,,6,1,Low back (SI joint),1,,,2,1,,330,3,410,1125,1320,5,1,5,1,,1,,,,,,,,,,,,,,,,,,,,,,,,,,
2024-10-23,4,"Slept well just not enough. Very tired in the morning. Got to leave earlier for work, not as much traffic. Less stuffy in the morning. Long day at work again and traffic is just draining my energy. Got home just in time to take Sammy to soccer and he actually scored a goal! It was just practice but still awesome. Victoria brought up a disney trip, I told her I'm not going and she insists that she's still going.",6,3,1,,1,,,,,,,,,4,1,Low back (SI joint),,,,1,1,,270,7,390,1215,1310,4,1,,1,,1,,,,,,,,,,,,,,,,,,,,,,,,,,
2024-10-24,4,"Slept well but I either slept through my 4:30 and 6:00 alarms or they didn't go off. I was awake for a bit then realized it was 6:40 and got up in a rush. Traffic wasn't bad fortunately so I got into work just in time. Meeting was a huge waste of time in the morning but I keep reminding myself that they pay me well for this. I worked on plans/projects that I want to do. Soccer again immediately after I got home. Got some tasks done after the kids went to bed. I don't like being super exhausted like this - it's not like I'm doing anything worthwhile and I really think it's the traffic that's exhausing me. However, it is nice having time during the day to think and plan. Need to figure out how to keep that after getting back to work w/ barrington next week.",8,5,,,1,,,,,,,,,6,1,Low back (SI joint),,,1,1,1,,390,,430,1185,1340,3,1,5,1,1,1,,,,,,,,,,,,,,,,,,,,,,,,,,
2024-10-25,8,"Slept well, still exhausted in the morning. Went into work in the morning but only half a day. Instead of jumping on barrington when I got home, I got some of the things done that I lined out previously in the week - building shelves in the shop, setting up the 3d printer, and a few other things. It was nice to get that stuff done. I built a few toys for the kids on the printer and it was fun watching their excitement. I enjoyed teaching sammy how it worked and he had a lot of questions. I got to listen to a lot of podcasts this week, and a lot of them were talking about food quality, sugars, and corporate influence and it has me fired up.",8,3,1,,1,,,,,,,,,6,1,Low back (SI joint),,,1,2,1,,270,2,330,1185,1310,4.5,1,5,1,1,1,,,,,,,,,,,,,,,,,,,,,,,,,,
2024-10-26,6,"Slept well, didn't want to get up and workout but it was important to do so. Nico's last soccer game in the morning, this was his best one yet. Grocery shopping after that, then some chores, then went to a Charleston Battery game w/ some of Sammy's friends and their dad. It was pretty fun.",8,5,1,,1,1,,,,193.4,16.3,,,5,1,Low back (SI joint),,,1,1,,,360,2,480,1350,1395,3,1,5,1,,1,,,,,,,,,,,,,,,,,1,,,,,,,,,
2024-10-27,5,"OK sleep. Didn't do too much today. Went to get house pics for a friend, chores, then got some plywood to finish up shelves in the shop. Nice to get that project done. Also talked w/ Casey on the phone for about an hour and a half, enjoyed the conversation.",5,5,1,,1,,,,,,,1,,5,1,Low back (SI joint),,,1,1,1,,360,2,610,1290,1335,4,1,5,1,,1,,,,,,,,,,,,,,,,,1,,,,,,,,,
2024-10-28,5,"Poor sleep and I slept in b/c I did my at-home sleep study. I laid flatter than usual, had a lot of phlegm buildup and a lot of snoring kept me up. Alarm was set for 530, woke up probably around 5. Pretty dull day, not much to report. Got some work done prototyping my shin savers. Ate clean except I ate a good bit of raviolis that nico and lena didn't eat.",3,4,1,,1,,,,,,,,,5,1,Low back (SI joint),,,1,1,,,300,0,410,1185,1365,5,1,5,1,,1,,,,,,,1,,,,,,,,,,,,,,,,,,,
2024-10-29,5,"Went to sleep too late and couldn't get back to sleep after going pee. Pretty tired in the morning. Also felt like crap after workout for some reason. Headache and general malaise. Lots of wheel-spinning today, just waiting around and some time-wasting on youtube.",4,4,1,,1,1,,,,,,,1,6,1,Low back (SI joint),,,1,1,1,,225,0,425,1155,1330,6,1,5,1,,1,,,,,,,,,,,,,,,,,,,,,,,,,,
2024-10-30,4,"Slept well and comfortably, just not enough. Didn’t feel like a very productive day and I'm getting very frustrated w/ all of my F4 meetings. Susan and Rob are on vacation in chs so they stopped by this afternoon, they're fun to talk to. Sammy had a scrimmage tonight, he had some good moments and some bad ones. Had a few late calls, was supposed to get something wrapped up, but it didn't happen. Stayed up way too late again.",6,4,1,,1,1,,,,,,,,5,1,Low back (SI joint),,,,1,1,,270,3,395,1155,1430,5,1,5,1,,1,,,,,,,,,,,,,,,,,,,,,,,,,,
2024-10-31,3,"Took a while to fall asleep, too much on my mind. Slept OK though, just not enough. Barrington has got me feeling really crappy. I feel like I've failed and it's embarassing. I don't know how to right the ship. Went trick or treating w/ sammy and his friends tonight. He did a good job and he seems to fit in well, which is surprisingly nice.",5,2,1,,1,1,,1,,,,,,5,1,Low back (SI joint),,,,2,1,,270,0,400,1245,1290,4.5,1,5,1,,1,,,,,,,,,,,,,,,,,1,,,,,,,,,
2024-11-01,5,"Slept well and comfortably. Was able to get back to sleep after peeing despite negative thoughts about barrington work. They did distract me a good bit during my workout though. I'm very discouraged. Victoria took the kids up to clemson this morning so just me at home most of the day. I wasted way too much time, but did have a good conversation w/ Matt again. Stayed up way too late again though.",6,4,1,,1,1,,,,,,,,,1,Low back (SI joint),,,,1,1,,270,2,370,1200,1385,4,1,5,1,,1,,,,,,,,,,,,,,,,,,,,,,,,,,
2024-11-02,5,"Slept OK, got a quick workout in, made breakfast, then met Chris to drive up to clemson. Really enjoyed the ride w/ him, we talked about a lot of different things. Got to clemson and for some reason my stomach was extremely bloated all day. Very uncomfortable and I ended up pooping in a porta potty at one point. Put me in a bad mood unfortunately. That being said, I didn't eat much today and the only cheating I did was at breakfast w/ oats and a couple of pieces of bread. Didn't get ice cream at spill the beans, but that was also driven by spite - I don't really like eating that stuff around the grahams for some reason. Casey and his fam came by for a while which was really nice. Unfortunately, I was distracted by my stomach most of the time. Also, we need to get a portable grill for next year. Casey brought one and made some good burgers. Victoria, sammy, and I went into the game for the first half. Sammy had a good time.",6,5,1,,1,1,,,,196.4,16.3,,,4,1,Low back (SI joint),,,,3,,,330,3,390,1080,1380,3,1,5,1,,1,,,,,,,,,,,,,,,,,1,,,,,,,,,
2024-11-03,5,"Slept comfortably but kept waking up. Fortunately, my stomach didn't bother me today. Victoria, Sammy, and I drove back. It was a nice ride - not much traffic and victoria and I talked almost the whole time. Mostly about her family, but still it was nice. Got home, took sammy to a birthday party, then soccer game, then we went grocery shopping. Nico and sammy were getting on each other, nico was whining too much, then Lena threw a tantrum. Victoria lost it this time. It was uncomfortable.",4,5,,,1,,,,,,,,,6,1,Low back (SI joint),,,,1,1,,420,,480,1250,1330,4,1,5,1,,1,,,,,,,,,,,,,,,,,,,,,,,,,,
2024-11-04,5,"Comfortable sleep but woke up a few times. Only light sleep from about 330-430. Very tired when my alarm went off. Chiro today, he said it's more likely my L5 vertabrae instead of my SI joint and I think it makes sense. Unfortunately, that means I need to stay off of the heavy weights for a while. He said 3 weeks then do a light test, could be as long as 6 weeks. Frustrating but I'll give it a shot. Sammy had a tournament game tonight. He didn't play well and a few goals were scored because of him. He was very upset afterwords and was actually crying. However, he did show a lot of progress - He ran harder than I've ever seen him run tonight and he actually looked fast and athletic. Also, the other team was very physical and were committing a lot of fouls that weren't called. At the end of the game, I told him to run into somebody. He did a great job attacking the ball and had a great clear. I was very proud of him for that. We had a talk in the car on the way home, said that it's good that he realizes (and cares) that he gave up goals and that he's made a lot of progress this year. He also knows that he can run hard and be aggressive. I also told him that if he knocks someone over the next time they play then I'll get him ice cream. I was fired up when he performed when I told him to run into somebody. It was a late game and victoria insisted on going w/ nico and lena. They did not behave.",4,2,1,,1,1,,1,,,,,,4,1,Low back (SI joint),,,,2,1,,270,18,405,1065,1320,5.5,1,5,1,,1,,,,,,,1,,,,,,,,,,,,,,,,,,,
2024-11-05,5,"Slept well. Quick workout then cuddling w/ victoria. Stressful w/ the kids in the morning. Not much to report for the day. Sammy had another game tonight, did OK, missed the ball a few times. Ate clean except for dinner. For some reason, I couldn't help myslef from digging into the mac and cheese the kids ate.",6,5,1,,1,1,,1,,,,1,,,1,Low back (SI joint),,,,2,,,270,5,355,1185,1310,5,1,5,1,,1,,,,,,,,,,,,,,,,,1,,,,,,,,,
2024-11-06,6,"Slept well, very comfortable, but very tired in the morning again. Feel like I might be coming down w/ something, or maybe just not enough sleep. OK day, some good Barrington action. I'm close on several again, trying not to get too excited. Sammy's team lost their game this evening so they're done. The coach had some nice words to say about everyone. Sammy didn't play much, but he did pretty well when he was in.",8,2,1,,1,1,,,,,,,,6,1,Low back (SI joint),,,,2,1,,270,18,365,1200,1320,4,1,5,1,,1,,,,,,,,,,,,,,,,,,,,,,,,,,
2024-11-07,8,"Slept well but very tired again. I've been running the F4 meetings which doesn't allow me to get anything done during them but at least it's more engaging. More good barrington conversations, I have two verbals I'm trying to get done by the end of the week. Stayed up way too late again working on F4 stuff that has to get done by next week. Nico was particularly fun and loving this evening. He really liked dinner (pulled pork and zucchini) and helped with laundry. Lena cried a lot.",6,2,1,,1,1,,,,,,,,6,1,Low back (SI joint),,,,1,1,,270,18,390,1260,1380,5,1,5,1,,1,,,,,,,,,,,,,,,,,,,,,,,,,,
2024-11-08,8,"OK sleep but I woke up to pee too close to my alarm and didn't get back to sleep. Skipped workout in the morning to get more work done. I'm also exhausted and can't lift heavy. Very busy day all around. Despite being on work calls for about 2 hours, I was on the phone w/ Barrington for about 3.5 hours. Good conversations and I've got some good momentum right now. Something will turn soon. I've actually enjoyed some of the barrington meetings since I've started driving. It's more engaging.",4,2,1,,1,,,,,,,,1,6,1,Low back (SI joint),,,,1,1,,270,18,450,1200,1340,5,1,5,1,,1,,,,,,,,,,,,,,,,,1,,,,,,,,,
2024-11-09,8,"Poor sleep - Nico was up all night crying and throwing up. Good day today though. We had a couple of plans but they got cancelled b/c nico was sick, so I got a lot of cooking done. Started on a sourdough loaf, made a pot roast, made grits from scratch. Nico was just watching tv all day b/c he was sick, so when lena went down for a nap I took sammy outside and we played some football and soccer in the front yard. Needed more space, so we walked down to his school playground. He talked the whole way there, it was nice bonding. Then we played soccer for a bit more, then kickball. Man, does he cheat. We had a lot of fun though. We held hands the whole way home and he had me move him all over then yell at him for not walking in a straight line. Fun times. Then everyone else went to church, so Nico and I went grocery shopping. We had a good time. The kids are good and fun when they're one on one.",3,3,,,1,,,,,194,15.7,1,,6,1,Low back (SI joint),,,,1,,,390,,560,1275,1340,5,1,5,1,,1,,,,,,,,,,,,,,,,,,,,,,,,,,
2024-11-10,8,"Slept pretty well, super tired when my alarm went off at 6, had to pry my eyes open. Lots more cooking today, had the grahams over for brunch. Food turned out great. Also cooked a sourdough loaf that turned out well.",6,2,1,,1,,,,,,,,,6,1,Low back (SI joint),,,,1,,,360,20,540,1215,1350,4,1,5,1,,1,,,,,,,,,,,,,,,,,1,,,,1,,,,,
2024-11-11,6,"Slept pretty well, super tired again. Really need to get to sleep earlier. 2 contracts today, but still feeling shaky w/ Barrington. Also wasn't feeling 100% conversationally so I didn't do as much as I would have liked. Sammys friend Ryder was over for a while today, it's fun watching them play together.",6,3,1,,1,1,,,,,,,,6,1,Low back (SI joint),,,,1,1,,270,15,410,1280,1350,5,1,5,1,,1,,,,,,,,,,,,,,,,,,,,,,,,,,
2024-11-12,6,"Slept well. Had to go into the office for about half the day, then a meeting. Didn't get much done for Barrington. Coached Nico's first practice tonight, it was pretty fun. Worked on 7 fishes dinner menu in the evening.",6,4,1,,1,,,,,,,,,6,1,Low back (SI joint),,,,1,1,,300,5,360,1170,1310,5,1,5,1,1,1,,,,,,,,,,,,,,,,,,,,,,,,,,
2024-11-13,6,"Comfortable sleep. OK day, not much to report.",6,5,1,,1,1,,,,,,,,6,1,Low back (SI joint),,,,2,1,,270,6,390,1260,1330,5,1,5,1,,1,,,,,,,,,,,,,,,,,,,,,,,,,,
2024-11-14,5,"Slept well and through the night. Don't feel like I got much done today, but I stayed busy. Got pics in the morning, meetings, made dinner, then found recipes for 7 fishes dinner.",8,4,1,,1,1,,,,,,1,,6,1,Low back (SI joint),,,,1,1,,270,5,410,1120,1340,5,1,5,1,,1,,,,,,,,,,,,,,,,,,,1,,,,,,,
2024-11-15,8,"Slept well. In-office Barrington day, really enjoyed it. Lots of good information and had fun hanging out. Excited about the upcoming call criteria reviews. Got home and found out I'd have to work a bit over the weekend, but nocked it out tonight fortunately.",6,3,1,,1,1,,,,,,,,6,1,Low back (SI joint),,,,2,,1,270,32,385,1185,1330,4.5,1,5,1,,1,,,,,,,,,,,,,,,1,,,,,,,,,,,
2024-11-16,5,"Slept well. Got a quick workout in this morning. Mostly chores today. Spent a while outside repotting plants and cleaning up the deck. Went to dinner w/ the grahams after church at the Greek place, it was bad again, I'm not going back.",6,4,1,,1,1,,1,,197.8,16.5,,,5,1,Low back (SI joint),,,,2,,,360,12,500,1275,1360,3.5,1,5,1,,1,,,,,,,,,,,,,,,,,,,,,,,,,,
2024-11-17,6,"Slept pretty well, had some entertaining dreams. Tried going back to sleep after my alarm but it didn't stick. OK day, more chores then grilled and had lunch w/ the grahams. Played pickleball after for a while. More chores and cooking after we got home.",6,4,1,,1,,,,,,,,,5,1,Low back (SI joint),,,,1,1,,360,,510,1305,1310,4,1,5,1,,1,,,,,,,,,,,,,,,,,,,,,,,,,,
2024-11-18,6,"OK sleep but stayed awake for a while after getting up to pee. Had a couple of thoughts and to-dos cycling through my head. Busy day, semi-productive. I made meatloaf but added too much salt, felt bad about that. Good tennis match in the evening.",4,4,1,,1,1,1,,,,,,1,6,1,Low back (SI joint),,,,1,1,,270,4,350,1305,1350,5.5,1,5,1,,1,,,,,,,,,,,,,,,,,1,,,,,,,,,
2024-11-19,5,"Slept OK. Set alarm for 6, felt like it was too long. Lena's home today b/c she's sick, but she's fine. Frustrating that daycare took her temp at all yesterday. Cooking in the evening.",5,5,1,,1,,,,,,,,,6,1,Low back (SI joint),,1,,1,1,,360,0,405,1260,1350,5,1,5,1,,1,,,,,,,,,,,,,,,,,,,,,,,,,,
2024-11-20,4,"Slept well but pretty tired in the morning. Was excited about work today, had a number of good calls lined up but they were all a bust. Very frustrating and disappointing, pretty deflated by the end of the day. Victoria had some friends over in the evening, I got caught up on some stuff but also wasted some time. I've been marking myself as eating clean, but I've been having a slice of bread and a few other small snacks the past couple of days. Need to cut that out.",5,3,1,,1,1,,,,,,,,6,1,Low back (SI joint),,1,,1,1,,270,20,375,1210,1340,5,1,5,1,,1,,,,,,,,,,,,,,,,,,,,,,,,,,
2024-11-21,3,"Slept well, was ready to get up when my alarm went off but stayed in bed anyway. I've got some kind of pavlovian response going on that I need to break. Still pretty down from yesterday, didn't have a whole lot of motivation. Also stuck in meetings for a while. Victoria wanted to take the kids to the third thursday thing, I went b/c I felt obligated to and it was pretty miserable. They got hot dogs for dinner then kona ice, and Lena turned into a monster after that. Victoria was pissed off at me for how I was acting, I was annoyed that we went at all. I was super exhausted so I went upstairs around 8 and read for a while.",5,4,1,,1,1,,1,,,,,1,4,1,Low back (SI joint),,1,,1,1,,270,7,375,1185,1280,4,1,5,1,,1,,,,,,,,,,,,,,,,,,,,,,,,,,
2024-11-22,5,"Slept OK but a little restless and didn't feel like great sleep. Not much going on during the day, made dinner then watched tv the rest of the night.",5,5,1,1,1,1,,,,,,,1,6,1,Low back (SI joint),,1,,1,,,270,0,385,1125,1350,4.5,1,5,1,,1,,,,,,,,,,,,,,,,,,,,,,,,,,
2024-11-23,4,"OK sleep. Nico's first game was today and it was a lot of fun. Victoria was helping sofia w/ something so it was just me and the boys. Nico scored did much better than last season and tried harder, actually scored a goal. Went grocery shopping then got ice cream. Nico had a play date w/ Graham. Victoria was supposed to be back to take them somewhere, but she never came back so I had to entertain/monitor them all day. That was very annoying, but I should have anticipated it. While they were playing, I did some 3D printing/modeling w/ Sammy, then mostly just putzed around. We all went to the playground, I played kickball w/ sam while the other two played on the equipment. That kind of petered out, then we came home and I let them watch a movie until it was time to go. Went to church, then dinner and games at the grahams.",6,5,1,,1,,,,,196.2,15.9,,,4,1,Low back (SI joint),,1,,1,,,360,10,450,1305,1360,3.5,1,5,1,,1,,,,,,,,,,,,,,,,,1,,,,,,,,,
2024-11-24,6,"Decent sleep, woke up a little before my alarm. Tried to fool around in the morning but too many distractions, put us both in a bad mood. Went about the normal day, put the kids down to nap, then victoria said we should try again and we were both in a better mood after that. Credit to victoria for that. Went shopping for thanksgiving supplies, then chores and cooking. Watched home alone w/ sammy in the evening, it was fun watching him laugh and mckauley caulkin reminds us of nico.",5,5,1,,1,,,,,,,1,,6,1,Low back (SI joint),,1,,2,1,,360,4,540,1290,1320,4,1,5,1,,1,,,,,,,,,,,,,,,,,1,,,,,,,,,
2024-11-25,6,"OK sleep, took a bit to fall back asleep after peeing and it was light sleep when I did. Light squat workout in the morning, still hurts but I don't think it's my disc, I think it's something along my iliac crest. Discussed this w/ my chiro, he said it's likely my QL muscle and it seems to track. Going to get a massage next week to see what shakes out. Busy day at work, not much to show for it again. Played cards w/ sammy in the evening, taught him rummy.",5,5,1,,1,1,,,,,,1,,6,1,Low back (SI joint),,1,,2,1,,270,0,390,1260,1325,4.5,1,5,1,,1,,,,,,,1,,,,,,,,,,,,,,,,,,,
2024-11-26,5,"Slept well. OK day, felt like I wasted too much time. I got 2 contracts, not sure how I feel about them though. Did some more cooking for thanksgiving in the evening.",6,5,1,,1,1,,,,,,,,5,1,Low back (SI joint),,1,,2,1,,270,9,375,1260,1350,5,1,5,1,,1,,,,,,,1,,,,,,,,,,,,,,,,,,,
2024-11-27,6,"Slept well but apparently I was super tired and fell back asleep after my alarm for about an hour. Drove down to Chris' in-laws and hung out at their house for a while. Had a good time, then went to the air bnb. Kids went to sleep right away which was nice.",6,2,1,,1,,,,,,,,,6,1,Low back (SI joint),,1,,1,1,,330,9,475,1260,1290,4,1,5,1,,1,,,,,,,,,,,,,,,,,,,,,1,,,,,
2024-11-28,6,"Poor sleep - we were on a full size bed, not enough room, and it was warm. Nico an Lena slept on the floor and they did well. Did a little cooking in the air bnb then went over to John and Jeanelle's. Pickleball at 11, that was fun, but nobody else was super competative. Sammy didn't want to play w/ me, I think it's b/c I don't let him win. Back to the house, we did food prep, snacking, then dinner. Had a good time, then just hung out after. Would have been nice to play a game or something but everyone else was having fun talking. Sammy and Nico were not super well behaved.",3,4,,,1,1,,,,,,,,6,1,Low back (SI joint),,,,1,,1,390,,510,1245,1350,3.5,1,5,1,,1,,,,,,,,,,,,,,,,,,,,,,,,,,
2024-11-29,5,"Poor sleep again. Got up and started getting ready. Sammy kept bothering Nico so I took him upstairs to have a talk. He said we don't give him enough attention. I don't know if I should believe him or if he is just saying what he thinks he should. Went to a playground on the way out, then the kids slept for a large part of the ride home. Got home and did some cleaning, moved plants inside b/c it's going to be cold tonight, then put christmas stuff up. Casey came over in the evening to hang out.",3,4,,,1,,,,,,,1,,6,1,Low back (SI joint),,,,1,1,,390,,540,870,1350,3.5,1,5,1,,1,,,,,,,,,,,,,,,,,,,,,,,,,,
2024-11-30,6,"Nice to sleep in our bed again. Worked out w/ Casey in the morning then hung out for a while. Went over to Larry's to watch the game, then went to church, dinner w/ the kids, then victoria and I hung out on the couch. Didn't get much done today.",6,4,1,,1,1,,,,198,16.7,,,6,1,Low back (SI joint),,,,2,,,360,10,540,1230,1365,3.5,1,5,1,,1,,,,,,,,,,,,,,,,,,,,,,,,,,
2024-12-01,5,"Not great sleep - didn't feel very deep and woke up around 530 on my own. Mostly chores today. Did a lot of cleaning for the cleaner coming tomorrow, repotted some plants, and did some cooking. I spent a while getting the 3D printer working and was able to successfully print my shin savers. Things are tough w/ Sammy right now. He and Nico are always getting on each other and Sammy just seems to have a difficult personality. He thinks he's really smart and is always trying to correct people. I see a lot of myself in him and it's really annoying.",4,4,1,,1,,,,,,,1,,5,1,Low back (SI joint),,,,1,1,,330,,540,1230,1335,4.5,1,5,1,,1,,,,,,,,,,,,,,,,,1,,,,,,,,,
2024-12-02,5,"OK sleep but it felt very light and I woke up probably 30 minutes before my alarm. Despite that, I still stayed in bed after. Took the kids to school and the van wouldn't start in the parking lot. I was pissed and didn't control myslef well. Got it towed, turns out it was the battery. We picked it up later in the day. Didn't get much work done today. Had a massage and chiro appt. The massage was OK, pretty tense, and it seems to have confirmed that it's my QL muscle. It doesn't help that many of the tendons in the front of my hip and my IT band are super tight as well. Spent a lot of time shopping online today too.",4,4,1,,1,1,,,,,,,,6,1,Low back (SI joint),,,,1,1,,240,11,400,1220,1325,5,1,5,1,,1,,,,,,,1,,,,,,,,,,,,,,,,,,,
2024-12-03,5,"Slept well but still tired in the morning, kind of fell back asleep. Not much motivation for lifting either. F4 work meetings are continuing, pretty annoyed by that - I thought they were done for a while. Stayed busy w/ Barrington as well. Nico's soccer practice was tonight and he didn't behave well. We were supposed to go to the christmas tree lighting downtown, but didn't b/c of Nico and Lena's behavior. I was pretty OK w/ that but knew victoria was disappointed.",5,2,1,,1,1,,,,,,,,5,1,Low back (SI joint),,,,1,1,,270,30,405,1140,1320,5,1,5,1,,1,,,,,,,,,,,,,,,,,,,,,,,,,,
2024-12-04,6,"Better sleep, still couldn't get myself out of bed in a reasonable amount of time. Not much to report for the day. Signed up for Deal Machine w/ Matt, tentatively excited about it.",6,3,1,,1,1,,,,,,,1,6,1,Low back (SI joint),,,,1,1,,270,17,365,1170,1320,4.5,1,5,1,,1,,,,,,,,,,,,,,,,,,,,,,,,,,
2024-12-05,5,"Slept well but still tough to get out of bed. Too much time in meetings and F4 work today. My F4 boss also called me, said that the government is going to be calling people back into the office in January. He was supportive and will work w/ me, but we'll see what happens. Had more time to myself in the evening but wasted too much of it on youtube again.",6,3,1,,1,1,,,,,,,,6,1,Low back (SI joint),,,,1,1,,270,20,410,1260,1330,4.5,1,5,1,,1,,,,,,,,,,,,,,,,,,,,,,,,,,
2024-12-06,5,"Slept well, still tired. I wonder if I have some kind of cold or something. Drove into work early to sign in, got back quickly. Pretty slow day again, not much going on. Victoria and I got in an argument - sammy asked me if he could keep a ball that victoria said to give away, she got mad b/c I didn't have her back, I said (in front of sammy) I guess it only goes one way, and she flipped out. Anyway, after that we went to dinner and the living nativity w/ the grahams.",8,3,1,,1,,,,,,,,1,4,1,Low back (SI joint),,,,1,1,,270,18,440,1080,1275,4.5,1,5,1,1,1,,,,,,,,,,,,,,,,,,,,,,,,,,
2024-12-07,3,"Slept well and comfortably. Quick workout in the morning of kb swings and chinups. Busy day. Nico had a soccer game. It was super cold and the other team was pretty good. Grocery shopping, then I got some F4 work done while Lena napped and victoria and the boys did some cookie decorating. Then we went to a movie, church, then dinner. When we were going to bed, I made a joke about victoria being like marcie and that set her off. She was going to leave the house but we argued for probably about an hour. I guess I've been more quippy recently and it's gotten to her, then I don't acknowledge it or apologize for it. I slept on the couch. We had gotten into an argument earlier in the day too - someone in the neighborhood was giving away free Panera and I had some comments about it. I'm wondering if this was a hormonal thing. Started feeling a little sick today too - light headed and a little achey.",8,4,1,,1,1,,,,197.8,16.5,,,2,1,Low back (SI joint),1,,,1,,,360,12,450,1185,1335,5,1,5,1,,1,,,,,,,,,,,,,,,,,1,,,,,,,,,
2024-12-08,3,"Slept OK, got up several times to pee. Cycled b/w hot and cold, but I think it was b/c of the HVAC, not my cold. Pretty rough today. Dizzy, light headed, and achey. I played a couple of games w/ Nico then watched a few movies w/ him. Everyone was out for the afternoon and I just napped/hung out on the couch. Not cool to waste so much time but couldn't do much else.",4,3,,,1,,,,,,,,,3,1,Low back (SI joint),1,,,1,1,,405,,495,1065,1280,4,1,5,1,,1,,,,,,,,,,,,,,,,,,,,,,,,,,
2024-12-09,3,"Slept comfortably but still sick. Got Sammy out the door then got back on the couch. Couldn't even sit at my computer for a while. Felt better after a shower and motrin, but hung out on the couch for most of the day. Oscillating b/w hot and cold.",5,3,1,,1,,,,,,,,,5,1,Low back (SI joint),1,,,1,1,,360,,510,1170,1340,3,1,5,1,,1,,,,,,,,,,,,,,,,,2,,,,,1,,,,
2024-12-10,4,"Comfortable sleep but woke up drenched and freezing cold. Still pretty bad, 101 fever. Went to the doctor and I have pneumonia. Was able to function in the afternoon/evening w/ the kids and work, made them dinner, then hung out on the couch after. Started taking the antibiotics.",5,3,,,1,,,,,,,,1,5,1,Low back (SI joint),1,,,1,1,,330,,450,1155,1320,4,1,5,1,,1,,,,,,,,,,,,,,,,,,,,,,,,,,
2024-12-11,4,"Slept OK but sweatted through my t-shirt and then my sweatshirt, which is nuts. I was freezing cold while I could feel the sweat dripping off of me. Was OK in the morning, but then had to lay down again. Energy comes in waves. Forced myself to eat. Got a little bit of work done. Picked sammy up from school at early dismissal. He did some work and playing while I did a little more work, then we watched a movie. Everyone else went out for the evening, I got a few chores done and rested more.",5,3,,,1,,,,,,,,,5,1,Low back (SI joint),1,,,2,1,,360,,490,1110,1320,4,1,5,1,,1,,,,,,,,,,,,,,,,,1,,,,,,,,,
2024-12-12,4,"Pretty good sleep, sweatted through another two shirts. Much better today but not 100% yet. No aches/pains (low back actually feels pretty good) but I can tell I don't have much stamina. Not back 100% mentally either, difficult to keep things straightened out. Several work meetings that were completely soul-crushing. I don't care at all about anything that was discussed and it didn't help me do my job. I really want to quit F4 but don't have anything reliable to fall back on. Victoria got her period today, I think that might correlate w/ the blowup on saturday.",5,5,,,1,,,,,,,,,5,1,Low back (SI joint),1,,,1,1,,360,,410,990,1320,3.5,1,5,1,,1,,,,,,,,,,,,,,,1,,,,,,1,,,,,
2024-12-13,5,"Slept well, still sweat through a shirt. Light workout in the morning, didn't want to push too hard. Good conversation w/ Luke in the morning, pretty dull day otherwise. Still not feeling much motivation at all for anything. I had the kids in the evening while victoria was out and everyone was well-behaved. They enjoyed dinner (chicken breast, black beans, and eggs) then we all hung out in the garage while sammy and I assembled some new gym equipment.",5,5,1,,1,1,,,,,,,1,6,1,Low back (SI joint),1,,,1,1,,270,5,400,1110,1290,4,1,5,1,,1,,,,,,,,,,,,,,,,,,,,,,,,,,
2024-12-14,6,"Finally slept back in the bed. Slept pretty well, but Nico came in and started coughing around 5ish. Quick workout in the morning, did petty well. Nico's soccer game in the morning. It was just him and Oliver against 3 or 4 kids. Nico scored 4 goals! Instead of ice cream, victoria got him to say he wanted donuts so we went to krispy kreme. I was not happy about that b/c of course it's fucking donuts. I'm not sure what exactly it is about donuts, but they're a particular trigger for me. Grocery shopping after that, came home for lunch, then victoria had another swim thing to observe. The kids played for a bit, then took a nap (Nico didn't though), then I took them to the Asian market. They had a good time and liked looking at all of the cool stuff. We got a few treats. I'm glad it was a good experience going there. In bad news, it looks like victoria might be coming down w/ pneumonia now.",5,5,1,,1,1,,,,195,15.7,,,4,1,Low back (SI joint),1,,,1,,,300,,465,1220,1320,4,1,5,1,,1,,,,,,,,,,,,,,,,,,,,,,,,,,
2024-12-15,5,"Slept pretty well, woke up on my own around 5:30. Wanted to sleep longer but had to poop. Tried going back to sleep, but had to poop again - ate some really spicy ramen for dinner last night. Pretty dull day. Victoria went out to get her nails done and I went outside w/ the kids. I worked in the shed a bit. Nico and Lena played well together, but Sammy was a pain. He went over and bothered Nico then started tearing apart the swing, so I brought him in and hit him w/ the spoon. His behavior has been very frustrating recently. Didn't do much the rest of the day. Packed some stuff for the PTA, did some cooking, etc.",5,4,1,,1,,,,,,,,,5,1,Low back (SI joint),1,,,3,1,,330,,465,1110,1275,5,1,5,1,,1,,,,,,,,,,,,,,,,,1,,,,,,,,,
2024-12-16,4,"Poor sleep. Woke up shortly after going to sleep to pee then I think I got up two more times in the night. Couldn't really get comfortable. Dull day at work, had several pointless conversations. Tennis w/ sammy and victoria, picked up the littles, then went to the lights. It was super crowded and we didn't get to do ""everything"" so victoria was disappointed.",3,4,1,,1,1,,,,,,1,,4,1,Low back (SI joint),,,,1,1,,270,0,395,1250,1390,4,1,5,1,,1,,,,,,,,,,,,,,,,,,,,,,,,,,
2024-12-17,4,"Not great sleep. Slept in b/c went to bed so late, then sadie woke me up a few times. Pretty tired in the morning and not in a good mood. Feeling kind of depressed for some reason. I'm wondering if it's a side effect of the antibiotics, need to get on some probiotics. Pretty slow day, didn't do a whole lot.",4,3,1,,1,,,,,,,,,5,1,Low back (SI joint),,,,1,1,,360,0,445,1125,1295,4.5,1,5,1,,1,,,,,,,,,,,,,,,,,,,,,,,,,,
2024-12-18,5,"Slept better but struggled to get back to sleep after getting up to pee. Still not in a great mood today, but better than yesterday. Not much going on w/ Barrington, although I did have two successful PR calls today. Just me and Lena in the evening, we had fun cooking, playing, then cuddling. She did great and even asked to go to bed at 7. I wasted time after that for about 45 minutes, then got some F4 work done. I had my annual review today, they said I'm doing a great job but I'm still going to have to come into the office a few days/week. It's bullshit. Ate clean except for a little cookie dough when I was making cookies in the evening.",5,4,1,,1,1,,,,,,,1,5,1,Low back (SI joint),,,,1,,,270,15,390,1335,1310,5,1,5,1,,1,,,,,,,1,,,,,,,,,,1,,,,,,,,,
2024-12-19,4,"Pretty good sleep but still tired when the alarm went off. Still kind of depressed/sad. Slow day again w/ barrington, got some F4 work done too. Nico had his performance, wasn't as good as last year but he seemed super tired from staying up late last night. Sammy's was in the evening, it was weird. He did ok, but the performance itself was odd. Finished Modern Family in the evening, kind of sad to have that end.",6,3,1,,1,1,,,,,,,,4,1,Low back (SI joint),,,,1,,,270,20,375,1020,1320,4.5,1,5,1,,1,,,,,,,,,,,,,,,,,,,,,,,,,,
2024-12-20,5,"Decent sleep, woke up at 4 to pee unfortunately. Got back to sleep but wasn't much. OK workout in the morning, I tested out my shin savers w/ deadlifts and I think the proof of concept worked. OK day, not too much happened. Stopped working a little early, watched a movie w/ the family. Wrapped presents after the kids went to bed.",6,5,1,,1,1,,,,,,,,5,1,Low back (SI joint),,,,1,1,,270,0,395,1125,1365,4,1,5,1,,1,,,,,,,,,,,,,,,,,,,,,,,,,,
2024-12-21,6,"Good sleep, stayed in bed to cuddle. Nico had a game this morning, it went pretty well. Prep work for 7 fishes (just grocery shopping so far), then I went over to help Steven w/ a shed, that took a while. Came back home, made some fried chicken tenders and fried pickles, and headed back to steven/kelcie's to hang out and watch the game. Pretty fun. Came back and did some mis en place. Was going to eat clean today and I did up until dinner.",6,5,,,1,,,,,,,1,,5,1,Low back (SI joint),,,,1,,,360,,475,1335,1365,4.5,1,5,1,,1,,,,,,,,,,,,,,,,,,,,,,,,,,
2024-12-22,5,"Good sleep, tried to go back to sleep but it didn't take. HVAC isn't working again, was in a bad mood in the morning b/c of it. Went over to Steven's to help again w/ the shed for a few hours, then came back for more mis en place. Spent most of the rest of the day getting ready for the feast tomorrow. I don't feel as prepared as last year. The boys had their piano recital tonight as well and they both did really well. Didn't eat a whole lot today. Ate clean except for some cake batter and a few snacks after the boys' recital. Went to sleep super late.",5,4,,,1,1,,,,197.8,15.8,1,,5,1,Low back (SI joint),,,,2,,,360,20,455,1125,30,3.5,1,5,1,,1,,,,,,,,,,,,,,,,,,,,,,,,,,
2024-12-23,6,"Slept well but woke up on my own at 4:30. I had turned that alarm off but woke up anyway. Couldn't get back to sleep, super tired in the morning. Got a quick workout in - just some air bike and stretching. Did a little barrington work in the morning then the rest of the day was spent doing the 7 fishes dinner. Most items turned out well. The most popular dish was the shrimp curry, surprisingly. The fish fillets were not good. I actually didn't eat much at all - didn't have much of an appetite for some reason.",5,2,1,,1,1,,,,,,,,6,1,Low back (SI joint),,,,1,,,270,,400,1320,1410,4,1,5,1,,1,,,,,,,,,,,,,,,,,1,,1,,,,,,,
2024-12-24,6,"Slept pretty well and turned off my alarms. OK day, went to a christmas party w/ a lot of the neighborhood people. Rode in Ed's Tesla - I really want one now. It was a lot of fun. Church in the early evening then went over to the Grahams for dinner.",6,5,,,1,,,,,,,1,,6,1,Low back (SI joint),,,,1,,1,465,,645,1200,1365,4,1,5,1,,1,,,,,,,,,,,,,,,,,1,,,,,,,,,
2024-12-25,8,"Good sleep. Got a quick workout in, feeling super chubby recently. I haven't been eating clean all day, just a few meals/snacks throughout the past couple of days. Enjoyed opening presents w/ the kids, then over to the grahams. Played a couple of games before heading home to bed.",6,5,1,,1,1,,,,,,,,6,1,Low back (SI joint),,,,1,,2,300,6,400,1200,1380,4,1,5,1,,1,,,,,,,,,,,,,,,,,,,1,,1,,,,,
2024-12-26,4,"Slept well but had to get up really early for the flight. Kids did pretty well, then the drive to state college was a little rougher but better than flying/layovers. Lots of people were at grandma's and I felt very overwhelmed and uncomfortable. Right shoulder was painful, not really sure why though.",5,3,1,,1,,,,,,,,,6,2,"Low back (SI joint), right shoulder",,,,1,,,180,0,600,1170,,2,1,5,1,,1,,,,,,,,,,,,,,,,,,,1,,,,,,,
2024-12-27,6,"Slept OK, snored a lot and hard to get comfortable. Went over to grandma's and hung out all day. Helped Doug w/ firewood, sammy and nico enjoyed helping too. The kids got too rambunctious at the end of the day.",4,5,,,1,,,,,,,1,,6,2,"Low back (SI joint), right shoulder",,,,1,,,405,,510,1245,,2,1,5,1,,1,,,,,,,,,,,,,,,,,1,,,,,,,,,
2024-12-28,5,"Poor sleep, couldn't get comfortable. Went to grandma's to say by to dad and deb, then went downtown w/ the kids. Went to the library, then lunch at a french place (used to be baby's), then drove around for a while, nittany lion shrine, got ice cream, took some back to grandma, then got indian. All of the kids actually liked it a lot, which was cool and surprising.",3,4,,,1,,,,,,,,,6,1,Low back (SI joint),,,,1,,,345,,480,1170,,2.5,1,5,1,,1,,,,,,,,,,,,,,,,,,,,,,,,,,
2024-12-29,4,"Poor sleep again, couldn't get comfortable and slept w/ victoria in a small bed. Said goodbye to grandma and doug in the morning, then drove to philly. The kids didn't behave too well on the drive. First stop was the Rocky steps, that was cool, then we went to a couple of other stops. Went to get cheese steaks, but I had to pee so bad that I couldn't focus. My kidneys were actually hurting. The sandwiches were extremely disappointing. So was the pizza. Drove to baltimore and had to entertain the kids in the airport for a few hours. The boys did well on the flight but Lena did not. Got home very late and very tired.",3,4,,,1,,,,,,,,,5,1,Low back (SI joint),,,,1,,,375,,435,1140,70,2.5,1,5,1,,1,,,,,,,,,,,,,,,,,1,,,,,,,,,
2024-12-30,8,"Good sleep just not enough. Drove to greenville to hang out w/ ben, joe, and casey. Got to casey's and we hung out for a bit before getting lunch. Started talking about politics, specifically the healthcare CEO shooting. Casey's been very negative on America lately, specifically about our overthrowing other governments and covert wars and everything, also was ok w/ the vigilante justice. I acknowledged that we did some bad stuff in the past but overall we're still the best country and we're not taking over the world like we could, and also that vigilanteism isn't the right answer. It got quiet and uncomfortable for a while then he changed the subject. It was different after that. Anyway, got lunch, played frolf, pickleball, and tennis, had a good time, then got dinner and hung out at Ben's before going back to casey's.",6,4,1,,1,,1,,,,,,,5,1,Low back (SI joint),,,,1,,,360,8,410,1320,1390,4,1,5,1,,1,,,,,,,,,,,,,,,,,1,,1,,,,,,,
2024-12-31,5,"OK sleep but woke up before I wanted to. Drove back home, then went to the park circle park, lunch at a columbian place, then hung out at the grahams.",5,5,,,1,,,,,,,,,6,1,Low back (SI joint),,,,3,,,420,,500,1230,1335,4,1,5,1,,1,,,,,,,,,,,,,,,,,,,,,,,,,,
2025-01-01,4,"Slept pretty well. Got a workout in, then some cleaning. Went over to Kelcie's, had fun hanging out. Came back home for Lena's nap and we took down christmas stuff, did some cleaning and organizing, then went over to the graham's. Helped sofia and brian put together a shelf, which they kind of reluctantly asked for my help. It was a little uncomfortable. Seemed like a wasted evening though.",6,5,1,,1,1,,,,,,,,6,1,Low back (SI joint),,,,1,,,360,3,465,1065,1305,4,1,5,1,,1,,,,,,,,,,,,,,,,,,,,,,,,,,
2025-01-02,5,"Frustrating sleep. Very comfortable, but woke up a few times, took a while to get back to sleep after peeing, and woke up before my alarm. I think it might be b/c I ate too far from bedtime. Starting to sleep until 445 as well, see if that extra 15 minutes helps. Lots of calls w/ Barrington today, not a whole lot of action though. Got a few other personal real estate items taken care of .",4,5,1,,1,1,,,,,,,,6,1,Low back (SI joint),,,,1,1,,285,0,380,1260,1305,4.5,1,5,1,,1,,,,,,,,,,,,,,,,,,,,,,,,,,
2025-01-03,6,"Good sleep. Comfortable all night and was able to get back to sleep after waking up. I think it helped that I ate closer to bed time. Had to mentally yell at myself to get up in the morning, I'm tired of wasting time in bed. Drove into work to sign into my account then got home, made breakfast, and got back to work. Pretty regular day, had a few good conversations, then cut out a little early to hang out w/ the boys. We rode bikes for a bit (used the towel method w/ Nico) then played catch. Everybody actually enjoyed it for a little while. It was fun. Came in for dinner, Victoria was super stressed. She's been even more high strung recently, not sure why.",8,5,1,,1,1,,,,,,,,6,1,Low back (SI joint),,,,1,1,,285,0,385,1270,1305,5,1,5,1,1,1,,,,,,,,,,,,,,,,,,,,,,,,,,
2025-01-04,8,"Good sleep but my alarm went off at 4:45 and I thought it was 6, only got light sleep after that. Frustrating. Pretty relaxing day - the boys went over to the grahams for most of the day, sofia took them to the movies. Just me, victoria, and lena. We worked on organizing the house and everything. Started only having one cheat meal instead of a whole cheat day. Good practice for discipline - I definitely would have eaten more crap but I was successful. Made some beefy pasta, it turned out well. I made a comment this evening to victoria about spending the whole evening on facebook, I need to stop w/ those comments. She was upset and said she wasn't on facebook all evening. I don't believe her, but I don't need to comment on it either way.",6,5,1,,1,,,,,196.6,16.1,1,,5,1,Low back (SI joint),,,,1,,,360,4,600,1350,1300,4,1,5,1,,1,,,,,,,,1,,,,,,,,,1,,,,,,,,,
2025-01-05,4,"Not the best sleep. Woke up twice to pee (drank a lot right before bed) and I woke up before my alarm. Snored a lot too. OK day, mostly did cooking and chores, but victoria wanted us to all go to the pool in the afternoon. Man, I hate the pool apparently. I played w/ Lena the whole time and it was fine for the first half hour or so, but then she was about done. More chores and cooking in the afternoon, then victoria and I started the witcher in the evening.",4,5,1,,1,1,,1,,,,,,5,1,Low back (SI joint),,,,1,1,,360,3,440,1270,1295,5,1,5,1,,1,,,,,,,,,,,,,,,,,,,,,,,,,,
2025-01-06,6,"Not great sleep again. Felt pretty light and I woke up before my alarm again. I don't think I ate enough close enough to bed time. I just had a couple of pieces of cheese before going upstairs, likely not enough. Busy day w/ Barrington and got a contract.",4,5,1,,1,1,,,,,,,,6,1,Low back (SI joint),,1,,1,1,,270,0,390,1245,1320,5,1,5,1,,1,,,,,,,,,,,,,,,,,,,,,,,,,,
2025-01-07,6,"Slept OK but alarm didn't go off in the morning. Got a quick workout in anyway. Pretty average day, had a lot of barrington activity but nothing really good. Tennis in the evening was nice. Ate clean except I had a lot of dried fruit for lunch for some reason (sugar added) then victoria made this ham/cheese/potato pie thing for dinner and I had some of that. Not too much dirty food, but enough.",6,6,1,,1,1,1,,,,,1,,6,1,Low back (SI joint),,1,,1,,,315,0,390,1260,1320,5,1,5,1,,1,,,,,,,,,,,,,,,,,1,,,,1,,,,,
2025-01-08,5,"Decent sleep but apparently I was pretty tired, went right back to sleep after my alarm. Woke up again around 520 but decided to just ride it out, slept until 6. Had to start going into work today. Waited until 9 or so to leave and then went home around 12:45. Waste of time, but at least it wasn't all day. Neck has been bothering me so I went to the chiro, seems to have helped.",6,6,1,,1,,,,,,,,,5,2,"Low back (SI joint), neck",,1,,1,1,,360,0,410,1230,1300,4,1,5,1,,1,,,,,,,1,,,,,,,,1,,,,,,,,,,,
2025-01-09,5,"Good sleep, still tired in the morning though. Barrington leads aren't too hot right now so just slogging through. Need to focus more time/energy on my own deals and finding them. Tennis w/ sammy and victoria in the afternoon, didn't do much b/c it was cold.",6,4,1,,1,1,,,,,,,,6,1,Low back (SI joint),,1,,1,1,,285,5,385,1155,1310,5,1,5,1,,1,,,,,,,,,,,,,,,,,,,,,,,,,,
2025-01-10,6,"Good sleep, snored a lot though. Mouth sore seems to be on its way out. Did my barrington stuff in the morning, doesn't seem to be much going on there. I spent a lot of the day on DealMachine. I made some lists, looked into direct mail, then started dialing. I made a few contacts and actually got a hot lead in the evening. Victoria took the kids over to her parents in the afternoon so I took advantage of the free time well.",6,5,1,,1,1,,,,,,,,5,1,Low back (SI joint),,1,,1,1,,285,5,390,1235,1390,5,1,5,1,,1,,,,,,,,,,,,,,,,,,,,,,,,,,
2025-01-11,6,"Good sleep, pretty comfortable. Didn't work out in the morning b/c we have early soccer stuff. Watched the penn state/notre dame highlights w/ sammy and nico in the morning. OK day, more or less relaxing. Sammy did better in basketball today, more effort than usual and had two rebounds. After, I played chess w/ sammy, then he went to a birthday party and I made general tso's. Wasn't bad but not what I wanted. Victoria's talking about backing out on disney, sounds pretty serious about it but I'm not sure if she will. Won't be able to get our money back if she does.",6,5,1,,1,,,,,,,,,4,1,Low back (SI joint),,1,,1,,,360,10,455,1290,1350,5,1,5,1,,1,,,,,,,,1,,,,,,,,,,,,,,,,,,
2025-01-12,6,"Slept pretty well. OK day, started off w/ cooking/meal prep for the week, then went to the pool, tennis, then dinner/bedtime. I'm working on analyzing a property for myself, spending too much time on it but also uncovering flaws in my original assumptions (ARV is possibly too high).",6,5,,,1,,1,,,195.8,15.6,1,,6,1,Low back (SI joint),,,,1,1,,420,,575,1185,1320,5,1,5,1,,1,,,,,,,,,,,,,,,,,2,,,,,,,,,
2025-01-13,5,"Poor sleep. Woke up several times, snored myself awake a few times, and couldn't get back to sleep after about 345. Very frustrating. Workout was mainly stretching this morning. Did some barrington stuff but more personal stuff today, got a good offer on the eutawville restaurant.",3,3,1,,1,1,,,,,,,,6,1,Low back (SI joint),,,,1,1,,225,0,390,1260,1285,4,1,5,1,,1,,,,,,,,,,,,,,,,,,,,,,,,,,
2025-01-14,5,"Slept well and had several dreams. Had to go into work today for … Teams meetings. Big waste of time. It's not bothering me as much as I would think though b/c I get caught up on podcasts. Makes me wonder what I could do to listen to more podcasts and when would I fit it in? Could I just spend an hour or so on the air bike? Anyway, did some barrington stuff when I got home, then nico's soccer practice.",6,5,1,,1,1,,,,,,1,,6,1,Low back (SI joint),,,,2,1,,285,3,385,1235,1330,3.5,1,5,1,,1,,,,,,,,,,,,,,,,,,,,,,,,,,
2025-01-15,5,"Slept well, I think I slept through the night. Feeling some pressure from all of the things I need to do here in the near future. Decided to make a list and check stuff off, that helped organize myself. Productive evening after work, got a few of the items checked off.",8,6,1,,1,1,,,,,,1,,6,1,Low back (SI joint),,,,1,1,,285,0,385,1200,1400,5,1,5,1,,1,,,,,,,,,,,,,,,,,,,1,,,,,,,
2025-01-16,3,"Poor sleep again, snoring woke me up. Also woke up on my own around 445, was trying to sleep in until 530 b/c I went to bed late. Bad mood most of the day, feeling very tired, but I think it's more that I have a cold from Nico. That's probably why I've had so much phlegm at night. Feeling overwhelmed again w/ all of the stuff I need to do. Worked after I got home from work, made dinner (reverse-seared a steak, turned out great), then got back to work until about 1130, mostly F4 stuff. Did not enjoy today very much.",3,3,1,,1,1,,,,,,,,6,1,Low back (SI joint),1,,,1,1,,285,0,455,1125,1425,5,1,5,1,,1,,,,,,,,,,,,,,,,,,,,,,,,,,
2025-01-17,4,"Poor sleep, snored a lot. Very tired, but eyes also feel heavy b/c of the cold. Slog of a day. Did some F4 work and barrington. Several offers but not much to speak of. Got some finance stuff done in the evening. On the way upstairs for bed, victoria showed me a short video of a (supposed) husband and wife at a house party dancing on the countertop and said I wish my husband was this fun or something like that. I said something like Oh well, then she said yeah, maybe next one. Several things to unpack. First, the Next One comment didn't bother me at all. Second, the fun husband one did. It brings back memories of when we were dating and me absolutely hating going to the bars b/c 1. I didn't enjoy it and 2. it made me feel like I was bringing her down/holding her back. Also, it really bothers me when she compares me to other husbands and in particular, ones from quick tiktok videos. I don't do this to her b/c it would absolutely cause a huge argument if I showed her a video of some wife/mom in great shape and crushing it in the gym or something like that. I got to sleep but was stewing over this all night. I told her that it bothered me, but didn't let on how much. Victoria's also been particularly horny recently and I haven't been able to keep up. I also haven't been eating enough throughout the day.",3,3,1,,1,1,,,,,,,,3,1,Low back (SI joint),1,,,1,1,,360,0,435,1290,1335,3.5,1,5,1,,1,,,,,,,,,,,,,,,,,,,1,,,,,,,
2025-01-18,5,"A little better sleep. Had some dreams but only very light sleep/rest before my alarm went off. Decent DL workout in the morning. Nico's soccer in the morning went pretty well. One of the dads came up to me after and said he likes how I coach, signed his kid up to play w/ me next season. Then sammy had basketball, then we came home. Victoria has some swimming stuff to do so I was with the kids, everybody behaved pretty well.",4,4,1,,1,1,,,,194.4,15.7,,,4,1,Low back (SI joint),1,,,1,1,,285,1,395,1170,1370,4,1,5,1,,1,,,,,,,,,,,,,,,,,1,,,,,,,,,
2025-01-19,5,"Slept ok but too much phlegm again. Cuddling did not work in the morning. I eventually told victoria I was bothered by the Friday night conversation. She apologized and said it wasn't serious as expected. Still bothered but it helped to bring it up. Took the kids to the pool again. I'm not enjoying this new ritual. Victoria was upset b/c the boys didn't show much effort and I put a floaty on Lena. I think she has too high of expectations. Came home and I spent most of the afternoon in the kitchen cooking meals for the week. Sammy behaved (read most of the time) but nico and lena were super needy. I didn't have a cheat meal this weekend. I was planning on making buffalo chicken sandwiches but the timing didn't work out. A little disappointing, but I'm also happy to have eaten clean.",4,4,1,,1,,,,,,,,,5,1,Low back (SI joint),,,,1,1,,360,12,560,1125,1340,4,1,5,1,,1,,,,,,,,,,,,,,,,,1,,,,1,1,,,,
2025-01-20,6,"Better sleep, less phlegm. Only very light sleep after getting up to pee. Had a very sad dream and then couldn't get F4 stuff out of my mind. Had the house to myself for the day. I feel like I should have played w/ the kids in the morning but decided to work instead (MLK day). Got my barrington stuff out of the way then I spent some time working on my setup for my own cold calling. I set up podio for myself and now I'm stuck on what to use for phone/dialer. I just need to make the decision - I could have been making a lot of calls today. Also made a loaf of sourdough. Victoria took sammy to basketball, nico and lena did really well for me for dinner and bedtime.",5,5,1,,1,1,,,,,,,,5,1,Low back (SI joint),,,,1,1,,285,3,390,1230,1305,4,1,5,1,,1,,,,,,,,,,,,,,,,,,,,,,,,,,
2025-01-21,6,"Slept OK. Had a dream that I really enjoyed right before waking up so I stayed in bed for a bit to continue thinking about it. OK day, went into work then they told us to go home due to snow. Got some barrington stuff done in the afternoon. Decided to go w/ a trial of smrtphone for my own dialing, just need to figure out when I'm going to have some time to use it now. It started snowing this evening so we got the kids up to play outside for a bit. They were cranky, but they were also tired. Also listened to a Tim Ferriss podcast today about Sovereign Children. Interesting concept about raising kids w/o rules. I don't agree w/ a lot of it but it's very interesting.",5,5,1,,1,1,,1,,,,1,,6,1,Low back (SI joint),,,,1,1,,285,30,415,1115,1395,5,1,5,1,1,1,,,,,,,,,,,,,,,,,,,,,,,,,,
2025-01-22,8,"Decent sleep, super tired in the morning though. Got up, made breakfast, then went outside to play in the snow. The kids went down the hill several times until the pool floats broke. Nico and Lena were a pain though. Victoria had a little hot cocoa and mimosa setup in the house and she really enjoyed having people come in and out for that. She took the kids down to her parents in the afternoon. I walked down w/ them and built a snowman w/ sammy, then walked back and got some work done. I signed up for a trial of smrtdialer, but there are no 843 phone numbers at this time so I'm still in a holding pattern. Reading a book about aging right now and I'm researching NMN supplements. Eating has gotten a little slack. I made pot roast w/ potatoes, ate a good bit of them tonight. Nothing excessive, but more than I would have liked. Also at half a cookie over the course of the day.",6,2,1,,1,,,,,,,,,6,1,Low back (SI joint),,,,1,,,330,23,465,1125,1305,4.5,1,5,1,,1,,,,,,,,,,,,,,,,,,,,,,,,,,
2025-01-23,8,"Good sleep, tough to get out of bed though b/c I was warm and comfortable. Pretty relaxed day. Got some F4 done, got some barrington done, then played in the snow again. The boys actually participated in a snowball fight, which was fun. Nico's friend Lincoln came over and he was really into it.",6,4,1,,1,1,,,,,,,,6,1,Low back (SI joint),,,,1,1,,285,13,390,1200,1305,5,1,5,1,,1,,,,,,,,,,,,,,,,,,,,,,,,,,
2025-01-24,6,"Good sleep again. I've been having a lot of dreams which is nice, but haven't been able to remember many of them. Very comfortable in the morning, stayed in bed too long. Some F4 meetings today and barrington stuff. Can't seem to get anything across the finish line. Made fried chicken sandwiches, fried green tomatoes, and mozzarella sticks for dinner, turned out well. The kids said it's better than chick fillet. Wanted to get something for dessert but decided not to, wanted to try depriving myself again.",8,3,1,,1,1,,,,,,,,6,1,Low back (SI joint),,,,1,1,,285,25,405,1230,1365,4,1,5,1,,1,,,,,,,,,,,,,,,,,,,,,,,,,,
2025-01-25,6,"Decent sleep, still tough to get out of bed. No activities today so we went to charles town landing (mostly closed b/c of snow) then a good chinese restaurant for lunch (this was why I didn't eat clean. Not much carbs, but enough). Church after that, then dinner and bed time. Exhausted by the end of the day.",6,4,1,,1,,,,,196.8,16.2,1,,6,1,Low back (SI joint),,,,1,,,360,21,560,1200,1290,4,1,5,1,,1,,,,,,,,1,,,,,,,,,1,,,,,,,,,
2025-01-26,3,"Good sleep and a lot of dreams but a lot of snoring too. Poor mood most of the day. In the morning, I was not looking forward to going back to the pool. Nico and lena didn't do well in the pool and it was just not fun again. Sammy and I hung out in the sauna though, that was fun. After that, we came home, did food prep. Victoria and lena went on a walk then I went outside to play w/ the boys but they didn't put much effort in and it was just frustrating. I was frustrated for most of the rest of the day.",5,5,1,,1,1,,1,,,,1,,6,1,Low back (SI joint),,,,1,1,,360,2,445,1170,1290,4.5,1,5,1,,1,,,,,,,,,,,,,,,,,,,,,,,,,,
2025-01-27,5,"Good sleep, comfortable, and lots of dreams again. Woke up probably around 4 but was able to get back to sleep. OK day, mostly barrington stuff. Frustratingly close on several but I can't get them across. Started making a few of my own calls again today.",6,5,1,,1,1,,,,,,,,6,1,Low back (SI joint),,,,1,1,,285,1,390,1170,1350,4,1,5,1,,1,,,,,,,,,,,,,,,,,,,,,,,,,,
2025-01-28,5,"OK sleep, pretty light closer to my alarm. Low back is feeling pretty decent recently and so are my knees. I'm concerned that it's b/c I haven't been playing much tennis. OK day, had to go into work, then worked on barrington after I got home.",4,4,1,,1,1,,,,,,,,6,1,Low back (SI joint),,,,1,1,,285,17,390,1220,1305,3.5,1,5,1,,1,,,,,,,,,,,,,,,,,,,,,,,,,,
2025-01-29,6,"Slept well but super sleepy when my alarm went off, kind of went back to sleep. Quick HIIT workout in the morning and got a lot of barrington done. Had some time to myself during the day, so I did a lot of cold-calling, not much success. Tennis in the evening.",8,2,1,,1,1,1,1,,,,,,6,1,Low back (SI joint),,,,1,1,,285,37,400,1275,1365,5,1,5,1,,1,,,,,,,,,,,,,,,,,1,,,,,,,,,
2025-01-30,4,"Slept well but still tired, kind of fell back asleep even though I pushed my alarm back to 530. Feeling stressed out about F4 and barrington. F4 - sosnie event coming up and I have to figure out stuff that I have no desire to learn about. Barrington - not doing too well. Nico had a soccer game this evening, it was frustrating. We only have 2 kids that want to play.",6,3,1,,1,,,,,,,,,6,1,Low back (SI joint),,,,1,1,,330,27,455,1245,1320,4.5,1,5,1,,1,,,,,,,,,,,,,,,,,,,,,,,,,,
2025-01-31,5,"Not great sleep. Used a nose strip - definitely opened up my nose holes, but didn't help w/ snoring. Couldn't get back to sleep after getting up to pee - barrington and F4 on my mind. DL workout in the morning, low back is feeling good. Good 1 on 1 w/ luke today. Meetings, then made calls. Victoria left for her girls weekend so it was just me and the kids. I did the science kit w/ sammy in the afternoon and helped him make some playlists for himself. Wasted time after the kids went to bed, should have gotten some work done.",3,5,1,,1,1,,,,,,1,,,1,Low back (SI joint),,,,1,1,,225,2,395,1245,1365,4.5,1,5,1,,1,,,,,,,,,,,,,,,,,,,,,,,,,,
2025-02-01,6,"Slept OK. Sammy slept in the bed w/ me. Quick workout in the morning then soccer, basketball, and grocery shopping. Lunch, then the two littles went to bed and I did some cooking. Did the science kit again w/ sammy then went outside to play ball w/ him, but it didn't last too long. Movie w/ the kids in the evening. Got some work done after the kids went to bed.",5,5,1,,1,1,,1,,195.8,16.3,,,6,1,Low back (SI joint),,,,1,1,,360,13,450,1260,1390,4.5,1,5,1,,1,,,,,,,,,,,,,,,,,,,,,,,,,,
2025-02-02,6,"Pretty good sleep. Slept in though, alarm didn't go off. Didn't do a whole lot today. The kids played outside for a while and I got some chores done. Victoria came back in the morning and they all started acting up a bit and asking for snacks. Didn't do my cheat meal in the morning so we planned on doing beefy mac in the evening, but didn't end up doing that b/c I ""had to"" help w/ baths while victoria packed. I was a little bummed but wasn't as bothered by it as I would have been in the past.",8,4,1,,1,,,,,,,1,,6,1,Low back (SI joint),,,,1,1,,406,0,510,1185,1320,5,1,5,1,,1,,,,,,,,,,,,,,,,,,,,,1,,,,,
2025-02-03,6,"Decent sleep. Only light sleep after getting up to pee. Busy day w/ barrington - I got lots of leads but nothing good. Feeling stressed about F4 stuff, but I can't get myself off of Barrington. Tennis in the evening - I mentally broke down at the end of the match. Still won, but made too many mistakes.",6,5,1,,1,1,1,,,,,,,6,1,Low back (SI joint),,,,2,1,,285,2,400,1280,1355,4.5,1,5,1,,1,,,,,,,,,,,,,,,,,1,,,,,,,,,
2025-02-04,5,"Decent sleep. Slept in until 530 to get extra rest. Pretty tired still. Went into the office then had a lot of barrington when I got home, then had to work on F4 in the evening until about 1030. Nico had his last game tonight and it was not great. The other team only had 3 kids that showed up.",6,3,1,,1,,,,,,,,,6,1,Low back (SI joint),,,,1,1,,330,3,435,1170,1370,5,1,5,1,,1,,,,,,,,,,,,,,,1,,,,,,,,,,,
2025-02-05,6,"OK sleep but still pretty tired in the morning, went to bed too late. Went into work, found out that we're going to have to go in 5 days/week now. Really need to start finding my own flips to do - I need to get out. Two contracts today, both won on rapport. We'll see if they perform though. The kids are super excited about going to disney. We'll see if I regret not going.",5,3,1,,1,1,,,,,,,,6,1,Low back (SI joint),,,,1,1,,285,7,390,1250,1320,5,1,5,1,,1,,,,,,,,,,,,,,,,,,,,,,,,,,
2025-02-06,6,"Poor sleep - nico came in and moved around a lot, sadie moved around a lot, and it felt like a long night. Saw everybody off this morning then got to work. Really trying to use my time wisely. I spent some time on Barrington then did my own dialing - didn't really get anything. Spent time building better lists too.",3,3,1,,1,,,,,,,,,6,1,Low back (SI joint),,,,1,1,,285,22,435,1200,1320,4,1,5,1,,1,,,,,,,,,,,,,,,,,,,,,,,,,,
2025-02-07,6,"Not great sleep, felt pretty light all night. Good 1 on 1 w/ luke again. Did some barrington but not that much. Had to do some F4 work during the day, then worked on my own stuff a little. Feeling the pressure to be very productive. Good tennis match in the evening w/ Eric. Low back felt good even after deadlifts and intense tennis.",4,3,1,,1,1,1,,,,,,1,6,1,Low back (SI joint),,,,2,1,,285,15,405,1240,1330,6,1,5,1,,1,,,,,,,,,,,,,,,,,1,,,,,,,,,
2025-02-08,8,"OK sleep, very tired. Alarm went off at 445 but I pretty much slept through it, but it was only light sleep after that. Stayed pretty productive today. Went driving for dollars, did some chores, then dialing for about two hours. It was discouraging at first but ended up getting a few leads, two of which could be pretty good. Was very hungry at bed time for some reason.",5,4,1,,1,,,,,195,15.7,,1,6,1,Low back (SI joint),,,,1,1,,360,22,450,1050,1350,4,1,5,1,,1,,,,,,,,,,,,,,,,,,,,,,,,,,
2025-02-09,6,"Good sleep but may alarm went off at 330 and I couldn't get back to sleep after that. Eyes were sleepy but brain was awake. I finished my current book though. Tennis in the morning, lost a match I should have won. Got sloppy. Spent most of the day in the kitchen. Made several meals for the week. Don't feel like I was as productive today.",4,3,1,,1,,1,,,,,,1,6,1,Low back (SI joint),,,,1,1,,210,,420,1235,1340,7,1,5,1,,1,,,,,,,,,,,,,,,,,1,,,,,,,,,
2025-02-10,6,"Comfortable sleep, still tired though. Starting to feel more anxiety about having to go into work. It doesn't seem like I'll have time to continue doing Barrington, let alone find my own deals. It was nice seeing everyone when they got hime in the afternoon, they were all super excited about the trip. Tough tennis match in the evening. Fun, but I lost.",6,3,1,,1,1,1,,,,,,,6,1,Low back (SI joint),,,,2,1,,285,5,390,1275,1365,5.5,1,5,1,,1,,,,,,,,,,,,,,,,,1,,,,,,,,,
2025-02-11,6,"OK sleep. Comfortable, but snored myself awake a few times, then only light sleep after getting up to pee. Went into work, couldn't find a parking spot… Got some barrington stuff done when I got home and got one of my personal leads back on the phone, good conversation and I'm cautiously optimistic. Went to dinner at another family's house and had a good time. That was my cheat meal for the week, tacos and a couple of cookies.",4,5,1,,1,,,,,,,,,6,1,Low back (SI joint),,,,1,1,,330,3,435,1245,1320,5,1,5,1,,1,,,,,,,,,,,,,,,,,,,,,,,,,,
2025-02-12,5,"OK sleep but didn't feel super restful. Very tired in the morning. It's really annoying having to go into work every day. Parker gave a pretty serious talk on the barrington all-hands. Apparently we're hemorrhaging money pretty bad, said he'd float the company for 3-6 more months unless things turn around. I did get a contract (but also a drop). Had a tough talk w/ sammy this evening as well. He lied about wearing his glasses and he's doing pretty poorly in english. We're very concerned that he's not going to get to stay in the GATE class.",5,2,1,,1,1,,,,,,,,6,1,Low back (SI joint),,,,1,1,,285,15,405,1200,1290,3.5,1,5,1,,1,,,,,,,,,,,,,,,,,,,,,,,,,,
2025-02-13,6,"OK sleep. Took me a while to fall asleep for some reason, same after getting up to pee. Not much to report for the day. Put the kids down to bed early then sammy and I played chess after.",5,4,1,,1,1,,1,,,,2,,8,1,Low back (SI joint),,,,1,1,,285,8,370,1170,1355,4,1,5,1,1,1,,,,,,,,,,,,,,,,,,,,,,,,,,
2025-02-14,5,Slept OK but super tired so I decided to go back to sleep. Not happy about it though. Spent some time cold calling and other stuff for my own company today. Settled on the name Atlas Home Solutions. Neck is starting to bother me from my computer setup at work.,6,2,1,,1,,,,,,,,,6,2,"Low back (SI joint), neck",,,,1,1,,285,,420,1200,1365,4,1,5,1,,1,,,,,,,,,,,,,,,,,,,,,,,,,,
2025-02-15,4,"OK sleep, not great. Poor mood in the morning. Lena was whiney all morning and it was getting to me. Neck is bothering me pretty bad too. Most of today felt like a waste. Victoria went out w/ Michael in the evening so I got some work done after the kids went to bed.",5,4,1,,1,1,,,,195.5,16.2,,,5,2,"Low back (SI joint), neck",,,,1,1,,330,0,405,1200,1330,4,1,5,1,,1,,,,,,,,,,,,,,,,,1,,,,,,,,,
2025-02-16,5,"Pretty good sleep, still very tired in the morning. Got up, did a quick workout, and made biscuits and gravy for breakfast. Pretty lazy day, didn't do a whole lot. Watched remember the titans w/ sammy while the other two napped, then we went to a Stingrays game. It was OK, but nico and sammy kept getting on each other and Lena couldn't sit still. Victoria has been frustrated w/ me recently. She has been very thirsty but I can't keep up and she interprets that as me turning her down. I'm very frustrated w/ myself as well, I wish I could keep up.",8,3,1,,1,1,,1,,,,,,4,2,"Low back (SI joint), neck",,,,1,1,,330,21,430,1200,1310,3,1,5,1,,1,,,,,,,,,,,,,,,,,,,,,,,,,,
2025-02-17,6,"Decent sleep but still tired in the morning. Frustrating/exhausting dreams. Victoria took the kids out today and F4 was off for presidents day so I got to get some work done w/ barrington and my own calls. Busy day, not very successful though. Good tennis match in the evening, won by hustle and agility.",6,4,1,,1,1,1,,,,,,,6,2,"Low back (SI joint), neck",,,,1,1,,285,4,380,1305,1380,5,1,5,1,,1,,,,,,,1,,,,,,,,,,1,,,,,,,,,
2025-02-18,6,"Comfortable sleep, just not enough. Not much to report for the day.",8,5,1,,1,,,,,,,1,,6,2,"Low back (SI joint), neck",,,,1,1,,330,10,435,1200,1310,4,1,5,1,,1,,,,,,,,,,,,,,,,,,,,,,,,,,
2025-02-19,6,"Comfortable sleep. Nico's birthday today. Went over to the Graham's after work to celebrate. Ate clean except for a few tater tots and Brian made banana pudding so I felt obligated to try that, and it was only a very little bit.",8,5,1,,1,1,,,,,,,,6,2,"Low back (SI joint), neck",,,,1,,,285,8,380,1080,1310,3.5,1,5,1,,1,,,,,,,,,,,,,,,,,,,,,,,,,,
2025-02-20,6,"Good sleep. Nico slept w/ victoria for his birthday so I slept in his bed. Very comfortable. Tried to get back to sleep after my alarm b/c I have tennis tonight and I was feeling lazy, but it didn't take. Got a quick HIIT workout in. Found myself in a grumpy mood in the morning but once I realized/acknowledged that I got myself out of it. Not a whole lot to report for the day.",8,4,1,,1,1,,1,,,,,,6,2,"Low back (SI joint), neck",,1,,1,1,,285,,405,1255,1340,4,1,5,1,,1,,,,,,,,,,,,,,,,,,,,,,,,,,
2025-02-21,6,"Good sleep again, back in my bed. Low back has been feeling pretty good. Not ready to take it off the injury list yet, but good progress. Got some dialing in after work and barrington, good contact rate but no leads I'm too excited about.",8,5,1,,1,1,,,,,,,,6,2,"Low back (SI joint), neck",,1,,1,1,,285,6,405,1200,1320,4,1,5,1,,1,,,,,,,,,,,,,,,,,,,,,,,,,,
2025-02-22,4,"Slept well. Couldn't decide if I should get up or go back to sleep in the morning, just wasted time. Sammy had soccer (did pretty well) and basketball (scored a goal!), then we went to get ice cream, came home, did some chores. Went to church in the evening and everything devolved from there. Victoria got upset b/c I didn't walk up to take communion correctly. She seemed to be in a better mood right after church, but it came up again when we were going to bed. She's tired of my disrespect regarding church. I told her that for whatever reason, I don't like doing ritualistic things that people came up w/ hundreds or thousands of years ago just b/c they say to. She said fine, stop coming then. She also called me a fucktard for refusing to take my hat off at our friends house the other week for dinner.",8,5,1,,1,,,,,197,16.4,,,2,1,Low back (SI joint),,,,1,,,330,20,495,1200,1280,4,1,5,1,,1,,,,,,,,1,,,,,,,,,,,,,,,,,,
2025-02-23,3,"Poor sleep. Didn't get back to sleep after getting up to pee at 3, really annoyed by the argument last night, specifically about her saying she's tired of my disrespect then calling me a fucktard. Anyway, in a bad mood most of the day. Went to the pool again, then we had Jayce and Kate and their kids over for dinner. I made fried chicken sandwiches and victoria made mac and cheese, everything turned out well and we had a good time.",3,6,1,,1,1,,1,,,,,,3,1,Low back (SI joint),,,,1,,,180,0,430,1210,1310,4,1,5,1,,1,,,,,,,,,,,,,,,,,1,,,,,,,,,
2025-02-24,5,"Poor sleep again, probably b/c of dinner. Lots of snoring and congestion. Decent workout in the morning, low back felt good and gave me no issues. Cuddled w/ victoria in the morning. Frustrated w/ my eating - turned yesterday's mac and cheese into beefy mac and it was very good, only intended to try a little bit but ended up eating way too much.",4,6,1,,1,1,,,,,,,,5,1,Low back (SI joint),,,,1,1,,285,0,405,1290,1350,4,1,5,1,,1,,,,,,,,,,,,,,,,,1,,,,1,,,,,
2025-02-25,5,"Better sleep. Woke up around 420 to pee, counting that as sleeping through the night. Lots of work stuff, getting annoying and I don't have enough time to do my own stuff. Victoria left for a meeting in the evening so I had the kids. We did dinner then I did a puzzle w/ Nico while sammy and lena went to play in his room. We watched a little tv, read stories, then bed. Got some more work done after that.",6,5,1,,1,1,,1,,,,1,,6,1,Low back (SI joint),,,,1,1,,260,0,390,1190,1330,5,1,5,1,,1,,,,,,,,,,,,,,,,,,,,,,,,,,
2025-02-26,5,"OK sleep but pretty tired in the morning, stayed in bed too long. Most of the day spent on F4 stuff, no time for other things. Tennis in the evening.",5,3,1,,1,1,1,,,,,,,6,1,Low back (SI joint),,,,3,1,,285,16,380,1280,1340,6,1,5,1,,1,,,,,,,,,,,,,,,,,1,,,,,,,,,
2025-02-27,6,"OK sleep. Tried to go back to sleep after my alarm but it didn't take. Lots of work meetings today, this is getting old. Looking into paying for cold calling service - I don't have the time to devote to doing it myself. Victoria had a meeting tonight so I got to spend some time working on the website.",5,5,1,,1,,,,,,,1,,6,1,Low back (SI joint),,,,1,1,,330,12,430,1200,1320,5.5,1,5,1,,1,,,,,,,,,,,,,,,,,,,,,,,,,,
2025-02-28,6,"Poor sleep - Nico was up, in and out of the room. Victoria handled it b/c I would have just yelled at him, but he was still loud. Good DL workout in the morning, lifted 500, which is more than I've done in a long time from the floor. Low back held up. Almost ready to take it off of the injury list. Went to a grown-up birthday party in the evening at the bowling alley. It was pretty fun, enjoyed talking w/ a few of the other guys.",4,5,1,,1,1,,,,,,,,6,1,Low back (SI joint),,,,1,1,,285,6,395,1305,1365,4.5,1,5,1,,1,,,,,,,,,,,,,,,,,,,,1,,,,,,
2025-03-01,6,"OK sleep. Tried going back to sleep after my alarm but it didn't take. Weird and stressful dreams. Busy day - soccer then basketball, grocery store, my dad and deb came down, victoria took nico to a birthday party, I took the other two back to the grocery store, I cooked dinner, then micheal and kelly came over w/ their kids. Nice to stay busy. My dad brought a bunch of old pictures, sammy really liked going through them. I made shrimp and grits and ricotta lemon cake for dinner, it was very good. Also discussed buying Rick out of our LLC, he needs money so he's not in a spot to negotiate. I don't think I took advantage of him but I do think the deal is in my favor.",6,3,1,,1,,,,,196.8,16.7,,,6,1,Low back (SI joint),,,,1,,,330,,490,1280,1310,4,1,5,1,,1,,,,,,,,,,,,,,,,,,,,,,,,,,
2025-03-02,6,"Poor sleep. I had a lot of throat phlegm, victoria snored, sadie snored, then nico started crying again. Apparently he fell out of his bed. Also had stressful dreams. Went back to sleep after my alarm. Cooking and chores today. Finished painting the deck, went to the pool, then came back and did some cooking. I watched the little mermaid w/ Lena, that's her favorite movie right now, that was fun.",3,3,,,1,,,,,,,,,6,1,Low back (SI joint),,,,1,1,,420,,540,1200,1310,4.5,1,5,1,,1,,,,,,,,,,,,,,,1,,,,,,,,,,,
2025-03-03,5,"Poor sleep. Couldn't get comfortable, stressful dreams, and snoring from myself and victoria. Decent lift this morning though. Really getting tired of going into work. Running out of things to do, too. Was close to a contract this afternoon - going over the DocuSign, then the brother joined the call to say they have an offer $5k over. Very frustrating. Good tennis match in the evening. Low back felt tender but didn't slow me down.",3,2,1,,1,1,1,,,,,,,6,1,Low back (SI joint),,,,2,1,,285,0,405,1365,1395,6.5,1,5,1,,1,,,,,,,,,,,,,,,,,1,,,,,,,,,
2025-03-04,4,"Poor sleep, victoria snorred a lot. Very tired and hungry in the morning. Going into work every day is really bothering me. Might be b/c I'm putting off doing work for the SOSNIE event that I don't know how to do, but it's killing me. I'm trying to acknowledge that I'm getting paid a lot of money to do not much work, but it's still tough. Played w/ the kids on the deck in the afternoon for a while, that was fun. After they went to bed, I set up my website/domain and everything. Also talked to Lead Mining today about a cold calling service. Need to think on that some more.",4,3,1,,1,,,,,,,,,6,1,Low back (SI joint),,,,2,1,,360,2,415,1200,1350,5,1,5,1,1,1,,,,,,,,,,,,,,,,,,,,,,,,,,
2025-03-05,5,"Slept on the couch and I slept really well. Stayed in bed for too long after but I was contemplating the dream that I had. Also very tired, went to bed too late. Contemplating what my future looks like and how I'm going to get there. It seems like Barrington is getting in the way of me doing what I need to do - reaching out to sellers. I like the team a lot but it's tough to keep that connection w/o the daily huddles. Plus the leads are pretty poor. Also doing more research into how to market to off-market sellers. Cold calling services seem hit or miss, do I need to do direct mail? How do I do it w/o wasting a lot of time or money?",6,3,1,,1,1,,,,,,,,6,1,Low back (SI joint),,,,1,1,,285,28,385,1265,1310,5,1,5,1,,1,,,,,,,,,,,,,,,,,,,,,,,,,,
2025-03-06,5,"Slept well on the couch again. I've been having a lot of stressful dreams recently. Wasting time at work, procrastinating and trying to look busy.",6,4,1,,1,1,,,,,,,,6,1,Low back (SI joint),,,,1,1,,285,18,400,1200,1305,5,1,5,1,,1,,,,,,,,,,,,,,,,,,,,,,1,,,,
2025-03-07,5,"Slept well on the couch but I've been having trouble getting up after waking. Frustrating, wasting time. Pretty generic day, not much to report. Nico had tball practice in the evening, that was nuts. He did ok.",6,3,1,,1,1,,,,,,,,6,1,Low back (SI joint),,,,1,1,,285,18,405,1200,1310,4,1,5,1,,1,,,,,,,,,,,,,,,,,,,,,,,,,,
2025-03-08,6,"Slept pretty well back in the bed but I can't find the same comfort as before. Went to Sammy's soccer game in the morning, he just doesn't seem to run hard or try. Very frustrating. Chores and cleanup, then I played pickleball w/ sammy while the others went to a birthday party. He did well at pickleball. Made a nice szechuan noodle dish and yogurt dessert for dinner.",5,4,1,,1,1,,1,,194,16.4,1,,6,1,Low back (SI joint),,,,1,1,,330,23,420,1240,1310,4,1,5,1,,1,,,,,,,,,,,,,,,,,1,,,,,,,,,
2025-03-09,4,"OK sleep, alarm didn't go off so I slept in. Watched a movie w/ the boys in the morning, then lots of chores again today. Cleaned up some bushes outside, moved plants around, laundry, and of course, went to the pool. Long day, exhausted by the end of it. Not a fan of sundays.",5,5,,,1,,,,,,,,,5,1,Low back (SI joint),,,,1,1,,390,,540,1215,1325,4,1,5,1,,1,,,,,,,,,,,,,,,,,,,,,1,,,,,
2025-03-10,5,"OK sleep, not super rested in the morning though. Pretty down on Barrington right now - leads are bad, not connected to the team anymore, and I feel like it's taking away from my personal stuff. Not sure how much longer I'm going to last. Getting more anxious about work stuff that I have to figure out and it's weighing on me.",6,4,1,,1,1,,,,,,,,6,1,Low back (SI joint),,,,1,1,,285,10,405,1200,1330,5,1,5,1,,1,,,,,,,,,,,,,,,,,,,,,,,,,,
2025-03-11,5,"Better sleep, found a comfortable position. Woke up on my own a little early so just laid in bed and felt comfortable for a while. Got told at work today that the F4 engineering team isn't doing enough, but my boss was supportive of us and said it's obviously not true, probably just need better communication on what we're doing. Worked more on my own stuff after work, then kid duty in the evening. Went to bed too late tonight.",6,3,1,,1,1,,1,,,,1,,6,1,Low back (SI joint),,,,1,1,,270,10,405,1260,1370,5,1,5,1,,1,,,,,,,,,,,,,,,,,,,,,,,,,,
2025-03-12,5,"Good sleep just not enough. Very tired in the morning. Regular day at work, getting stuff figured out. Busy evening - Sammy had a soccer game (Brian took him), Nico had tball practice (I took him), Victoria had swim practice, and veronica took Lena. Worked on my chili oil recipe some more, it's getting close. Added chicken broth to it to make it more soupy, it helped a lot. Still missing something though.",6,3,1,,1,1,,,,,,,1,6,1,Low back (SI joint),,,,1,1,,285,21,390,1215,1360,4,1,5,1,,1,,,,,,,,,,,,,,,,1,,,,,,,,,,
2025-03-13,5,"Comfortable sleep but I woke up very itchy, specifically my penis, for some reason. I have a little bit of poison ivy again, but not there, and for some reason that's one of my symptoms. I just have a small bit on my right hip and a little on my nose so far. Slept in too long after my alarm this morning, not sure what's going on. Regular day at work, then didn't do much barrington at home again. Had a long conversation w/ Matt - I enjoy these conversations as we strategize about our own projects and commiserate about barrington, but I need to find another time to do them. Also called Jeff in the evening to see how he's doing. Organized the garage again in the afternoon, then I had the kids play outside while I made dinner. Didn't eat too poorly today, but I did have some left over spaghetti and, for some reason, ate a bunch of Munchies that victoria brought home.",5,3,1,,1,1,,,,,,,,6,1,Low back (SI joint),,,,1,,,285,31,400,1235,1300,4,1,5,1,,1,,,,,,,,,,,,,,,,1,,,,,,,,,,
2025-03-14,6,"Comfortable sleep again, stayed in bed too late again. Very frustrating, didn't get a workout in this morning. Easy day at work then got home and did stuff for Atlas - submitted my mailing list, got my mailing address, and a few more admin things. Didn't eat enough throughout the day.",6,3,1,,1,,,,,,,,,6,1,Low back (SI joint),,,,2,1,,285,25,410,1275,1330,4,1,5,1,,1,,,,,,,,,,,,,,,,1,,,,,,,,,,
2025-03-15,6,"Comfortable but not great sleep. Woke up several times and struggled to get back to sleep, but it wasn't really aggravating. Made it a point to get up right away instead of laying in bed - need to get control of myself again. Also, finally taking my low back off of the injury list! Went to watch victoria at the shamrock shuffle, then took the kids to the grocery store and spent most of the rest of the day in the kitchen. Made meals for the week and a few things for victoria's bunco group tomorrow night. Got out of church b/c of it! Didn't have a cheat meal, but I ate dessert batter and stuff throughout the day.",4,5,1,,1,1,,,,194,15.7,1,,6,,,,,,3,,,330,0,440,1275,1340,4.5,1,5,1,,1,,,,,,,,,,,,,,,,1,1,,,,,,,,,
2025-03-16,6,"Not great sleep. For some reason, I'm putting off getting up to pee for a while, then only getting light sleep until I get up. OK day, more prep for bunco tonight. Got Lena down to bed around 530 then watched some movies upstairs w/ the boys during bunco. Didn't eat too poorly but had some noodles and a little dessert.",4,5,1,,1,1,,1,,,,,,6,,,,,,1,,,330,15,435,1080,1300,3,1,5,1,,1,,,,,,,,,,,,,,,,1,,,,,,,,,,
2025-03-17,4,"OK sleep, nothing special. SOSNIE this week, got to work early. Lots of waiting around and just wasted time. Forgot my lunch, pretty exhausted by the end of the work day. Took a while to get home. I ate quick, took sammy to soccer, then went to tennis. Played poorly but still won. Exhausting day.",5,5,1,,1,1,1,,,,,,,6,,,,,,1,1,,285,0,360,1320,1380,3,1,5,1,,1,,,,,,,,,,,,,,,,1,1,,,,,,,,,
2025-03-18,4,"Decent sleep, got up to pee more quickly and that helped. In the field again, exhausted at the end of the day. Took me an hour and 15 minutes to get home and when I got home, victoria left immediately for practice. That was a bit annoying, but what an you do. Hung out w/ the kids - nico did well w/ coach pitch and sammy actually hit really well, still not interested in baseball though (which is more than ok).",5,4,1,,1,,,,,,,,,6,,,,,,1,1,,330,5,370,1230,1300,3,1,5,1,,1,,,,,,,,,,,,,,,,1,,,,,,,,,,
2025-03-19,4,"Poor sleep - sammy had taken one of my pillows and I couldn't get comfortable. In the field, stayed pretty busy. Called the IRS and my EIN application hasn't been done, need to resubmit. Got home, dropped nico off at kelsie's for tball then I took sammy and lena to practice. Sammy did well in his game, even on offense.",3,3,1,,1,,,,,,,,,6,,,,,,1,1,,330,0,370,1155,1300,3.5,1,5,1,,1,,,,,,,,,,,,,,,,1,,,,,,,,,,
2025-03-20,4,"Slept well other than a popped rib in my back. Every time I moved it shot me w/ pain. Did a quick workout in the morning and it made it a lot tougher. Finished up at work early, don't have to go back to the field tomorrow. Went to the chiro to take car of my back, then had my 1 on 1 w/ luke, where he said I have until the end of the quarter to get two more contracts (9 days) or they'll have to let me go. It sucks, but I'm not really enjoying it anymore either and it's getting in the way of my own stuff now too.",4,3,1,,1,1,,,,,,,,6,1,popped rib,,,,1,1,,285,8,350,1190,1320,4,1,5,1,,1,,,,,,,1,,,,,,,,,1,1,,,,,,,,,
2025-03-21,5,"Slept better regarding my back but woke up around 345 and couldn't get back to sleep. Tried working out but not much energy and my back is bothering me, so I stopped. Crappy start to the morning. Regular work day again, which was nice. Bummed about Barrington but it will be OK. Kind of feel like I'm giving up but I think it's time. I'm not enjoying it anymore. Will still keep in touch w/ Matt and hopefully Luke. Losing those connections is the most difficult part.",3,2,1,,1,1,,,,,,,,5,1,popped rib,,,,2,1,,225,,410,1230,1350,4,1,5,1,,1,,,,,,,,,,,,,,,,1,,,,,,,,,,
2025-03-22,8,"Poor sleep. Took a while to get up to pee again, then had a really hard time getting back to sleep. Very frustrating. During my workout this morning, I think I figured out that my current back injury is from snatches, must have done them poorly the other day. Went to a Burn Bootcamp w/ victoria in the morning for a workout, that was fun and challenging. Then went to Nick's place in Cottageville for their annual pig roast, had fun talking w/ Larry about AI and other things. Came home, put Lena to bed, then watched a movie w/ the boys.",3,2,1,,1,1,,,,191.6,15.6,,,6,1,popped rib,,,,1,,,210,22,405,1005,1320,4.5,1,5,1,,1,,,,,,,,,,,,,,,,1,1,,,,1,,,,,
2025-03-23,6,"Finally slept well. Alarm didn't go off so I slept until 630. Got some new plants at Ace, then grocery shopping, then we went to a hockey game and sat in front of the glass. That was pretty fun. Watched the sandlot w/ sammy after the others went to bed. Unfortunately, I messed up the chili oil tonight though. Didn't eat poorly, but I did have rice noodles at dinner.",6,5,1,,1,,,,,,,1,,6,1,popped rib,,,,1,,,390,3,540,1200,1305,3,1,5,1,,1,,,,,,,,,,,,,,,,1,,,,,,,,,,
2025-03-24,5,"Poor sleep. Woke up around 130 to pee and didn't get back to sleep until probably 330. Then sadie woke me up probably around 415. Exhausted in the morning. Not much to report today. Tennis was cancelled b/c of rain and Victoria's pretty sick. I'm also feeling sick but I think it's just allergies. Sore throat, tired, congestion.",3,2,1,,1,1,,,,,,,,6,,,1,,,1,1,,285,0,390,1245,1300,5,1,5,1,1,1,,,,,,,,,,,,,,,,1,,,,,,,,,,
2025-03-25,6,"Better sleep but still not good. Lots of snoring and congestion, but at least I wasn't up for a few hours in the middle of the night. Finishing up my stuff at work, struggling to make it look like I'm busy. Got a contract signed today, mixed feelings. I want to stay working w/ Barrington but it's definitely getting in the way of Atlas. Made beefy mac w/ sammy tonight, it turned out well but it's incredibly dense.",4,3,1,,1,1,,1,,,,,,6,,,1,,,1,,,285,34,395,1270,1380,5.5,1,5,1,,1,,,,,,,,,,,,,,,,,,,,,,,,,,
2025-03-26,5,"Slept well but it took me a long time to fall asleep. Very tired in the morning. Starting to titrate my supplements today, adding tracking items for them in this table. Starting to get calls from mailers, nobody interested yet though. Not much to report for the day. Nico had tball, he's probably in the top 4-5 of the team but that's not saying much, there are a lof of duds and kids that just don't pay attention. Wasted time in the evening watching tv.",4,3,1,,1,1,,,,,,,,6,,,,,,1,1,,285,21,390,1140,1295,5,1,5,1,,1,1,,,,,,,,,,,,,,1,,,,,,,,,,,
2025-03-27,6,"Slept well but I was awake after getting up to pee for about 30 minutes or so. Slept well after that. Stayed in bed to think about a dream I was in the middle of, but stayed too long. Allergies seem to be kicking in this morning, nose is super drippy and eyes are watering. Good day at work, made a presentation for the spotting scopes I've been working on. Also got a motivated lead from my DM campaign, super pumped about it. Played w/ the kids in the driveway for a bit after work - sammy seems to be showing some more athleticism and interest in sports. Allergies weren't too bad after the morning.",4,3,1,,1,1,,1,,,,,1,6,,,,,,1,1,,285,30,395,1215,1310,5,1,5,1,,1,2,1,,,,,,,,,,,,,,,,,,,,,,,,
2025-03-28,6,"Slept well and comfortably, was able to get back to sleep after getting up to pee. Decent workout in the morning. Pretty good day. 1 on 1 w/ Luke in the car on the way to work. I'm going to miss talking w/ him, I hope we can still keep in touch. Have something at work that I can drag out for a while. Had a couple of personal discoveries and one offer call that didn't pick up.",6,4,1,,1,1,,,,,,,,6,,,,,,1,1,,285,66,390,1250,1320,4.5,1,5,1,,1,2,2,1,,,,,,,,,,,,,,,,,,,,,,,
2025-03-29,8,"Slept well and had several entertaining dreams. At the baseball field for nico all morning, then came home and did stuff w/ the plants. Went out w/ a bunch of neighborhood people in the evening for Kelsey's birthday. Holy City for dinner then Wits End comedy club. Had fun talking w/ a couple of people and Chris showed up so that was nice. The comedy show was pretty good too.",9,5,1,,1,1,,1,,193.6,15.6,,,6,,,,,,1,,3,360,7,455,1335,50,5,1,5,1,,1,3,2,2,,,,,,,,,,,,,,2,,,,,,,,,
2025-03-30,6,"Slept well, turned off my alarm. Spent most of the day cooking for the week, listening to podcasts.",6,5,1,,1,,,,,,,,,6,,,,,,1,1,,420,,570,1215,1350,5,1,5,1,,1,3,3,2,1,,,,,,,,,,,,,,,,,,,,,,
2025-03-31,6,"Decent sleep, tired in the morning. Gave my presentation at work again today w/ no heads up, was told I did a great job. I'm more confident in speaking since doing Barrington. Nice thunder storm tonight but that meant that tennis got cancelled. Had another personal offer call that went pretty well, I'm very excited about how things are going so far. This was supposed to be my last day w/ Barrington but I didn't get a call.",6,4,1,,1,1,,,,,,1,,8,,,,,,1,1,,285,13,400,1215,1365,5,1,5,1,,1,3,3,2,1,,1,,,,,,,,,,,,,,,1,,,,,
2025-04-01,6,"Slept well but I got woken up a few times by sadie and victoria. Had my call w/ Luke today, officially let go. It was a good conversation, not contentious. It does feel like a load off though. Spent some time driving around handing out door hangers and checked out a house. Good tennis match in the evening.",5,4,1,,1,1,1,,,,,,,6,,,,,,1,1,,285,4,390,1360,1400,6,1,5,1,,1,3,3,2,1,,1,,,,,,,,,,,1,,,,,,,,,
2025-04-02,6,"Slept well but not enough, very tired in the morning and I slept through my alarm. Spent some time dialing in the afternoon, not much traction. It's interesting to observe how a few negative conversations can affect drive and motivation, just have to push through.",6,3,1,,1,,,,,,,,,6,,,,,,1,1,,350,0,450,1230,1305,5,1,5,1,,1,3,3,2,1,,1,,,,,,,,,,,,,,,,,,,,
2025-04-03,6,"Slept well, still tired in the morning. Went to see another house today and if it was just her I'd have it locked up already. Went to play pickleball at the grahams w/ sammy and brian. Sammy does well when he tried but he was hitting it as hard as he could again. When we got home, we had a talk w/ him about effort - he wasn't trying hard at tennis earlier, he doesn't try hard at soccer or basketball, and at pickleball, he said he was really good - better than me. Not sure when he got so cocky. Tennis match in the evening.",6,4,1,,1,1,1,1,,,,,,6,,,,,,1,1,,285,9,405,1310,1370,6,1,5,1,,1,2,2,2,1,1,1,,,,,,,,,,,1,,,,,,,,,
2025-04-04,5,"Slept well just not enough. Very tired all day. Really didn't want to be at work today, not sure what this summer is going to be like. Frustrated that I don't seem to have much going on regarding Atlas other than the one property, and I can't get in touch w/ the guy. Victoria took the kids to the flowertown festival today and I didn't go (per usual, I can't stand it). I feel like I'm not doing enough w/ the kids, specifically working on sports - but I feel overwhelmed. I can't just take one of them out there and they're all at different levels, I don't know how to reconcile everything.",6,4,1,,1,,,,,,,,1,6,,,,,,1,1,,330,10,410,1235,1320,5,1,5,1,,1,3,3,2,1,1,1,,,,,,,,,,,,,,,,,,,,
2025-04-05,6,"Good sleep and entertaining dreams. Soccer in the morning, grocery shopping, then chores. Had the Gibsons over for dinner, I made my fried chicken sandwiches. Everything went pretty well.",6,5,1,,1,,,,,196,16,,,6,,,,,,2,,,310,0,405,1305,1350,6,1,5,1,,1,3,3,2,1,1,1,,,,,,,,,,,,,,,,,,,,
2025-04-06,5,"Poor sleep - ate too much, poor food, too close to bedtime. Lots of snoring and congestion. Victoria insisted on doing some yardwork today and it destroyed me b/c of allergies. My nose was running like a faucet even though it was plugged. I skipped the easter egg hunt b/c of it. Got some cooking and laundry done while everyone was out.",3,3,,,1,,,,,,,1,,6,,,,,,1,1,,420,,600,1245,1320,5,1,5,1,,1,3,3,2,1,1,1,,,,,,,,1,,,2,,,,,,,,,
2025-04-07,5,"Slept OK but it was not very restful. Entertaining but frustrating dreams. Did my birthday squats in the morningbut got a really bad headache from it. Taking a shower helped, but felt pretty bad the rest of the day. It rained this evening so tball and tennis were cancelled, made a good beef ragu for dinner. Cleaned the bedroom after the kids went to bed.",4,5,1,,1,1,,,,,,,,6,,,,,,1,,,285,0,375,1110,1295,5.5,1,5,1,,1,3,3,2,1,1,1,,,,,,,,1,,,1,,,,,,,,,
2025-04-08,4,"Uncomfortable sleep. Talked myself into trying to get back to sleep to avoid a headache again but it didn't really take. Kind of a crappy day. In a bad mood for most of the day for some reason. Some of it might be left over from the headache yesterday, but I think another part is victoria says she wants to make birthdays special but then she went ahead and had the cleaner come over, when we don't have anything for 2 weeks and the house is going to get filthy again by then. And then she got cake ""for me"" in the evening (I didn't have any, of course). Sammy did well in his soccer game, he does seem like he's trying harder. Even came close to scoring one time.",4,3,1,,1,,,,,,,,,4,,,,,,1,1,,285,,400,1080,1305,4.5,1,5,1,,1,3,3,2,2,1,,,,,,,,,,,,,,,,,,,,,
2025-04-09,5,"Slept OK but woke up a few minutes before my alarm. Tried to work out but got a headache during first set of kb swings. Tried doing chinups but it got worse. Very frustrating. Also pretty unmotivated in the morning. Pretty unmotivated during the day as well, still in a bad mood but not quite as bad as yesterday. I'm annoyed w/ victoria for some reason, can't pinpoint why other than having the cleaner come yesterday. Victoria went out w/ friends in the evening and told me tball was at 6 but it was actually at 7. Didn't bother me as much as I would have thought, but I also should have remembered it was at 7 even though she told me 6 earlier in the day. I need to take responsibility.",5,4,1,,1,,,,,,,,,5,1,headaches,,,,2,1,,285,0,385,1230,1330,5,1,5,1,1,1,3,3,2,1,1,1,,,,,,,,,,,,,,,,,,,,
2025-04-10,4,"Felt like light sleep and I woke up at 4 to pee, didn't get back to sleep. Cardio workout in the morning to avoid headaches. Still in a bad mood most of the day. I feel like I'm not focused now that I'm not doing barrington. Packed up for the camping trip in the afternoon. Crappy tennis in the evening.",4,4,1,,1,1,1,1,,,,,,5,1,headaches,,,,2,1,,240,0,,,,,1,5,1,,1,3,3,2,1,1,1,,,,,,,,,,,1,,,,1,,,,,
2025-04-11,5,"Poor sleep. Woke up around 230 to pee, couldn't get back to sleep, went downstairs, finally fell asleep around 345 or 4 and it was only light sleep. Typical day at work. Took a nap, which helped a lot, then started packing up at home for the camping trip, didn't do anything w/ Atlas. Drove up w/ Sammy, we listened to a podcast about cats (he liked that) then talked/played games the rest of the way. We were the first to arrive so we scoped out the place and set up the tent. Didn't really do anything for dinner. Went fishing a couple of places, didn't catch anything.",3,3,1,,1,,,,,,,,,5,,,,,,2,,,360,,420,,1380,,1,5,1,,1,3,2,2,1,1,1,,,,,,,,,,,,,,,,,,,,
2025-04-12,6,"Horrible sleep. Had to sleep flat so I got super congested. I slept for about 2 hours then tossed and turned the rest of the night. Got up, made breakfast, hung out for a bit, then we got our boats and went fishing. Very cold in the morning. Sammy decided that he wanted to stay instead of going back for the monster truck show, I think that was the right choice. The whole crew only caught one fish so it was pretty dull but sammy still said he had fun. I enjoyed talking w/ Larry while everyone else fished for the last couple of hours. Got back, made dinner, then dessert, then went to bed.",2,3,1,,1,,,,,,,,,5,,,,,,1,,,345,,480,1290,1320,,1,,1,,1,1,,2,1,1,,,,,,,,,,,,,,,,,,,,,
2025-04-13,6,"Bad sleep again. Slept for about 2 hours, tossed and turned, but got back to sleep for another 2 hours. We had to get back so didn't eat breakfast w/ the rest of the guys. Very cold again. Sammy was also exhausted and slept the whole way home. I snacked on junk food unfortunately. Pretty exhausted the rest of the day. Sammy had a soccer game and he did OK. Was nice seeing everybody again and looking forward to sleeping in bed.",2,3,1,,1,,,,,,,,,5,,,,,,2,,,360,,480,1140,1290,4,1,5,1,,1,2,1,2,1,1,,,,,,,,,,,,1,,,,,,,,,
2025-04-14,5,"Good sleep but still had some congestion. Woke up on my own around 445 but was able to get back to sleep. Busy day and victoria and I seem to be frustrated w/ each other. She's feeling overwhelmed, partially still from watching the kids over the weekend, but she's the one that wanted a third and I have zero sympathy for her. Plus, they were w/ her mom a lot b/c she was doing lifeguarding training. Sammy had another game tonight and did poorly. I won a tennis match in the evening.",6,6,1,,1,,1,,,,,,,4,,,,,,2,1,,360,0,425,1305,1355,6.5,1,5,1,,1,4,3,2,1,1,,1,,,,,,,,,,1,,,,,,,,,
2025-04-15,5,"Good sleep, comfortable and was able to get back to sleep after peeing. Lena's sick so I stayed home w/ her today. Took her to the library and grocery shopping, she did well. Got some calls in while she napped. I made it through my first list w/ a few leads but nothing I'm excited about. Played chess w/ sammy after school, then he had a soccer game again. They lost and he said he was asking the coach if he could go in, so I told him the coach only put in the best players - he's got to get better if he wants more playing time. Victoria is pretty down right now b/c of things w/ jenna and also she says she's upset w/ how she looks. Not much I can help w/ regarding jenna, but I'm trying to keep my mouth shut about how she looks. I feel like I've contributed to her lack of exerccise and poor eating despite my intentions, don't want to make it worse.",9,6,1,,1,,,,,,,,,5,,,,,,1,1,,360,1,410,1305,1355,4,1,5,1,,1,4,3,2,1,1,1,,,,,,,,,,,,,,,,,,,,
2025-04-16,5,"Good sleep again, tired in the morning. Got a headache during chinups (but not kb swings) so I just did lighter stuff. When victoria got home from work, we did some cleaning then played w/ the kids outside. I worked w/ sammy on soccer, we helped nico w/ bike riding and baseball. It was challenging w/ 3 kids though. Kind of in a rut w/ victoria, I'm very frustrated but can't pinpoint exactly why. I think it has to do w/ hernot liking the way she looks but not doing much about it. She's done a light workout the past two nights though, maybe something is changing.",8,4,1,,1,1,,,,,,,,5,1,headaches,,,,1,1,,285,16,395,1205,1325,6,1,5,1,,1,4,3,2,1,1,1,,,,,,,,,,,,,,,,,,,,
2025-04-17,5,"Good sleep, tired in the morning. Not sure why it's so hard to get out of bed. Told victoria a little bit about how I'm feeling this afternoon - struggling to use my time wisely and pick b/w the stuff I want to do while balancing kid time. Didn't tell her I'm frustrated w/ her back and forth on health/body image/not doing anything about it.",8,3,1,,1,1,,1,,,,,1,4,,,,,,1,1,,285,17,395,1115,1310,4.5,1,5,1,,1,3,3,2,1,1,1,,,,,,,,,,,1,,,,,,,,,
2025-04-18,5,Slept well but woke up w/ a leg cramp for some reason. Nothing really remarkable today. Victoria had a lifeguarding class in the evening so I was w/ the kids and we did cleanup for easter crap this weekend. Sammy's been going into his room and playing by himself more recently. Not sure if it's concerning yet; I think he really just wants to play by himself. I had him help me clean up today then we watched the first half of jurassic park.,6,4,1,,1,1,,,,,,,,5,,,,,,1,1,,285,12,400,1110,1350,5.5,1,5,1,,1,3,3,2,1,1,1,,,,,,,,,,,,,,,,,,,,
2025-04-19,8,"Not the best sleep, felt pretty light most of the night and not as comfortable. I think I might need to eat a little closer to bed time, maybe 7:30/8:00 or so. Quick workout in the morning then getting ready for easter crap. Actually didn't mind most of the easter crap. It was pretty chaotic w/ everybody over here but I actually enjoy talking w/ some of the people. Pretty exhausted after everybody left. Went back to the grocery store to get everything else for tomorrow, then people came over again b/c they were getting confirmed tonight. Entertained them for a bit too, then victoria left. After I put nico down, sammy and I finished jurassic park. It was funny watching him jump a few times and get scared. He wanted me to come up to his room w/ him and he wanted a light on all night b/c he was scared of raptors. He really liked the movie though. Then I did some more cooking prep and cleaning before going to bed. I didn't eat too poorly. Didn't have any cheat food until the evening. Didn't really have anything to eat so I ate some of the snacks that were out - some cheeses, a few crackers w/ cheese dip, then I licked out the bowl that had chocolate pie filling in it. Not bad but not clean.",5,4,1,,1,1,,1,,192.8,16,,,8,,,,,,1,,,330,11,405,1335,1435,6,1,5,1,,1,2,2,2,1,1,1,,,,,,,,,,,,,,,,,,,,
2025-04-20,6,"Slept well but not enough. Very tired in the morning. Church then cooking for Easter lunch. Cooking went well, everything turned out good. Ate too much.",6,3,1,,1,,,,,,,,,8,,,1,,,2,,,360,11,400,1205,1295,3.5,1,5,1,,1,2,2,2,1,1,1,,,,,,,,,,,,,,,,,,,,
2025-04-21,6,"OK sleep, felt a little light though. Pretty tired in the morning and feeling a little sick, probably from over eating. I was able to get myself right out of bed b/c Jayce said he might be coming over to lift (he didn't). Clearly I can get myself right out of bed even when I'm tired, need to do that every day. Might be coming down w/ something. Sick poops and slightly sore throat.",5,3,1,,1,1,,,,,,,,6,,,1,,,3,1,,270,0,415,1265,1305,4.5,1,5,1,,1,3,3,2,1,1,1,,,,,,,,,,,1,,,,1,,,,,
2025-04-22,4,"Poor sleep. Phlegm in the back of my throat and couldn't really get into a deep sleep. Rough day. Felt a little out of it but I've got something going on, pooped 6 times and it's straight liquid. Not sure what I picked up. Victoria had the cleaner come again today, which I'm not happy about, but what really pisses me off is that she messes up my pillows. I had them in a comfortable position, but victoria says ""it looks so much nicer"".",4,3,1,,1,1,,,,,,,,5,,,1,,,6,1,,270,4,385,1095,1320,5,1,5,1,,1,3,3,2,1,1,1,,,,,,,,,1,,1,,,,,,,,,
2025-04-23,5,"Slept well, got up right away, but then I got tired during my workout. Also woke up w/ a cramp just before my alarm. Cuddled w/ victoria in the morning. Running out of stuff to do at work again. Sammy got in trouble at school for talking too much and got a note sent home. Victoria went off on him and was very upset. He's also not doing great w/ his grades. We went for a family bike ride on the new berlin g meyers extension, that was pretty fun. I had diarrhea in the morning but nothing after that, I think whatever this is is gone.",8,6,1,,1,1,,1,,,,,1,5,,,1,,,3,1,,270,0,395,1245,1350,5,1,5,1,,1,3,3,2,1,1,1,,,,,,,,,,,,,,,,,,,,
2025-04-24,5,"Light sleep again. Sammy came in around 10 after I had fallen asleep and turned the light on for some reason, took me a while to get back to sleep. Woke up a few minutes before my alarm, felt pretty good so I just got up. Hopefully I can keep this trend going, I've been feeling more energy in the mornings recently. Started feeling sick in the evening again, this time more nausea. I was starving so I had to eat something but not good considering we're going to family camp this weekend.",4,6,1,,1,1,,,,,,,,5,,,1,,,1,1,,265,4,385,1275,1350,5,1,5,1,,1,3,3,2,1,1,1,,,,,,,,,,,,,,,,1,,,,
2025-04-25,4,"Light sleep, nose was a little stuffy, couldn't get comfortable. Slept in but wasn't great sleep. Stayed home from work, still a little nauseous in the morning. It was nice not having too much to do in the morning. I spent some time working on shin savers again. Wasted time and was in a rush by the time it was time to pick up sammy. Drop up to columbia, drive wasn't too bad. Picked up victoria, went to chicken fillet (I didn't eat anything), then checked into family camp. Stayed up pretty late and I was still nauseous. Cool place though, lots of stuff to do.",4,5,1,,1,,,,,192.8,15.8,,1,5,,,1,,,2,,,360,0,420,1155,1410,,1,5,1,,1,2,2,2,1,1,1,,,,,,,,,,,,,,,,,,,,
2025-04-26,6,"Not great sleep, Lena wanted to sleep w/ me, but it was nice being cuddled up next to her. She moved around a lot but it was nice. Took 3 magnesium tablets at night to help knock me out. Nauseous in the morning again but it went away. Food was pretty decent and there was lots to do. It was nice not having to have a super tight leash on the kids. I was hoping some of the dads would play volleyball or pickleball or something, but nobody did. Still pretty kid focused. The pastor was actually pretty good, much more engaging than regular church.",3,5,,,1,,,,,,,,,8,,,,,,3,,,390,,480,1080,1330,2,1,,1,,1,,,,,,1,,,,,,,,,,,1,,,,,,,,,
2025-04-27,6,"Much better sleep, everyone was exhausted. 3 magnesium tablets again. Left camp around 12 and drove back. Drive wasn't too bad but sections of stop and go. Back to the routine in the evening. Got some more work done w/ shin savers.",8,6,,,1,,,,,,,,,6,,,,,,2,,,405,,495,1215,1305,2,1,,1,,1,,,,,,1,,,,,,,,,,,1,,,,,,,,,
2025-04-28,2,"Good sleep but I woke up a couple of times and woke up before my alarm. Started feeling nauseous around noon, the drive home was tough. Ate a little fruit when I got home then laid down, then threw up. Spent the rest of the day in bed. Tried eating some crackers and I threw them up too.",6,5,1,,1,1,,,,,,,,6,,,1,,,4,1,,255,0,395,960,1365,3,1,5,1,,1,1,1,1,1,1,1,,,,,,,,,,,1,,1,,,,,,,
2025-04-29,5,"Good sleep. Don't feel nauseous anymore but very tired and weak. Was able to get a protein shake down in the morning. Felt ok throughout the day but not much energy and definitely poor focus/concentration. Watched a couple of comedy specials and victoria and I watched several episodes of Suits. Nice to just relax all day but also felt wasted. However, I feel OK w/ it b/c even when I tried to do something I couldn't focus on it well.",8,3,,,1,,,,,,,,,6,,,1,,,1,1,,360,,480,1055,1320,3.5,1,5,1,,1,,,,,,,,,,,,,,,,,,,,,,,,,,
2025-04-30,3,"Good sleep again, didn't want to get up. Entertaining dreams and I was comfortable. Light workout in the morning. Ate a small breakfast and took lunch w/ me to work. Ate lunch no problem, but on the way home at about 1:20, same time as Monday, I started feeling super nauseous. I got home and went straight to laying down and threw up around 3 or 4, stayed in bed the rest of the day. I've come to the conclusion that it's my supplements I've been taking. Some of them can cause gastric distress and nausea. Going to take a few days off and slowly reintroduce them. Very frustrating.",8,4,1,,1,1,,,,,,,,6,,,1,,,4,1,,270,19,395,765,1300,3.5,1,5,1,,1,1,1,1,1,1,1,,,,,,,,,,,,,,,,,,,,
2025-05-01,5,"Slept well and had interesting dreams. Not 100% in the morning but better. Cuddled w/ victoria for a while. Not feeling nauseous anymore, but very low energy. Victoria is very sick now, sounds like she has the flu or pneumonia. Sammy lied about and tried to hide some bad grades from us, not sure what to do w/ him. Very frustrating. I was extremely gassy and bloaty all day, pretty much as soon as I ate anything I felt bloaty.",8,3,1,,1,,,,,,,1,,6,,,1,,,5,,,300,,395,1170,1310,3.5,1,,1,,1,,,,,,,,,,,,,,,,,,,,,1,,,,,
2025-05-02,6,"Good sleep w/ intense dreams. Did a light workout in the morning, still very low energy. Slow day at work. Had a couple of good Atlas conversations after work, that was encouraging. Victoria's still pretty sick, I took the kids to tball. Then Nico started feeling sick in the evening.",8,3,1,,1,1,,,,,,,,6,,,,,,2,1,,300,5,395,1110,1350,5,1,5,1,,1,,,,,,,,,,,,,,,,,,,,,,,,,,
2025-05-03,6,"Decent sleep but I couldn't get myself to get up at 530 when my alarm went off. Still physically weak/tired, skipped workout in the morning. Spent most of the day cooking. Victoria was up and down w/ her flu. Sammy and I made meatloaf again, turned out well. We took victoria to the doctor in the evening then I drove around w/ the kids driving for dollars, that was fun having them participate. In the evening, sammy took it upon himself to throw away Nico's toothbrush and victoria and I went off. I think I'm going to have to go back to physically punishing him. I don't know what else to do, he's just mean to nico. It's very frustrating.",8,3,1,,1,,,,,192.6,16,,,6,,,,,,1,,,330,,535,1200,1350,5,1,5,1,,1,,,,,,,,,,,,,,,,,,,,,,,1,,,
2025-05-04,5,"OK sleep but woke up a couple of times to pee. My poop in the morning was straight up blood, not sure what's up w/ that. Nico, Lena, and Victoria are all sick. Didn't do much today, mostly more chores. Caught sammy lying again and gave him a hard smack. Victoria's pushing sending him to therapy, I think that's bullshit. He just hasn't been disciplined and he's just learning about consequences. The guilt strategy clearly doesn't work.",6,5,1,,1,1,,1,,,,,,6,,,,,,2,1,,320,0,420,1140,1350,4,1,5,1,,1,,,,,,,,,,,,,,,,,1,,,,,,1,,,
2025-05-05,5,"Not great sleep. Thought I felt my alarm go off a couple of times around 3, struggled to get back to sleep, then slept through my actual alarm. Stayed home b/c the kids were sick, didn't get much done. Disappointed by an offer call I had, but I had allowed myself to get too excited about it beforehand.",4,5,1,,1,1,,,,,,,,6,,,,,,1,1,,305,0,400,1140,1320,5,1,5,1,,1,,,,,,,,,,,,,,,,,,,,,,,1,,,
2025-05-06,5,"Slept well, woke up a little before my alarm. First good poop today in a while. Feel like I'm just treading water recently. Work sucks, not really getting anywhere w/ Atlas stuff, and victoria and the two kids are sick. Not depressed, but not excited either.",8,6,1,,1,1,,,,,,,,5,,,,,,1,1,,270,0,400,1260,1310,5,1,5,1,,1,,,,,,,,,,,,,,,,,,,,,,,1,,,
2025-05-07,5,"OK sleep. Comfortable, but woke up on my own at 4. Nico also came in crying around midnight. Kind of got back to sleep but still frustrating. Dull day. Kids and victoria are still sick, and now it looks like sammy's getting sick too. Ate clean except for a little bit of noodles w/ dinner.",4,5,1,,1,1,,1,,,,,,5,,,,,,2,,,250,0,370,1260,1310,5,1,5,1,,1,,,,,,,,,,,,,,,,,1,,,,,,,,,
2025-05-08,5,"Decent sleep, woke up about 2 minutes before my alarm again. Pretty regular day, nothing special. Kids are still sick, but they're docile. Talked w/ Matt on the phone for a while in the evening, nice to catch up.",6,5,1,,1,1,,,,,,,,6,,,,1,,2,1,,270,4,375,1215,1320,4,1,5,1,,1,,,,,,,,,,,,,,,,,,,,,,,,,,
2025-05-09,5,"Good sleep but stayed in bed for a while for some reason. Wasted time after work playing candy crush. I got some stuff done while I was doing it, but could hav been more effective. Didn't eat too poorly but I had some of the kids' mac and cheese at dinner",8,4,1,,1,1,,,,,,,,6,,,,1,,2,,,270,22,410,1245,1310,5,1,5,1,,1,,,,,,,,,,,,,,,,,,,,,,,,,,
2025-05-10,6,"Woke up a number of times then slept through my alarm at 5:30. Low back feels pretty tight this morning. Gave the boys haircuts in the morning and victoria and I argued about it. They turned out OK, but Nico's looked worse as the day went on. Didn't do much of anything today, which was nice. I ran some numbers on a 3-house package while nico was at a birthday party and the other two slept, went grocery shopping, then made dinner and the kids went to bed.",4,4,1,,1,1,,1,,191.2,15.5,1,,5,1,low back,,1,,2,,,360,,420,1275,1350,4,1,5,1,,1,,,,,,,,,,,,,,,,,,,,,,,,,,
2025-05-11,6,"OK sleep. Woke up for a while at night but it was OK b/c there was a huge storm that was nice to listen to. Tossed and turned most of the night, couldn't get comfortable. Slept past my 530 and 600 alarms. Went to a little bakery to get cookies and pastries in the morning, then over to the Grahams for mothers day lunch, then back to the house. After naps, I did some cooking, pretty chill day.",6,5,,,1,,,,,,,1,,6,1,low back,,1,,2,1,,390,15,585,1260,1365,4,1,5,1,,1,,,,,,,,,,,,,,,,,,,,,,,,,,
2025-05-12,6,"OK sleep, woke up before my alarm again though. Got headaches when doing chinups again this morning. Continuing to run numbers on this 3-house deal I'm looking at, can't tell if it's a good deal or not. Had fun w/ the kids in the evening.",6,6,1,,1,1,,,,,,,,6,1,low back,,1,,2,1,,265,0,370,1275,1330,4,1,5,1,,1,,,,,,,1,,,,,,,,,,1,,,,1,,,,,
2025-05-13,6,OK sleep w/ entertaining dreams but woke up around 3:50 b/c I had to pee again. I feel like I've gotten up to pee more frequently recently. Spent most of the day working on calculations for a set of houses I'm looking to buy but the guy turned me down. Good conversation and I kept it alive. Had another conversation w/ a seller that was positive. Nice to feel like I'm making progress.,5,5,1,,1,1,,,,,,,,6,1,low back,,1,,2,1,,230,2,390,1260,1310,4.5,1,5,1,,1,,,,,,,,,,,,,,,,,,,,,,,,,,
2025-05-14,5,Good sleep. Wanted to sleep in after 430 alarm but victoria kept snoring so I got up. Decent day at work. Wasted time after work playing dumb games again.,6,4,1,,1,1,,1,,,,,1,6,,,,1,,2,1,,270,22,390,1240,1325,5.5,1,5,1,,1,,,,,,,,,,,,,,,,,1,,,,,,,,,
2025-05-15,6,"Good sleep, woke up 5 minutes before my alarm again though. Had fun w/ Lena while the other two were at swim practice.",8,5,1,,1,1,,,,,,,,6,,,,1,,2,1,,265,9,395,1260,1365,4.5,1,5,1,,1,,,,,,,,,,,,,,,,,,,,,,,,,,
2025-05-16,6,"Slept well. Initially got to sleep at 945 but then ella started barking and I didn't get back to sleep until 1045. Tried sleeping in but didn't really take. The house I was looking to buy needs a lot more work than expected, not going to work out. Getting frustrated w/ my lack of progress and I'm way behind on my follow ups. Also, last week I was feeling really lean and in great shape, this week I'm feeling flabby again. Low back pain is back too.",4,3,1,,1,,,,,,,,,6,1,low back,,1,,1,1,,270,,395,1270,1350,6,1,5,1,,1,,,,,,,,,,,,,,,,,,,,,,,,,,
2025-05-17,9,"OK sleep but ella kept me awake for a while in the middle of the night. Pretty chill day. Got some good tennis in, got to relax, and went to dinner w/ everybody. Just a pretty fun day.",5,5,1,,1,,1,,,193.8,16.1,,,8,,,,1,,2,,,325,0,420,1240,1305,7,1,5,1,,1,,,,,,,,,,,,,,,,,1,,,,,,,,,
2025-05-18,6,"Good sleep. Decent day, did my Sunday cooking, we organized, and I got a good tennis match in in the evening. Lena had another small siezure before I left for tennis but she came out of it pretty quickly. She was very warm.",8,5,1,,1,,1,,,,,,,6,,,,1,,2,1,,330,15,480,1275,1330,6,1,5,1,,1,,,,,,,,,,,,,,,,,,,,,,,,,,
2025-05-19,4,"Poor sleep. We kept Lena in the bed w/ us b/c of her siezure. She stayed still for a while but then got up, moved around, then kicked the rest of the night. One of the smoke detectors also started chirping at midnight. Felt pretty stressed out at the end of the day and unfortunately, I think I took it out on the kids. I had a short temper and wasn't as patient w/ them as I should have been.",2,2,1,,1,,,,,,,,,5,,,,1,,1,1,,360,,510,1280,1335,5,1,5,1,,1,,,,,,,,,,,,,,,,,,,,,,,,,,
2025-05-20,5,"Good sleep, woke up a few minutes before my alarm again. Had to go into work early for a meeting, wasn't too bad. Got home and the cleaner came and I was pissed. I begged victoria to cancel but she didn't. Nico's last game was tonight, he really enjoyed tball. He also really likes his haircut and went hatless to show it off. Victoria and I gave him the haircut. Got my first house under contract today. Staying dead inside though.",6,5,1,,1,1,,1,,,,,1,4,,,,1,,1,1,,270,1,315,1230,1335,5,1,5,1,,1,,,,,,,,,,,,,,,,,,,,,,,,,,
2025-05-21,6,"Slept well. Alarm didn't go off so I slept in. Disappointed b/c I haven't lifted yet this week and I likely won't tomorrow either. OK day at work, staying busy enough. Got some cold calling in, no luck. Went spear fishing w/ Ed and Jeremy in the evening. Didn't catch anything but it was fun.",8,6,1,,1,,,,,,,,,6,,,,1,,1,1,,315,1,355,1340,60,5,1,5,1,1,1,,,,,,,,,,,,,,,1,,,,,,,,,,,
2025-05-22,5,Slept well just not enough. Very tired today after staying up late. Not super motivated to do much. Had fun playing games w/ the boys after Lena went to bed.,6,4,,,1,,,,,,,,1,6,,,,1,,2,1,,345,0,425,1215,1370,5,1,5,1,,1,,,,,,,,,,,,,,,,,,,,,,,,,,
2025-05-23,6,"Slept well but still very tired. Sluggish workout in the morning. Still very tired after work, couldn't get myself to do cold calling so I worked on my spreadsheets. Used chatgpt to write scripts for me and it was pretty awesome. Saved me hours and hours of time. It would be nice to know how to write the scripts but that's not what I need to be doing. Went to dinner w/ a couple of families and had a good time.",6,3,1,,1,1,,,,,,,,6,,,,,,2,,1,255,,385,1220,1320,5.5,1,5,1,,1,,,,,,,,,,,,,,,,,,,,,,,,,,
2025-05-24,8,"Slept well, didn't want to get up though. Quick workout in the morning, took sammy to tennis lessons and hit a bucket of serves. Casey came over to hang out for a while, was nice hanging out and catching up. Finally got the minisplit installed in the sunroom too. Pretty relaxing day. Camped outside in the evening w/ the boys.",6,3,1,,1,1,,1,,193.8,16.1,,,6,,,,1,,1,1,,330,18,425,1230,1305,5,1,5,1,,1,,,,,,,,,,,,,,,,,,,,,,,,,,
2025-05-25,8,"Poor sleep in the tent but better than last time. Kept snoring a lot and waking myself up. Pretty relaxed day again. Casey came over to hang out and brought Adam, the kids enjoyed playing together. I didn't eat too poorly, but I had a few slices of bread and some wontons.",3,4,1,,1,,,,,,,1,,6,,,,1,,1,,,405,,585,1100,1325,4,1,5,1,,1,,,,,,,,,,,,,,,,,1,,,,1,,,,,
2025-05-26,8,"Not great sleep, had trouble getting comfortable and I woke up for a while around 3. Felt anxiety about this flip that I have under contract b/c I think the repair budget is too low, but I have plenty of time to get out of it so there's nothing to worry about. I think I just ate too far from bedtime, which is frustrating b/c I think eating too close to bed is causing me to keep weight on. Got some cooking done in the morning then went over to a neighborhood house for a memorial day party, had a decent time. Did a cold plungs (~47 degrees) and it was painful on my feet and ankles but I felt great afterwords. Hung out at the grahams for a bit then after the kids went to bed, victoria's swim coaches came over and I worked on my spreadsheets for a while.",4,4,1,,1,1,,,,,,,,6,1,low back,,,,1,1,,270,16,420,1185,1380,4.5,1,5,1,,1,,,,,,,,,,,,,,,,,,,,,,,,,,
2025-05-27,6,"Pretty tired when I woke up so I slept in until 6 again, but it wasn't great/consistent sleep. Good progress on shin savers today, worked on a clasp design. Had fun w/ Nico and Lena in the evening.",4,3,1,,1,,,,,,,,,6,,,,,,1,1,,360,0,405,1245,1370,6,1,5,1,,1,,,,,,,,,,,,,,,,,,,,,,,,,,
2025-05-28,8,"Decent sleep, just not enough. Staying up too late working on stuff, but it's enjoyable. Lots of ideas going in the morning, tough to stay focused. Felt pretty excited and motivated today. Making progress on my shin savers design, I think the Bonds Ave property could be a solid BRRRR w/ Deanna as a tenant, and she definitely wants to rent the remaining properties in Darlington. Feel like things are turning around a bit, but also don't want to get too excited b/c nothing is set in stone yet.",5,4,1,,1,1,,,,,,,,6,,,,,,2,1,,270,2,385,1170,1370,5,1,5,1,,1,,,,,,,,,,,,,,,,,1,,,,,,,,,
2025-05-29,6,"Pretty good sleep, slept through the night. Nico's last day of pre-k today. Regular day at work, several meetings. Lots of stuff going on in my head (not a bad thing), lots of things going on. Need to figure out a way to better organize everything. Notebook doesn't cut it b/c I don't have it on me all of the time. Nico's performance was nice tonight, he's sad that he's leaving preschool. Ate dinner at 530 tonight and didn't get back until after 9 and I didn't want to eat that close to bed. We'll see how much I sleep tonight.",8,5,1,,1,1,,1,,,,,,6,,,,,,1,1,,270,5,395,1050,1300,4,1,5,1,,1,,,,,,,,,,,,,,,,,1,,,,,,,,,
2025-05-30,8,"Slept well until 3am, then I couldn't get back to sleep. I anticipated this b/c my last meal was at 530 last night and that was too far away from bedtime. Read for a little bit then finally got up around 4. Decent workout, no significant pain/tightness. Exciting day, stayed really busy and have a lot to do w/ real estate. Continued talks about Bonds ave, got another verbal agreement on another property, found a better to do list app (ticktick), and just feel like I got a lot done.",3,3,1,,1,1,,,,,,,1,6,,,,,,2,1,,180,,360,1200,1305,5,1,5,1,,1,,,,,,,,,,,,,,,,,,,,,,,,,,
2025-05-31,8,"Slept well, cuddled for a while after waking up. Worked on serves while sammy had a tennis lesson. Got some more work done today while lena napped, sammy was at a birthday party, and the others were out at lunch. Went to church in the evening, fed the kids, then got more work done in the evening while victoria went out w/ friends. Enjoying staying productive and getting things done.",8,5,,,1,,1,,,192,15.4,,,6,,,,,,1,1,,360,,485,1245,1410,5,1,5,1,,1,,,,,,,,1,,,,,,,,,,,,,,,,,,
2025-06-01,6,"Slept well but had to poop when I got up to pee around 430. Was able to get back to sleep and was sleeping hard but was woken up by Nico. Had some time to myself again today, got some more work done. I'm torn between getting work done and letting the kids entertain themselves and hanging out w/ them. Was supposed to play tennis tonight but that got cancelled. I stopped eating earlier than usual, around 630, so I took 3 magnesium pills before bed. We'll see what happens.",5,6,,,1,,,,,,,1,,6,,,,,,1,,,410,,510,1110,1350,5,1,5,1,,1,,,,,,,,,,,,,,,,,,,,,,,,,,
2025-06-02,6,"Slept well, didn't get up to pee, and wasn't groggy like I have been in the past w/ 3 magnesium pills. Starting the summer routine, we'll see how this goes. Really not enjoying work. Not a ton to do and it's physically uncomfortable there. Still getting stuff done after hours.",8,6,1,,1,1,,,,,,,,6,,,,,,1,1,,270,3,385,1230,1325,5.5,1,5,1,,1,,,,,,,,,,,,,,,,,,,1,,,,,,,
2025-06-03,6,"Slept well but couldn't get out of bed. I took 3 magnesium pills last night to see what happens. I could not get myself out of bed. I wonder if it works best if I don't eat as close to bed? OK day. Work went by quick enough. I've been going on walks around the campus to kill time and listen to podcasts/make phone calls. Swim meet in the evening. Wasn't too bad, it helps that I have a small network of people to talk to now. Stayed up too late working on spreadsheet conversions. It's a lot of fun working w/ chatGPT.",8,1,1,,1,1,,1,,,,,,4,,,,,,1,1,,270,51,380,1245,1365,6,1,5,1,,1,,1,,,,,,,,,,,,,,,,,,,,,,,,
2025-06-04,8,"Slept well but tired in the morning - not enough sleep. Took Nico to the doctor this morning for his ear. Lazy day at work then went to lunch w/ Luke, enjoyed catching up w/ him. Didn't eat poorly but I had a good bit of rice w/ lunch then a little more when the kids were eating diner. I didn't eat much of a dinner.",6,4,1,,1,1,,,,,,,,6,,,,,,1,,,270,4,355,1275,1325,5,1,5,1,,1,,2,,,,,,,,,,,,,,,1,,,,,,,,,
2025-06-05,5,"Slept well, fell back asleep after my alarm. Actually did a little bit at work today, made the time go by faster. Talked w/ the attorney for Bonds Ave, there are some huge title issues and it doesn't look like it's going to close anytime soon if at all. Pretty bummed about that. Got 132 Wilson in Darlington rented so that's nice. Hung out w/ just Lena in the evening, she's pretty fun and funny.",8,3,1,,1,1,,1,,,,,,5,,,,,,1,1,,330,1,385,1245,1310,5,1,5,1,,1,,2,,,,,,,,,,,,,,,,,,,,,,,,
2025-06-06,6,"Good sleep and solid workout in the morning. OK day, stayed busy-ish at work, got some stuff done at home, played w/ the kids, then watched Matilda before bed. Started taking casien protein in the evening, trying to get more protein in. Sammy's been feeling left out/treated differently lately. He has been treated differently, but he wants the same kind of attention that the littles get and it's getting annoying.",8,6,1,,1,1,,,,,,,,6,,,,,,1,1,,270,4,385,1245,1360,4.5,1,5,1,,1,,2,,,,,,,,,,,,,,,,,,,,,,,,
2025-06-07,6,"Pretty good sleep. OK day, started w/ tennis which made me exhausted the rest of the day. Played w/ the kids a good bit, went to church, grocery shopping, dinner, then bedtime.",8,5,1,,1,,1,,,193.2,16.2,,,6,,,,,,2,1,,330,6,420,1260,1340,5.5,1,5,1,,1,,2,,,,,,,,,,,,,,,1,,,,1,1,,,,
2025-06-08,6,"Good sleep. Tried falling back asleep but it didn't take. OK day. Had fun at the pool - sammy's starting to be more fun and playing catch. Came home, did some cooking, then victoria's family came over for a few hours. We got a foosball table, played that w/ sammy for a while after the other two went to bed.",8,5,1,,1,,,,,,,,,6,,,,,,1,,,330,,450,1320,1340,6,1,5,1,,1,,1,,,,,,1,,,,,,,,,,,,,,,,,,
2025-06-09,6,"Slept well but got up to pee at 350 and couldn't get back to sleep - mind wouldn't shut off. Still trying to stay busy at work. Got some Atlas calls done in the afternoon. Talked w/ Matt, came up w/ a commitment to get 3 30 minute cold calling sessions in this week. Going to do them in the evenings when necessary.",4,5,1,,1,1,,,,,,,,6,,,,,,2,1,,230,0,385,1290,1310,5,1,5,1,,1,,1,,,,,,,,,,,,,,,,,,,,,,,,
2025-06-10,6,"Slept well, light sleep up to my alarm though. Trying to do more w/ Atlas, made some calls after work then another session of cold calling in the evening after the kids went to bed. Sammy had a swim meet (away), so I took the other two to the pool, we had fun.",5,4,1,,1,1,,,,,,,,5,,,,,,1,1,,270,15,390,1290,1320,4,1,5,1,1,1,,2,2,,,,,,,,,,,,,,,,,,,,,,,
2025-06-11,6,"Slept well but tired, tried to go back to sleep but it didn't take. Still focusing on Atlas after work. Worked on my real estate spreadsheet after the kids went to bed - looks like we've accumulated about $100k less rent than we should have over the past 7.5 years, need to figure out where that went.",5,3,1,,1,1,,1,,,,,,5,,,,,,1,1,,270,26,385,1310,1330,5,1,5,1,,1,,2,2,,,,,,,,,,,,,,,,,,,,,,,
2025-06-12,5,"Slept well but tired, went back to sleep. Had two very stressful dreams. Stayed at work relatively late then went to a house and the guy talked at me for an hour. Waste of time. Then the kids had an away swim meet, hung out w/ Chris for a while.",6,3,1,,1,,,,,,,,1,5,,,,,,1,1,,350,3,415,1305,1325,5.5,1,5,1,,1,,2,2,,,,,,,,,,,,,,1,,,,,,,,,
2025-06-13,6,"Kind of restless sleep and stressful dream. Victoria snorred a lot. Tough workout in the morning. Got to cold calling after work, had a couple of decent conversations, could turn into something. Really need a win here soon. Played w/ the kids in the afternoon. Needed to make more calls, but also need to spend time w/ them.",4,3,1,,1,1,,,,,,,,6,,,,,,2,1,,270,0,385,1305,1340,5,1,5,1,,1,,2,2,,,,,,,,,,,,,,,,,,,,,,,
2025-06-14,5,"Good sleep. Mostly relaxing day but got frustrating by the end. Went to the pool in the morning, played w/ Sammy and Jackson, then Jackson came over. He's a good kid and he and sammy got into some physical playing/wrestling, which was good to see. Went to church, and the kids were nuts after that. Nico wouldn't stop talking and asking the same questions over and over again. Very exhausting.",5,5,1,,1,1,,1,,196.2,16.5,1,,6,,,,,,1,1,,330,26,420,1305,1340,5,1,5,1,,1,,2,2,,,,,1,,,,,,,,,1,,,,,,,,,
2025-06-15,6,"Decent sleep but stressful dreams. Tried to go back to sleep after 530 alarm but it didn't take. Had the grahams over for lunch, I made fried pickles, hushpuppies, pork tenderloin, shrimp and grits, scallops, and crab legs. Everything turned out pretty well, pretty exhausted by the end of the day.",5,4,1,,1,,,,,,,,,6,,,,,,1,,,330,,445,1315,1340,5,1,5,1,,1,,2,2,,,,,,,,,,,,,,,,,,,,,,,
2025-06-16,6,"Decent sleep. Woke myself up w/ a violent snore at one point. Good squat workout in the morning, joints are feeling pretty solid. OK day at work, had something come up that I can take care of. Darlington house went UC today so that will be nice to have gone. Made an offer for Atlas, cautiously optimistic about it. Didn't eat poorly, but I had a bit of udon at dinner so I can't say I ate clean. Weight belt has also gotten a little tight recently.",6,4,1,,1,1,,,,,,,1,5,,,,,,1,,,260,3,380,1305,1350,6,1,5,1,,1,,2,2,,,,,,,,,,,,,,1,,,,1,,,,,
2025-06-17,5,"Poor sleep. Woke up around 330 to pee, couldn't get back to sleep. Got back to sleep a little after my alarm but not much. Stressful day due to the Bonds ave deal. Seller is trying to move on, I'm trying to decide if I should put my $1k EMD down. I've decided that I'm going to and if she wants out, she can pay for it. Swim meet tonight, sammy won first place in two of his events, one of which was for points.",3,2,1,,1,1,,1,,,,,,5,,,,,,1,1,,210,0,390,1305,1350,4,1,5,1,,1,,2,2,,,,,,,,,,,,,,,,,,,,,,,
2025-06-18,5,"Decent sleep, woke up around 4 though. I've been drinking too much too close to bedtime, waking up twice to pee. Got a lot of Atlas done after work. Still trying to get Bonds going. Got another verbal but he will only sell via quitclaim deed, need to figure that out. Stayed up too late trying to get an app on victoria's computer working.",5,3,1,,1,1,,,,,,,,5,,,,,,2,1,,240,0,375,1305,1365,5,1,5,1,,1,,2,2,,,,,,,,,,,,1,,,,,,,,,,,
2025-06-19,6,"Slept OK but woke up around 330 again, didn't get back to sleep until after my 430 alarm. Slept in b/c I'm off today and have tennis in the morning. Off for juneteenth today (man that's a dumb name). Tennis in the morning then spent the rest of the day cold calling and catching up w/ Atlas stuff. Was really nice not having to go into work today.",4,2,1,,1,,1,,,,,,,6,,,,,,1,1,,330,,380,1245,1305,4,1,5,1,,1,,2,2,,,,,,,,,,,,,,1,,,,,,,,,
2025-06-20,6,"Decent sleep and a good workout in the morning. Very quiet at work, a lot of people took the day off. I left a bit early. Got another contract signed, but it might not stick - selling via quitclaim deed and there's some time and expense related w/ that. Got a verbal agreement on another one. Still working on title issues on Bonds ave.",5,4,1,,1,1,,,,,,,,6,1,neck,,,,3,1,,270,9,395,1320,1365,6,1,5,1,,1,,2,2,,,,,,,,,,,,,,,,,,,,,,,
2025-06-21,6,"Slept OK, just not enough. Neck was annoying when I had to shift positions. It's not a sharp pain but it is pretty broad and ""heavy"". I used some pressure points on my trap before tennis and it really helped. Body held up well w/ tennis. Went out to a house today and go a contract signed, although she's going to want to buy something and likely won't be able to. I'm hoping that she'll either stay w/ some friends or get an apartment.",5,5,1,,1,,1,,,196.2,16.7,,,6,1,neck,,,,1,1,,330,3,360,1300,1360,6,1,5,1,,1,,2,2,1,,,,1,,,,,,,,,1,,,,,,,,,
2025-06-22,6,Slept OK but neck bothered me again. Went to the pool for a few hours then came home and cooked for a while. Stayed up way too late working on/troubleshooting chatGPT. Didn’t really have a cheat meal but I made some bread and had a few pieces.,5,4,1,,1,,,,,,,,,6,1,neck,,,,1,,,360,3,570,1245,1380,5,1,5,1,,1,,2,2,1,,,,,,,,,,,,,,,,,,,,,,
2025-06-23,6,"Better sleep but not great. Slept in until 530 b/c I went to bed so late. Feel really full this morning for some reason. Went to the chiro, he said I sprained my neck. Easy enough day at work then Atlas stuff when I got home. Talked w/ Casey in the evening for a while and troubleshot GPT for too long again.",6,4,1,,1,1,,1,,,,,,5,1,neck,,,,3,,,330,4,390,1275,1330,5,1,5,1,,1,,2,2,1,,,1,,,,,,,,,,1,,,,,,,,,
2025-06-24,4,"Decent sleep but woke up around 4. Also very hungry in the middle of the night. Neck is feeling better but not 100%. Was supposed to get a nice contract today but the guy didn't sign. Very frustrating. Swim meet tonight, it was not fun. Lena hung out w/ the Kirsches the whole time b/c they just kept feeding her. I was short w/ the kids after we got home - exhausted and just annoyed. I'm sick of swimming stuff.",5,5,1,,1,1,,,,,,,,4,1,neck,,,,1,1,,240,3,385,1295,1320,5,1,5,1,,1,,2,2,1,,,,,,,,,,,,,,,,,,,,,,
2025-06-25,5,"Pretty good sleep but still woke up tired. Not much to report for the day. Went over to Larry's for dinner, ate a burger (w/ bun) and pasta salad, other than that I ate clean today. Tried getting conversations going, had decent success.",8,3,1,,1,1,,,,,,,,6,1,neck,,,,1,,,270,10,370,1295,1340,5,1,5,1,1,1,,2,2,1,,,,,,,,,,,,,1,,,,,,,,,
2025-06-26,5,"Slept well, woke up at 4 again. Couldn't decide if I wanted to go back to sleep or get up. Not much to report for the day. Spent an hour cold calling after work, no leads came out of it.",8,3,1,,1,1,,,,,,,,6,1,neck,,,,1,1,,270,37,375,1245,1350,6,1,5,1,,1,,2,2,1,,,,,,,,,,,,,,,,,,,,,,
2025-06-27,6,"Slept well but it took me a while to fall asleep. Only woke up a couple of minutes before my alarm, still couldn't get out of bed right away. Neck feels like it's almost recovered. Got more dialing in this afternoon, dinner, then went out for drinks w/ Larry and Becky, had a good time.",6,3,1,,1,1,,,,,,,1,6,1,neck,,,,1,,1,270,18,380,1275,35,6,1,5,1,,1,,2,2,1,,,,,,,,,,,,,,,,,,,,,,
2025-06-28,6,"Slept well, tired in the morning. Victoria took Nico to mega meet, I stayed home w/ sammy and lena. Mega meet in the morning so I stayed home w/ sammy and lena. Pretty relaxing day but very tired. Tried to nap but it didn't take. In the evening, went line dancing for Brian's birthday and then got mexican. Didn't eat any chips. Only cheating I did today was the drink at the bar.",6,2,,,1,,,,,197.6,16.6,,,6,,,,,,1,,1,360,,510,1305,1380,6,1,5,1,,1,,2,2,1,,,,,,,,,,,,,1,,,,1,,,,,
2025-06-29,6,"Decent sleep. Sammy had tennis lessons in the morning so I went to work on my serve. Had a while to myself in the afternoon, did more cooking and chores.",6,4,1,,1,,1,,,,,1,,6,,,,,,1,1,,350,,470,1245,1290,5,1,5,1,,1,,3,2,1,,,,,,,,,,,,,1,,,,,,,,,
2025-06-30,6,"OK sleep but I struggled to get back to sleep after my 3am pee. I was happy that it was 3 so I could get a full 90 minute cycle in, but couldn't get back to sleep quickly. Also, I've been getting up to pee too many times recently. I'm taking casein at night and that's caused me to get up shortly after falling asleep, need to figure something else out. Not much to report for the day. Took my casein earlier than usual, we'll see how it plays out.",4,5,1,,1,1,,1,,,,,,6,,,,,,3,1,,270,0,395,1245,1305,,1,5,1,,1,,2,2,1,,1,,,,,,,,,,,,,,,,,,,,
2025-07-01,6,"Slept well but only light sleep after getting up to pee (for the second time). Despite drinking my shake earlier, I still got up to pee around 1030. Good max out workout in the morning. Made muffins w/ sammy in the evening. Drank my casein shake around 715 and ate a little snack at 810, we'll see how it goes this evening. The cleaner came today - while I was not happy about it, I didn't react as much as I have in the past.",5,6,1,,1,1,,,,,,,,6,,,,,,2,1,,270,0,415,1215,1305,4,1,5,1,,1,,2,2,1,,1,,,,,,,,,,,,,,,,,,,,
2025-07-02,6,"Good sleep last night, only got up once to pee. Feeling frustrated w/ Atlas stuff, but finally got that land deal locked up so that helps. Played a couple of rounds of Azul w/ victoria in the afternoon while the two littles played on the deck and sammy was out at swim practice. That was nice.",8,5,1,,1,1,,,,,,,1,6,,,,,,2,1,,270,4,370,1215,1320,4,1,5,1,,1,,2,2,1,,1,,,,,,,,,,,1,,,,,,,,,
2025-07-03,6,"Good sleep again, OK max out workout in the morning. OK day, victoria was in a bad mood in the afternoon - her friends don't seem like friends anymore and nick doesn't seem to be valuing her.",8,5,1,,1,1,,,,,,,,6,,,,,,3,1,,270,9,390,1225,1320,5,1,5,1,,1,,3,2,1,,1,,,,,,,,,,,,,,,,,,,,
2025-07-04,8,"Good sleep before peeing but poor sleep after. Slept in a little bit but I was basically awake from about 4-530. Pretty good day. Went over to a pool party in the afternoon then a fireworks party in the evening, enjoyed my talking w/ some of the people at both.",4,5,1,,1,1,,1,,,,,,6,,,,,,1,,,330,4,410,1300,1330,5,1,5,1,,1,,2,2,1,,1,,,,,,,,,,,,,,,,,,,,
2025-07-05,6,"Good sleep, tired when I woke up though, probably should have turned off my alarms. Pretty chill day. Had a birthday party for sammy at the pool, a good number of kids showed up. Didn't do a whole lot the rest of the day.",8,4,1,,1,,,,,199.2,16.6,1,,6,,,,,,1,1,,330,4,540,1185,1320,4,1,5,1,,1,,2,2,1,,,,,,,,,,,,,1,,,,,,,,,
2025-07-06,8,"Slept well until I got up to pee then light sleep again. I can't seem to stay asleep after getting up. Can't get comfortable and I keep moving around. At least it allowed me to get a quick workout in this morning. Went to watch sammy's free relay swim at city meet and they actually got first place! He looked like he was trying really hard. It was awesome. Pretty relaxing day otherwise, then I got some good tennis in while the kids were at vbs.",3,4,1,,1,1,1,1,,,,,1,6,,,,,,1,1,,255,,370,1310,1325,5,1,5,1,,1,,3,2,1,,1,,,,,,,,,,,2,,,,,,,,,
2025-07-07,6,"Slept on the couch (sammy got to sleep in the bed for his birthday), did not sleep well. I was pretty comfortable, just couldn't stay asleep. Went back to sleep after my 430 alarm. Didn't do any Atlas stuff after work. Dropped the kids off at vbs then went to dinner w/ the corbets and collettes - good food and it was fun.",3,3,1,,1,,,,,,,,,6,,,,,,3,,1,380,0,420,1290,1320,,1,5,1,,1,,2,2,1,,1,,,,,,,,,,,,,,,,,,,,
2025-07-08,5,"Slept better, pretty comfortable, but woke up to pee only about 20 minutes before my alarm. Had a good amount of time to myself in the evening but feel like I wasted it. I was trying to be productive, but I kept going back and forth w/ GPT about scripts and it didn't get anywhere. Very frustrating. Should have spent at least some of the time cold calling.",6,5,1,,1,1,,,,,,,,6,,,,,,2,1,,270,3,410,1275,1320,4,1,5,1,,1,,3,2,1,,1,,,,,,,,,,,,,,,,,,,,
2025-07-09,6,"Slept well, still woke up a bit before my alarm. Only got up to pee once though despite drinking late. Got some dialing in but I'm really not enjoying it. Trying to make myself just stick w/ it and push through. Kids had vbs in the evening so victoria and I went to play pickleball and tennis. Was nice to hang out just the two of us.",8,5,1,,1,1,,,,,,,,8,,,,,,2,1,,270,1,410,1265,1320,4,1,5,1,,1,,2,2,1,,1,,,,,,,,,,,1,,,,,,,,,
2025-07-10,5,"Decent sleep but didn't get back to sleep after peeing. Was very comfortable though. Stayed busy at work. Pretty down on Atlas stuff, very frustrated w/ the lack of progress and no closed deals. Went to the town hall meeting tonight about the apartments being proposed in the neighborhood. It was interesting and objectively, I don't think they should go here, but the town passed it onto the next level.",6,5,1,,1,1,,,,,,,,6,,,,,,1,1,,230,19,415,1290,1330,3,1,5,1,1,1,,1,1,1,,1,,,,,,,,,,,,,,,1,1,,,,
2025-07-11,6,"Decent sleep. Didn't think I'd get back to sleep after peeing but I did. OK day, had optimistic conversations w/ Deanna about renting the restaurant and our vacant unit in summerville in the afternoon, hopefully that works out in both cases. Would be great to get everything occupied.",6,5,1,,1,1,,1,,,,,,6,,,,,,2,1,,270,5,390,1240,1360,4,1,5,1,,1,,3,2,1,,1,,,,,,,,,,,1,,,,,,,,,
2025-07-12,8,"Slept OK but was up for a bit in the middle of the night. Pretty fun day. Went out on the boat w/ the Larrys, hung out on an island for a while. Had to leave early b/c of a storm so then we had time to go to a little debby party, which I find ridiculous, but victoria wanted to be seen.",5,5,1,,1,1,1,1,,197.8,16.6,1,,6,,,,,,1,,1,330,13,435,1275,1350,5,1,5,1,,1,,3,2,1,,1,,,,,,,,,,,,,,,,,,,,
2025-07-13,6,"Slept pretty well. OK day, spent most of it cleaning up the house and doing chores. I started feeling sick a little after lunch time and thought it was b/c of the berberine. Played through it during tennis then started feeling worse immediately after. Pulled over and threw up on the way home. Woke up in the middle of the night and threw up and pooped again. Not sure if it's the berberine or if I have a bug.",6,5,1,,1,,1,,,,,,,6,,,1,,,2,1,,360,,580,1035,1320,6,1,5,1,,1,,1,1,1,1,1,,,,,,,,,,,1,,,,,,,,,
2025-07-14,6,"Could not get to sleep despite feeling comfortable. Got up in the middle of the night to throw up and poop. Slept in b/c I was still feeling sick. Had some water in the morning and couldn't even keep that down, seems like I have a bug. Stayed home from work today, got some good work done w/ Atlas and the restaurant. I didn't eat much - still felt nauseous at several points. All I ate was some tortilla chips and spaghetti. Was nice to have that time to get stuff done. Victoria left for Rock Hill for a couple of days.",5,4,1,,1,,,,,,,,,6,,,1,,,1,,,400,1,825,1115,1350,3,1,5,1,,1,,,,,,,,,,,,,,,1,,,,,,,,,,,
2025-07-15,5,"Slept very well, didn't wake up at all. Should have gone to bed sooner. Felt good enough for a workout in the morning. Spent most of the work day on my shin savers design, came home to work on it, swapped out for TPU filament, and ended up gumming up my printer. Spent a lot of time troubleshooting, felt like a wasted evening. Just me and Lena, we had fun but I spent too much time on the printer while she was here. Should have been more focused on her.",9,6,1,,1,1,,,,,,,,6,,,,,,1,1,,270,11,390,1285,1310,3.5,1,5,1,,1,,2,2,1,,,,,,,,,,,,,,,1,,,,,,,
2025-07-16,6,"Poor sleep. Woke up around 4 and couldn't get back to sleep, too much on my mind. Specifically, Bonds ave, Atlas not making any money, and the printer gumming up. OK day. Nice to have everyone back (boys slept at victoria's parents last night) but it was chaotic. More frustration w/ Atlas contracts. Had fun playing carcassonne in the evening.",3,4,1,,1,1,,,,,,,1,6,,,,,,1,1,,240,3,410,1270,1310,4,1,5,1,,1,,2,2,1,,1,,,,,,,,,,,,1,,1,,,,,,
2025-07-17,6,"Decent sleep. Slept in past my 430 alarm. Didn't think I fell back asleep but apparently I did, got up when my 600 alarm went off. OK day, feel like I'm getting somewhere on my spreadsheets w/ chat gpt. Also got into something mildly interesting at work. Played some more carcassonne w/ sammy in the evening.",6,5,1,,1,1,,1,,,,,,6,,,,,,1,1,,360,3,435,1290,1335,5,1,5,1,,1,,2,2,1,,1,,,,,,,,,,,,,,,,,,,,
2025-07-18,6,"Good sleep, just not enough. Went out to hunt shark teeth after work, ended up playing w/ lena in at the playground. She had fun. Didn't do too much else in the evening.",8,5,1,,1,1,,,,,,,,6,,,,,,1,1,,270,3,420,1230,1315,5,1,5,1,,1,,3,2,1,,1,,,,,,,,,,,2,,,,,,,,,
2025-07-19,8,"Good sleep, woke up on my own around 550. Helped Chris move in the morning. Went to the pool after getting back. Played w/ the kids for a while then talked w/ Larry for a while. I enjoy talking w/ him. Got back, played a board game w/ the boys, then went out w/ some friends to dinner and a comedy show. Dinner was at Momos, not very good. I found a beard hair on my burger - should have sent it back but I didn't. Then we went to see Nate Bergatze and it was very funny. Traffic was so bad afterwords so we walked over to a mexican restaurant until things died down. Fortunately, I was able to not eat anything. Got home really late and put the kids to bed.",8,6,1,,1,,,,,195.8,16.4,,,6,,,,,,1,,2,350,0,390,1110,,5,1,5,1,,1,,2,2,1,,,,,,,,,,,,,1,,,,,,,,,
2025-07-20,6,"Slept well but really tired in the morning. Would have slept in but I had a tennis match. Decent day, started out w/ tennis then did some cleaning, and we played catan w/ sammy while the other two napped. Did some cooking, but generally a pretty relaxed day. Nico was no very kind today, he was pretty mean to Lena.",5,2,1,,1,,1,,,,,,,6,,,,,,1,,,350,6,395,1270,1330,5.5,1,5,1,,1,,3,2,1,,1,,,,,,,,,,,1,,,,,,,,,
2025-07-21,6,"Poor sleep. Woke up around 330, not even to pee, and couldn't get back to sleep. Could not control my mind - it was all over the place. I started to doze off a few times but then victoria would snore. Pretty tired all day and not there mentally. Didn't do any work at home after work - I was w/ Lena most of the time. Probably good, just needed to relax anyway.",3,3,1,,1,1,,,,,,1,,6,,,,,,2,1,,210,0,405,1235,1320,4,1,5,1,,1,1,3,2,1,,1,,,,,,,,,,,1,,,,,,,,,
2025-07-22,6,"OK sleep. Set my alarm for 6 to try to get more sleep. Woke up around 530 and only got light sleep after that. OK day, stayed busy at work, got home and did some admin-type stuff for real estate. The kids have VBS in the evenings again, nice to hang out w/ victoria sans the chaos.",5,4,1,,1,,,,,,,,,6,,,,,,1,1,,360,0,525,1260,1320,4,1,5,1,,1,2,2,2,1,,1,,,,,,,,,,,,,,,1,,,,,
2025-07-23,5,"Decent sleep, woke up around 420 on my own. Tough workout in the morning. Victoria left for columbia this morning, will be back tomorrow afternoon. OK day, but I was short w/ the kids in the afternoon. Not 100% sure why, but I just was. In the evening, I started to try to fix my 3d printer but made it worse. Very frustrating.",6,5,1,,1,1,,,,,,,1,6,,,,,,3,1,,260,2,400,1290,1350,4,1,5,1,,1,2,3,2,1,,1,,,,,,,,,,,,,,,,,,,,
2025-07-24,6,"Good sleep but very tired, went back to sleep. OK day. 2 hour, unnecessary meeting after work today, got stuck in traffic on the way home. Was nice to have victoria back this afternoon.",6,2,1,,1,1,,1,,,,1,,6,,,,,,2,1,,270,,390,1245,1320,4,1,5,1,,1,2,3,2,1,,1,,,,,,,,,,,,,,,,,,,,
2025-07-25,6,"Not very resful sleep. Phone got unplugged and dinged in the middle of the night, took a while to get back to sleep. I tried meditating/focusing on my breath. I think it helped, instead of letting my mind ruminate, specifically about finances, more specifically about how I got scammed out of ~$5k on coinbase. Got back to sleep but had stressful dreams. OK day at work, went by pretty quickly. Went to the pool w/ everybody after work, not particularly fun. Victoria went out in the evening so I got some computer work done.",4,3,1,,1,1,,,,,,,,6,,,,,,1,1,,270,12,405,1275,1340,4,,5,1,,1,3,3,3,1,,1,,,,,,,,,,,1,,,,,,,,,
2025-07-26,9,"Decent sleep, slept past my 530 alarm, didn't feel it go off. Really good day today. Casey came over and we got a workout in and breakfast. He went home then came back a little later and we just hung out and talked. Then we went over to Mike and Kelly's for dinner and had a good time there too. Nice hanging out w/ friends today. Didn't eat too poorly, just a couple of cookies and a couple of drinks.",6,6,,,1,1,,,,195.6,16.6,,,8,,,,,,1,,2,390,0,615,1335,0,3,1,5,1,,1,1,2,2,1,,,,,,,,,,,,,1,,,,,,,,,
2025-07-27,6,"Took a while to fall asleep last night, maybe b/c of the drinks. Then sammy was sleepwalking again and was in Lena's room. That was really weird and concerning. Turned off my alarm and slept in. Went to a birthday party, not very fun. Then grocery shopping and came home for a nap. Was nice to relax.",5,6,,,1,,,,,,,2,,8,,,,,,1,,,435,0,555,1305,1365,4,1,5,1,,1,1,3,3,1,,,,,,,,,,,,,,,,,,,,,,
2025-07-28,6,"Decent sleep, just went to sleep too late. Stayed up reading. Very tired in the morning and did not want to work out. Got to stay home from work today for some networking training. I couldn't care much less about networking, but it was better than going into work. Spent a while working w/ gpt and my spreadsheets. Victoria keep bringing up having another kid and it's getting very annoying.",5,2,1,,1,1,,,,,,,,6,,,,,,2,1,,270,4,395,1275,1335,4,1,5,1,,1,3,3,3,1,,1,,,,,,,,,,,,,,,,,,,,
2025-07-29,6,"Good sleep, woke up on my own around 415 or so. Lena's first day back at school today and a second day of at-home training. Went to dinner w/ little rachel, lee, and the kids. I tried talking w/ Lee but not much there. Ate too much.",6,6,1,,1,1,,,,,,,,6,,,,,,1,,1,255,0,420,1275,1335,4.5,1,5,1,,1,3,3,3,1,,1,,,,,,,,,,,1,,,,,,,,,
2025-07-30,5,"Good sleep but it took me a bit to fall asleep for some reason. Didn't get up to pee though and I slept up to my alarm. OK day, back into the office then stayed for a late meeting. Played w/ the kids in the afternoon.",6,4,1,,1,1,,1,,,,,,6,,,,,,3,1,,270,6,405,1275,1335,4,1,5,1,,1,2,3,3,1,,1,,,,,,,,,,,1,,1,,,,,,,
2025-07-31,6,"Good sleep, very comfortable, went back to sleep after my alarm. Feeling very disgusting recently like I have a spare tire around my waste. Have to figure something out to lose it. OK day, stayed busy at work, then got a lot of good stuff done at home w/ my cc tracker. It's functionally complete except for the reporting.",6,4,1,,1,1,,1,,,,,,6,,,,,,2,1,,270,,385,1280,1335,5,1,5,1,,1,2,3,3,1,,1,,,,,,,,,,,,,,,,,,,,
2025-08-01,6,"Good sleep, just need to go to sleep earlier. Was still sleepy this morning but forced myself out of bed. Light day at work. Didn't do much on the computer after getting home. Taught sammy how to play dominion, then went over to Mike and Kelly's for game night. Only had a single slice of pizza, still pretty hungry. I talked w/ GPT today about my spare tire, it suggested extra estrogen, which I think tracks w/ previous blood tests.",6,3,1,,1,1,,,,,,,,6,,,,,,0,,,270,3,395,1080,1335,5.5,1,5,1,,1,1,2,2,1,,1,,,,,,,,,,,1,,,,,,,,,
2025-08-02,8,"Good sleep. Zone 2 workout in the morning, didn't last as long as I'd like. Maybe I need to do something other than airbike for it. Chores in the morning, then went over to yet another small child's birthday party, then victoria and I went out to Beautiful South for our anniversary dinner. It was great. We got a drink beforehand too. Had a really good time, then we were stuffed and went to bed.",6,4,1,,1,1,,,,198.6,17.1,,,8,,,,,,2,,1,330,9,410,1125,1275,,1,5,1,,1,2,2,2,1,,1,,,,,,,,,,,1,,,,,,,,,
2025-08-03,6,"Slept in, no alarm. Was nice to sleep in. The boys were at victoria's parents and lena slept in too. Lots of cooking today then tennis in the evening.",8,8,,,1,,1,,,,,1,,6,,,,,,2,1,,450,,570,1260,1350,5,1,5,1,,1,2,2,2,1,,1,,,,,,,,,,,1,,,,,,,,,
2025-08-04,4,"Decent sleep, vivid dreams, but took a bit to get back to sleep after peeing. Pretty dull day. Did some atlas stuff after work but really not into it - feeling pretty down about it. Went to the boys' meet the teacher tonight then the playground. I ""snapped"" at victoria and she was upset - I didn't think it was that bad. Also have diarrhea for some reason.",6,3,1,,1,1,,,,,,,,4,,,1,,,5,1,,270,9,395,1190,1325,4,1,5,1,,1,2,3,3,1,,1,,,,,,,,,,,,,,,,,,,,
2025-08-05,6,"Woke up a couple of times and had trouble getting back to sleep b/c of victoria's snoring.  Pretty tired and beat down in the morning.  Tired all day.  Listened to some Hormozi podcasts which got me motivated for cold calling again, got some dialing in after work.  Went to dinner for a final summer thing w/ the kids.  Ate a salad, a couple of fried things, and a few spoons of ice cream.",5,3,1,,1,1,,,,,,,,6,,,,,,2,,,270,9,410,1215,1295,4,1,5,1,1,1,2,3,3,1,,1,,,,,,,,,,,1,,,,,,,,,
2025-08-06,6,"Decent sleep, woke up a little before my alarm again.  Light workout in the morning, trying to get back into zone 2 cardio stuff per my conversations w/ chat gpt.  First day of school today, a little sad to see nico going to school.  Got some cold calling in after work then tennis match in the evening.",5,3,1,,1,1,1,,,,,,,6,,,,,,2,1,,270,9,385,1310,1380,6,1,5,1,,1,2,3,3,1,,1,,,,,,,,,,,1,,,,,,,,,
2025-08-07,6,"Slept OK but woke up a couple of times.  Took a while to fall asleep too, probably calming down from the tennis match.  OK day, work went by fast enough.  Went to an REI meetup this evening, it was uncomfortable but I talked to a few people.  It was worth going.",4,4,1,,1,,,,,,,,,6,,,,,,2,1,1,330,2,445,1245,1315,4,1,5,1,,1,1,3,3,1,,1,,,,,,,,,,,,,,,,,,,,
2025-08-08,8,"Good sleep, more energy for lifting this morning.  Work went by quickly but I was working on my own spreadsheet projects.  Went to dinner w/ the gibsons, had a good time.",6,5,1,,1,1,,,,,,,,6,,,,,,2,,3,270,4,400,1200,1310,5,1,5,1,,1,1,3,3,1,,1,,,,1,,,,,,,,,,,,,,,,
2025-08-09,5,"Good sleep, slept through my 5:30 alarm, got up at 6.  Had the day mostly to myself.  Hung out w/ lena in the morning while victoria took the boys to swm practice.  We did breakfast and chores.  When the boys got home, They had gone to dunkin and just had a donut, I was pretty pissed b/c victoria gives me shit about making banana shakes for them too much.  They she took everyone to the pool for several hours and I worked on the bathroom.  She was not in a good mood.  Then they went to church and dinner and she was in an even worse mood b/c of the kids and sofia.  Nico was particularly bad at the restaurant and we took away all of his stuffies, victoria told him she's going to throw them away.  I felt really bad, but I wasn't in the restaurant to see how bad it was.  Victoria recapped it and it sounded pretty bad.  I didn't enjoy spending so much time on the bathroom, but I did get to listen to a lof of podcasts.",6,6,1,,1,1,,,,200.8,16.2,,1,4,,,,,,2,1,,360,,450,1170,1290,5,1,5,1,,1,3,3,3,1,,1,,,,1,,,,,,,1,,,,,,,,,
2025-08-10,6,"OK sleep, felt a little restless and couldn't get comfortable.  Decent day.  I hung out w/ the kids most of the day so victoria could get some stuff done.  We opened up my box of toys from when I was a kid and it was fun watching them play w/ them and get excited.",5,5,1,,1,,,,,,,,,6,,,,,,1,1,,315,0,500,1140,1320,5,1,5,1,,1,3,3,3,1,,1,,,,1,,,,,1,,,,,,,,,,,
2025-08-11,5,"Felt like restless sleep but didn't feel super tired in the morning.  Work went by quick enough.  Talked w/ Ed Gommer for a while, he's entertaining.  Thinking about inviting him out to lunch some day. Got some spreadsheet work done at home then played Dominion w/ Sammy.  I was apparently short w/ victoria but I felt like she was short w/ me too.  Also played this weird fish slapping game w/ the kids, it was a lot of fun.",4,5,1,,1,1,,,,,,,,4,,,,,,1,1,,270,3,400,1065,1320,4,1,5,1,,1,2,3,3,1,,1,,,1,1,even just 6 cherries caused a pretty big spike,,,,,,,,,,,,,,,
2025-08-12,8,"Light sleep, couldn't get comfortable.  Doctor appointment in the morning, nothing fruitful.  He was pretty dismissive of my complaints and concerns (too much belly fat, weight gain, body fat going up, less energy…).  Ordered some labs but likely a waste of time.  Got some more spreadsheet stuff done, pretty excited about it.  Good tennis match in the evening, come from behind win.",4,3,1,,1,1,1,,,,,,1,5,,,,,,2,1,,230,0,350,1310,1380,7.5,1,5,1,,1,1,3,2,1,,1,,,1,1,,,,,,,2,,,,,,,,,
2025-08-13,5,"Slept well just not enough.  Felt annoyed most of the day, lack of job satisfaction is not enjoyable.  Neck started bothering me in the afternoon, got worse into the evening.",5,4,1,,1,,,,,,,,,5,1,neck,,,,1,1,,330,10,460,1185,1290,5,1,5,1,,1,2,3,3,1,,1,,,1,1,,,,,,,,,,,1,,,,,
2025-08-14,5,"OK sleep, woke up a little before my alarm.  Got through work, went to the chiro in the afternoon, played outside w/ the kids.",5,5,1,,1,1,,1,,,,,,6,1,neck,,,,1,1,,255,0,380,1185,1295,5,1,5,1,,1,2,3,3,1,,1,,,1,1,"BS dropped below 70, I think that's around when I was going in and out of sleep in the morning.  Dinner was chicken curry and egg roll in a bowl.  The only carbs in it was some heavy cream in the curry and my BS went up 10 points.",,,,,,1,,,,,,,,,
2025-08-15,6,"Good sleep, lots of engaging dreams that I can't remember.  Played w/ the boys after school then stayed up w/ them to watch jurassic park.",8,5,1,,1,1,,,,,,,,6,,,,,,2,1,,270,3,415,1235,1295,5,1,5,1,,1,2,3,3,1,,1,,,1,1,,,,,,,1,,,,,,,,,
2025-08-16,4,"Not great sleep - victoria woke me up a few times snoring and I woke myself up a few times snoring.  Oura ring is saying I'm sleeping pretty well and feeling pretty rested, I'm not seeing a lot of correlation w/ that in how I feel.  Felt pretty tired most of the day and not super patient w/ the kids for some reason.  Victoria had stuff in the morning so I took them grocery shopping then we went to hang out at the library for a while.  They did pretty good.  Nico liked playing on the computer, lena colored, and sammy read.  Took a nap/just hung out in bed for a while in the afternoon, then another pool party in the evening.  The pool just doesn't fucking stop.",4,4,1,,1,1,,,,197.6,16.6,,,6,,,,,,1,1,,330,10,435,1230,1290,5,1,5,1,,1,3,3,3,1,,1,,,1,1,,,,,,,1,,,,,,,,,
2025-08-17,5,"OK sleep but I can't seem to get comfortable.  Pretty tired most of the day.  Light doubles tennis in the morning, then I did an ice bath after.  It was 56 degrees but very difficult.  I did about 1:30 then another 1:00.  Did some chores, cooking, then we went over to Michael's for dinner.  Since it was my cheat meal, I went ham on the mac and cheese when we got home, which was a mistake.  It was delicious though.",5,4,1,,1,,1,,,,,1,,,,,,,,1,,,330,4,490,1260,1305,6,1,5,1,,1,2,2,2,1,,,,,1,1,A good portion of today was spent under 70 for some reason.  That might explain why I was feeling so tired though.  I thought my sensor had disconnected so I secured it w/ a sweatband.,,1,,,,1,,,,,,,,,
2025-08-18,4,"Poor sleep - had trouble getting to sleep then I felt like I woke up several times.  Did not feel rested in the morning and very sluggish.  Oura said my heartrate was high most of the night and this is likely b/c I ate soo much right before bed.  Took a small nap in b/w getting the boys off and getting Lena up, felt better after.  Still in a low mood/exhausted the rest of the day.  Forced myself to do some Atlas calls after work.",3,3,1,,1,1,,,,,,,,5,,,,,,2,1,,270,3,405,1215,1310,4.5,1,5,1,,1,1,2,2,1,,,,,1,1,"BS spiked (175) around 1145 at night, probably why I had a hard time getting and staying asleep.  Strange that it took so long after eating though.  BS stayed pretty level today even adding in black beans w/ my lunch.",,,,,,,,,,,,,,,
2025-08-19,5,"Better sleep, feeling more rested in the morning and in a better mood.  Busy afternoon w/ kid activities.  It's getting exhausting.",6,5,1,,1,1,,,,,,,1,6,,,,,,1,1,,270,2,405,1210,1295,4,1,5,1,,1,2,3,3,1,,1,,,1,1,,,,,,,,,,,,,,,,
2025-08-20,5,"Good sleep again, sleepy when I woke up though.  Took the morning off to get blood work done.  I feel like I'm not carrying my weight w/ taking the kids to their activities and everything.  Victoria's coordinated a lot and coordinated carpools.  I was supposed to have dinner ready tonight but didn't (there was some miscommunication).  Also stayed out too late playing tennis, but didn't feel too bad about that - she stays out late doing other stuff too when I have to get up early.",8,4,1,,1,,1,,,,,,,3,,,,,,2,1,,270,6,555,1275,1395,6.5,1,5,1,,1,1,2,2,1,,1,,,1,1,,,,,,,1,,,,,,,,,
2025-08-21,6,"Good sleep, would have been nice to get more.  Made up w/ victoria in the morning, she was also upset b/c she convinced herself I was out cheating on her last night lol.  Pretty regular day, not much to report.",6,4,1,,1,1,,,,,,,,6,,,,,,1,1,,330,3,470,1155,1270,5.5,1,5,1,,1,2,3,3,1,,1,,,1,1,,,,,,,,,,,,,,,,
2025-08-22,6,"Good sleep again, felt pretty good in the morning.  OK day.  Got a lot done w/ my !CC tracker spreadsheet report, nice to have that done.  Watched Jurassic Park II w/ the boys in the evening, they loved it.",8,6,1,,1,1,,,,,,,1,6,,,,,,1,1,,270,3,400,1305,1370,4,1,5,1,,1,2,2,2,1,,1,,,1,1,"Stayed pretty level today.  Did a test to see if just protein (5 oz chicken breast) would increase BS, it didn't.",,,,,,1,,,,,,,,,
2025-08-23,8,"Good sleep, several vivid dreams but I can't really remember them.  Went to bed too late though.  Good day today.  Victoria was out at a swim meet so just me and the kids.  The boys did a good job playing in the morning, Lena slept in.  After breakfast, the kids all played together, then we played w/ paper airplanes, grocery shopping, lunch, then they played some more.  It was nice that everybody got along so well.  I made beefy mac for dinner, then after dinner the boys and I watched jurassic park 3.",8,4,1,,1,1,,,,197.6,16.5,,,6,,,,,,2,,,330,30,450,1160,1280,4,1,5,1,,1,2,3,3,1,,1,,,1,1,"Had beefy mac for dinner - BS didn't spike too high but it stayed pretty elevated pretty much the whole time I was sleeping, and I didn't have a great night of sleep.",,,,,,,,,,,,,,,
2025-08-24,8,"Not great sleep.  I slept most of the night, but it felt light and I couldn't get comfortable.  Also had weird dreams.  Did my glucose challenge test in the morning (see CGM notes) so the kids and I watched some movies in the morning.  Did some cooking and chores in the afternoon.  Good tennis in the evening.",5,4,1,,1,,1,,,,,,,6,,,,,,1,1,,330,7,510,1275,1320,7,1,5,1,,1,2,3,3,1,,1,,,1,1,"Did a glucose tolerance test today and the results were good.  Looks like I'm sufficiently insulin sensitive and my insulin response is good.  Eating more sweet potatoes and they're not having a significant effect on my BS.  I also skipped the jelly before tennis and my BS didn't elevate too much (just pb and banana), also didn't spike during tennis and I didn't seem to get my mid-match slump.",,,,,,1,,,,,,,,,
2025-08-25,8,"OK sleep, felt like it took a while to fall asleep and I woke up several times.  Interesting dreams again.  Tired in the morning, didn't push too hard w/ my workout.  Pretty good day.  Several phone calls during work, I wasn't at my desk very much.  Good conversation w/ Deanna, talked w/ Matt a couple of times, and a guy I've been chasing for several months finally called me back.  Made him an offer in the evening that he liked.  Also talked w/ Allies wholesale about MHs.  Spent time w/ Sammy helping w/ homework he was struggling with.",5,3,1,,1,1,,,,,,,,6,,,,,,1,1,,270,5,370,1150,1270,5,1,5,1,,1,2,3,3,1,,1,,,1,1,"Ate more carbs today (~135g), no significant spikes, even including white rice in the morning.  Sweet potatoes seem to be very solid, had about 7 oz at dinner.",,,,,,,,,,,,,,,
2025-08-26,6,"Decent sleep despite stopping eating at 715, seems like something is shifting in the positive direction.  Still woke up a few times in the middle of the night, but slept until my alarm.  OK day, not much to report.  I had the kids in the evening.  Got super tired when I was reading to Lena, fell asleep for a bit.",6,4,1,,1,1,,,,,,,,6,,,,,,2,1,,270,7,405,1155,1320,6,1,5,1,,1,2,3,3,1,,1,,,1,1,"BS dropped below 70 during the day, not really sure why.",,,,,,,1,,,,,,,,
2025-08-27,6,Not great sleep - took a while to fall asleep then victoria got home late and I was up for a while then.  Decent day.  Weather was nice so I took a long walk at work again.  Chauffered kids around after work then a good tennis match in the evening.,4,4,1,,1,1,1,,,,,,1,6,,,,,,1,1,,270,5,390,1305,1380,6,1,5,1,1,1,2,3,3,1,,1,,,1,1,,,,,,,1,,,,,,,,,
2025-08-28,6,"Good sleep but not enough.  Right forearm is pretty sore, didn't bother me last night though.  Pretty normal day.  Weather is still nice but didn't get my walk in at work.  Not much to report for the evening.  We're spending more time w/ Sammy on homework.",5,5,1,,1,,,,,,,,,6,,,,,,2,1,,330,17,480,1170,1320,6,1,5,1,,1,2,3,3,1,,1,,,1,1,,,,,,,,,,,,,,,,
2025-08-29,6,"Not great sleep.  Took a while to fall asleep, then woke up and couldn't get back to sleep.  Very frustrating.  Low motivation in the morning.  Work was painful - didn't do anything and nobody was there, I left a little early.  Watched a movie w/ the boys again in the evening.",4,4,1,,1,1,,,,,,,1,6,,,,,,1,1,,270,3,390,1200,1350,4,1,5,1,,1,3,3,3,1,,1,,,1,1,Straight up strawberries didn't have a huge impact on my BS.,,,,,,,,,,1,1,,,,
2025-08-30,6,"Decent sleep, tired when my alarm went off.  Pretty generic day, then we went out to dinner w/ Casey.  Food wasn't good, but it was nice to hang out.",5,3,1,,1,1,,1,,198.4,16.8,1,,6,,,,,,1,,,330,10,430,1230,1305,5,1,5,1,,1,2,2,2,1,,1,,,1,1,,,,,,,1,,,,,,,,,
2025-08-31,4,"Poor sleep again, couldn't get comfortable.  Oura sleep score and recovery score aren't correlating well.  Worked out w/ Casey in the morning, then did some food prep while he hung out for a bit longer.  Lunch w/ Victoria's family - I made the mac and cheese and it was a hit.  Took Sammy and Lena to the pool despite being exhausted.  Pretty exhausted all day.",3,2,1,,1,1,,,,,,,,5,,,,,,2,,,360,2,500,810,1260,4,1,5,1,,1,1,2,2,1,,1,,,1,1,"Had brown rice w/ breakfast, noticeably shorter spike than white rice.  Not much of a spike at lunch despite having mac and cheese and a cookie, but I ate a lot of meat w/ them too.",,,,,,,,,,,,,,,
2025-09-01,6,"Good sleep last night.  Slept on the couch in the sunroom, very comfortable.  Woke up in the middle of the night and couldn't see out of my left eye (some kind of film on it) but did a good job of not letting myself get in a worry spiral.  Surprised I didn't have any issues considering I stopped eating so early.  Day started out OK, I was on kid duty while victoria went out w/ her family then a hair appointment.  Then we had to go to a fantasy football draft w/ the anxietea group - people that I don't like and victoria doesn't really like either - but victoria wasn't back yet so I had to take the kids by myself.  I was not happy about that.  We got through that, then went over to another friend group's house for a pool party and that was a lot of fun.  Both of us really enjoy hanging out w/ those people and the kids have a lot of friends there too.  I actually managed to eat clean today despite making cookies and going to the two parties.",9,6,1,,1,,,,,,,,,4,,,,,,1,1,,445,0,510,1230,1325,5,1,5,1,,1,1,2,2,1,,1,,,1,1,"Had a small amount of cookie dough, didn't seem to affect my BS.",,,,,,,,,,,,,,,
2025-09-02,6,"Slept on the couch again.  Very comfortable, but I woke up in the middle of the night and really struggled to get back to sleep for a while.  Nothing specific on my mind, just couldn't get back to sleep.  My alarm ripped me out of a dream and I fell back asleep pretty immediately after that, victoria came in and woke me up.  Worked w/ Nico riding his bike after school, he was able to figure out how to start himself.  I had him start going down the driveway at first to get some momentum then he transferred that over to the flat road really well.  He showed good determination to get it - wants to be able to ride his bike w/ Ryan.  He picked it up pretty quickly.  Put the kids to bed early tonight, had a good bit of free time.",5,3,1,,1,1,,,,,,,,5,,,,,,2,,,270,19,415,1105,1280,5,1,5,1,,1,2,3,3,1,,1,,,1,1,"No correlation b/w BS and not getting back to sleep in the middle of the night.  Ate cereal after workout, BS shot up to 200 and quickly went back down.",,,,,,,,,,,,,,,
2025-09-03,6,"Slept well back up in bed, but I added to my nest.  This is becoming unsustainable.  Had to go into work early, got all 3 kids up at the same time.  They enjoyed eating breakfast together.  Took me an hour and 45 minutes to get into work, pretty ridiculous.  Got some work done after work, then all 3 kids started soccer tonight.  Lena is super cute.  Good tennis match in the evening.",8,6,1,,1,1,1,,,,,,1,6,,,,,,1,1,,270,2,390,1290,1350,6,1,5,1,,1,2,3,3,1,,1,,,1,1,"Kombucha spiked pretty high, up to 162.  Had cereal after tennis, BS only went up to about 150.  I also generally feel pretty bad (physically, not guilt) after eating cereal.  Heart races, head feels weird, and a little nauseous.  Heart rate was very high this evening too.",,,,,,2,,,,,,,,,
2025-09-04,6,"Slept well but not enough.  Usually sleep in after late tennis matches but needed to get a bench workout in to stay on track.  Right forearm was pretty sore in the middle of the night when I went to move it.  OK day, making progress on my spreadsheets.  However, I feel like I'm spending too much time/energy on them.",6,4,1,,1,1,,,,,,,,6,,,,,,4,,,270,5,410,1140,1280,4,1,5,1,,1,3,3,3,1,,1,,,1,1,small bs spike w/ the broccoli salad (has sugar in the dressing and dried cranberries).  BS average seems to have gone up in the last couple of weeks as I've been eating more carbs.,,,,,,,,,,,,,,,
2025-09-05,6,"Slept well again, entertaining dreams, and good workout in the morning.  Spent a lot of time on spreadsheets again, making progress.  We went out to get sadie some birthday presents in the evening.",8,5,1,,1,1,,,,,,,1,6,,,,1,,1,,,270,5,410,1230,1390,5,1,5,1,,1,2,3,3,1,,1,,,1,1,"Cereal after workout, spiked up to about 150",,,,,,,,,,,,,,,
2025-09-06,6,"Slept well but regretting going to bed so late, pretty tired in the morning.  Victoria had a swim meet today.  Dropped sammy off for a birthday party, dropped lena off w/ veronica, then I took Nico to a birthday party.  Actually enjoyed talking to a guy there pretty much the whole time.  He was a talker so I was just able to ask questions, but it was an enjoyable conversation.  Went grocery shopping and to the library w/ Nico.  I got out of church, then we all watched a movie together w/ dinner.  It was a good evening.",6,3,1,,1,,,,,199.6,16.7,,,6,,,,1,,2,1,,350,5,480,1170,1290,4,1,5,1,,1,1,2,2,1,,1,,,1,1,"Black beans and sweet potato increased BS more than I'd like today, about 30 points.  Not sure why.",,,,1,,,,,,,,,,,
2025-09-07,8,"OK sleep, felt a little lighter than recently.  Got up to pee too close to wakeup time.  Pretty chill day.  Spent a while cleaning the sunroom, then mostly relaxing.  I finished my property income spreadsheet finally.  Helped Sammy make some cake pops, read to the kids, dinner, then relaxing in the evening.",5,5,1,,1,1,,,,,,,,6,,,,1,,1,1,,330,5,530,1145,1310,,1,5,1,,1,2,2,2,1,,1,,,1,1,"Had a little bit of chocolate and had a 25-30 point increase, went down quickly though.",,,,,,1,,,,,,,,,
2025-09-08,6,"Good sleep, very glad I've been able to stay comfortable for about a week now.  My personal laptop crapped out on me this afternoon - the battery swelled up (this was months ago) and that caused display issues.  Did a lot of troubleshooting and removed the battery, but that's what I spent most of my afternoon on.  Took Sammy to soccer, worked w/ him a little after on running.",8,6,1,,1,1,,,,,,,,6,,,,1,,1,1,,270,2,415,1160,1320,5,1,5,1,,1,2,2,2,1,,1,,,1,1,Decent-sized spike w/ just a couple of noodles tonight.  Surprising.,,,,,,,,,,,,,,,
2025-09-09,5,"Decent sleep but pretty tired in the morning.  Got up to pee twice.  Body feels exhausted, might be coming down w/ something but no indication from Oura ring.  Pretty tired all day, moreso than I think I should have.  Busy afternoon w/ kid stuff but not bad.  Fixed my laptop, crisis averted.",6,3,1,,1,1,,,,,,,,5,,,,,,1,1,,270,4,375,1200,1300,3,1,5,1,,1,1,3,3,1,,1,,,1,1,"Had some dates (only 4), small increase but not bad at all.",,,,,,1,,,,,,,,,
2025-09-10,6,"Slept well on the couch downstairs - victoria had the cleaner over yesterday.  I specifically put a polite note on the pillows to not move them but victoria moved the note.  I was pissed.  Anyway.  Didn't get up to pee, likely b/c I drank less water than usual yesterday.  Eyes felt ""sticky"" under my eyelids when I woke up again.  OK day, work went by quick enough.  Making good progress on my Daily Tracker upgrade in Google Sheets.  Feeling a little distant w/ victoria but we chatted right before bed and that was nice.",6,6,1,,1,1,,,,,,,1,5,,,,,,2,1,,260,1,430,1180,1310,6,1,5,1,,1,2,3,3,1,,1,,,1,1,"Last day w/ the CGM.  Had more dates on their own, maybe 1/2 a cup or so, and got a huge spike up to 185.",,,,,,,,1,,,,,,,
2025-09-11,6,"Slept on the couch again, victoria's sick.  Slept pretty well.  Decent workout in the morning.  Cereal after workout then again after tennis.  Quick day at work, got lunch w/ Mike after, then had a relaxing afternoon - we didn't have to drive the kids anywhere.  Good tennis match in the evening.",8,5,1,,1,1,1,,,,,,,6,,,,,,2,,,270,5,390,1335,1380,6,1,5,1,,1,2,3,3,1,,1,,,,1,,,,,,,,,,,,,,,,
2025-09-12,8,"Slept decently on the couch, pretty tired in the morning.  Sleep tracker says sleep wasn't great, likely due to late tennis and eating sugar (cereal) so late.  Watched jurassic park 4 w/ the boys after work, that was pretty awesome.  Then they had a vbs thing so victoria and I went on a date at la rustica.  It was nice to talk and catch up w/o being interrupted.",6,4,1,,1,,,,,,,,,6,,,,,,2,,1,330,9,420,1155,1335,5,1,5,1,,1,1,3,3,1,,1,,,,1,,,,,,,1,,,,,,,,,
2025-09-13,6,"Slept pretty well, went on a walk in the morning before everyone got up.  Really enjoyed seeing the gradient in the sky color from light blue to dark blue.  Two soccer games in the morning then came back for nap time and I cooked for the Thompsons.  Had some time to myself in the evening, getting more done w/ my daily tracker upgrade.  ",6,4,1,,1,,,,,200.6,17.2,,,6,,,,,,1,1,,330,19,450,1170,1380,4,1,5,1,,1,1,3,3,1,,1,,,,1,,,,,,,,,,,,,,,,
2025-09-14,8,"Slept well on the couch, woke up on my own at 449, couldn't get back to sleep.  Went for another walk around the circle.  Had a good amount of time to myself today, worked on this spreadsheet for a good bit and did cooking/chores.  Victoria's been getting on me recently about ""finding jesus"" - the charlie kirk murder is getting to her a lot.  How do you force yourself to believe something?  ",8,6,1,,1,,,,,,,1,,6,,,,,,1,1,,289,9,570,1050,1300,,1,5,1,,1,1,2,2,1,,1,,,,1,,,,,,,,,1,,,,,,,1
2025-09-15,6,"Not the best sleep, struggled to get comfortable and took a bit to get back to sleep after getting up to pee.  This had me less than pumped for my max out squat this morning.  Played some dominion w/ sammy after work, soccer practice, then a horrible tennis match in the evening.",5,4,1,,1,1,1,,,,,,,6,,,,,,1,1,,270,0,395,1290,1350,5,1,5,1,,1,1,1,1,1,,1,,,,1,,,,,,,1,,,,,,,,,1
2025-09-16,4,Poor sleep back upstairs - couldn't get comfortable and victoria snored all night.  Pretty exhausted all day.  Also in a pretty bad mood most of the day.  Had to spend all morning in a dumb meeting.  Busy afternoon shuttling kids around.,3,3,1,,1,,,,,,,,,6,,,,1,,1,1,,330,0,,,1305,4,1,5,1,,1,1,3,3,1,,1,,,,1,,,,,,,,,,,,,,,,
2025-09-17,6,,3,2,1,,1,1,,,,,,,,6,,,,1,,2,1,,180,5,420,1200,1305,5,1,5,1,,1,1,3,3,1,,1,,,,1,,,,,,,,,,,,,,,,1
2025-09-18,6,"Slept well on the couch - didn't wake up at all.  Oura sleep score wasn't very high though.  Actually did work at work today, went by pretty quickly.  Got a contract signed, but it looks like she's impersonating the seller.  Nico scored a goal tonight, that was pretty awesome.  Allergies are hitting me hard for some reason.",9,6,1,,1,1,,,,,,,,6,,,,1,,0,1,,270,1,415,1200,1320,5,1,5,1,,1,1,3,3,1,,1,,,,1,,,,,,,1,,1,,,,,,,1
2025-09-19,8,"Slept well on the couch again but Oura sleep score wasn't great - heart rate is elevated, I'm guessing it's b/c of allergies.  Decent DL max out in the morning.  Work went by quickly enough, then I went to a functional medicine doctor after work and really enjoyed it.  Had a long conversation, going to run a few more labs.  Need to stop drinking tap water and he said I could increase my testosterone.  I have some notes to go over.  Watched another jurassic park w/ the boys in the evening.  ",8,5,1,,1,1,,,,,,,1,6,,,,1,,2,1,,270,3,415,1125,1320,5,1,5,1,,1,1,3,3,1,,1,,,,1,,,,,,,1,,,,,,,,,
2025-09-20,8,"Slept well on the couch.  Light workout in the morning.  Pretty decent day, had some time to myself but watched too much youtube.",8,5,1,,1,1,,,,197.8,16.8,,,6,,,,,,1,1,,330,0,495,1175,1310,4,1,5,1,,1,,3,3,1,,1,,,,1,,,,,,,1,,,,,,,,,
2025-09-21,6,"Slept well on the couch again.  Oura data is showing increased recovery.  Walked around the circle again.  Liver ultrasound in the morning, came back negative.  Had a lot of time to myself today but wasted it troubleshooting this spreadsheet.  Very frustrating.  Got to play dominion w/ sammy before bed",8,6,1,,1,,,,,,,,,6,,,,,,1,1,,330,16,550,1110,1310,4,1,5,1,,1,,3,3,1,,1,,,,1,,,,,,,,,,,,,,,,1
2025-09-22,6,"Poor sleep in the bed.  Victoria and Sadie were snoring a lot and I just couldn't get back to sleep after waking up.  Very frustrating.  User conference this week so I'll be at work a lot.  Nice to just kind of relax during the conference.  Busy after work.  Lena hurt her leg at gymnastics so victoria took her for x-rays (negative).  Took sammy to soccer.  He got to play midfield, but he was very slow.  I told him that, probably shouldn't have.  Tennis in the evening, opponent was very good and I lost bad.",3,5,1,,1,1,1,,,,,,,6,,,,,,1,1,,270,1,390,1330,1430,6.5,1,5,1,,1,,,,1,,1,,,,1,,,,,,,1,,,,1,,,,,1
2025-09-23,6,Slept well in the bed but went to bed too late.  Took me 2 hours to get into work this morning - very frustrating.  Busy day getting stuff ready to purchase Thornlee. Pretty excited about the project,6,5,1,,1,,,,,,,,,6,,,,,,3,1,,270,1,390,1200,1340,,1,5,1,1,1,,2,2,1,,1,,,,1,,,,,,,,,1,,,,,,,
2025-09-24,6,"Not great sleep - woke up a few times and victoria was snoring.  Pretty relaxing day at work, soccer in the evening.  Victoria and I finally went over finances.  Had a good conversation but didn't find anything egregious that we can cut.",4,5,1,,1,1,,,,,,,,6,,,,,,3,1,,270,2,390,1200,1340,4,1,5,1,,1,,1,1,1,,1,,,,1,,,,,,,1,,,,,,,,,1
2025-09-25,6,"Decent sleep but still going to bed too late.  Long day at work, tough to stay awake during some of the presentations.  Good tennis match in the evening.",5,5,1,,1,1,1,,,,,,1,6,,,,,,2,1,,270,9,360,1290,1380,6,1,5,1,,1,1,1,1,1,,1,,,,1,,,,,,,1,,,,,,,,,1
2025-09-26,8,"Moved down to the couch b/c victoria was snoring, slept well.  Last day of the conference, left work pretty early.  Nice to be done w/ that.  Got a few things done after getting home, then went to dinner w/ the Larrys.  I always enjoy talking w/ him.",6,4,1,,1,,,,,,,,,6,,,,,,1,1,,270,3,390,1170,1320,6.5,1,5,1,,1,2,2,2,1,,1,,,,1,,,,,,,,,,,,,,,,
2025-09-27,5,"Slept well in the bed.  Pretty tired when I got up.  Pretty rough day.  Took Nico to a birthday party, talked w/ some of the dads for a bit.  Then we had a swim meet from 12-6pm, which is fucking insane.  I was initially told the meet would be from 1-4, then 1030-4, then found out at the meet that it was going to 6.  Would have rated the day at a 2 or 3 but I enjoyed talking w/ one of the dads for a while.  Afterwords, we came home and watched the next jurassic park.  ",8,4,1,,1,1,,,,196.6,16.3,,,4,,,,,,1,1,,330,12,425,1200,1350,3,1,5,1,,1,2,2,2,1,,1,,,,1,,,,,,,,,,,,,,,,1
2025-09-28,4,"Slept pretty well in the bed.  Morning walk, victoria has practice again this morning.  Kind of a rough day.  Victoria and I got into an argument - she accused me of making all of the decisions (not having a 4th kid) so I brought up the fact that she makes a lot of the bid decisions too, like moving to summerville.  She didn't like that.  Then I slipped going down the stairs - landed on my right rear hip and middle of my right forearm.  Walked around for a bit to see what it felt like.  There was pain but didn't seem like much damage so I just kept going.  We invited her parents over for lunch so I had to prep for that.  I also brought up that I was overwhelmed w/ swimming - something I knew I might regreg bringing up, and I did - she said if that's the case then she'll just quit, definitely not what I was going for.  I told her that if she does quit, I'm definitely shutting down and not sharing anything w/ her again.  She also changed her tune and accepted that she is the reason why we moved here.  I asked why she changed, and she said she just realized I'm right.  I'm very suspicious.  Anyway,  my back got worse throughout the day so I laid down w/ ice on it for a few minutes and that seemed to help.  Neck and shoulders started to feel achey later so I took some small rests.  Lunch was decent and I didn't eat too poorly - just some extra rice and 1.5 cookies.  Also did a little intermittent fast, didn't feel too bad.  Hung up halloween stuff in the evening.  Long and stressful day.  Victoria was nice and friendly to me in the evening, but I'm suspicious of that.  Usually after we have arguments like we did earlier, she's salty the rest of the day.  ",8,5,1,,1,1,,,,,,,,5,1,lower back,,,,2,,,330,19,750,1230,1290,4,1,5,1,,1,,,,1,,2,,,,1,,,,,,,,,,,,,1,,,1
2025-09-29,6,"Poor sleep in the bed.  Nico came in a couple of times and victoria snorred worse than usual.  I'm very frustrated and tired.  Low back didn't affect me during squats this morning, very thankful it seems like a superficial injury.  Work was enjoyable, made a couple of cables then talked w/ Johnny about his card game for an hour.  Chiro after work, then played dominion w/ sammy and watched a movie w/ lena.  Relaxing night, trying not to get caught up in my spreadsheets again, although I did waste time online after kids went to bed.  ",3,3,1,,1,1,,,,,,,1,6,,,,,,1,1,,270,3,395,1170,1275,4,1,5,1,,1,2,3,3,1,,1,1,,,1,,,,,,,1,,,,,,1,,,
2025-09-30,8,"Slept well on the couch, although Oura said my heartrate was still elevated in the evening.  Staying busy at work, makes it go by quickly.  Actually have a lot to do right now.  Went to see a house after work, then didn't really do anything in the evening, just relaxed.  Even played Azul w/ victoria after the kids went to bed.  Nice to relax, but I feel like I need to get back to work on my spreadsheets, feel like I'm being lazy.",8,6,1,,1,1,,,,,,,,6,,,,,,3,1,,270,0,410,1120,1285,4,1,5,1,,1,2,3,3,1,,1,1,,,1,,,,,,,,,,,,,1,,,1
2025-10-01,6,"Slept well on the couch.  I've been stopping eating much earlier recently and it hasn't seemed to have a negative affect on my sleep.  OK day.  Lots to do at work, then looked at a few houses afterwords.  Nico and Lena had a soccer game, Nico's looking a lot better and is working really hard.  He scored a goal (should have had a second but the other team had two goalies).  Really proud of him.  I complimented him a lot in front of Sammy, trying to motivate him a little, not sure if it's landing.  Sammy did chase after Nico w/ the ball and looked pretty athletic so he has it in him, he's just extremely lazy.  Started taking 2 Tongkat Ali pills today, let's see what that does.",8,5,1,,1,1,,,,,,,1,6,,,,,,1,1,,270,13,420,1195,1350,5.5,1,5,1,,1,3,3,3,2,,1,,,,1,,,,,,,1,,,,,,,,,1
2025-10-02,6,"Good sleep on the couch.  Work went by pretty quickly, did some driving for dollars after.  Wasn't super present at home, on the phone and computer.  Got pretty upset - the first house I got UC was sold out from under me.  Poor tennis match in the evening.  I had gotten victoria some baby bell cheese and ice cream for her birthday.  She couldn't even leave them alone.  I was pretty annoyed when I came home and she and sammy had eaten a lot of the ice cream.  I shouldn't be, but I am.",6,5,1,,1,1,1,,,,,,,5,,,,,,2,1,,270,5,415,1290,1370,6,1,5,1,,1,3,3,3,2,,1,,,,1,,,,,,,1,,,,1,,,,,1
2025-10-03,6,"OK sleep on the couch.  Comfortable, but couldn't really relax.  Lots to do at work again, makes it go by quickly.  Had stuff to do at home but hung out w/ the kids instead.  Mike came over w/ his kids tonight while the girls were out.",5,4,1,,1,,,,,,,,,6,,,,,,1,1,,330,9,525,1110,1340,5,1,5,1,,1,3,3,3,2,,1,,,,1,,,,,,,,,,,,,,,,
2025-10-04,5,"Didn't sleep great on the couch, woke up a few times.  Busy day.  The house got TP'ed last night b/c victoria won reagion meet, so we cleaned that up for a bit, then soccer, then more birthday parties.  Victoria has been in a pretty bad mood (period started and she's overwhelmed w/ swimming and stuff).  Fasted this morning until 2pm, felt good.  Went to chinese buffet for victoria's dinner, it was just OK.  ",5,5,1,,1,1,,,,197,16.7,,,4,,,,,,1,,,350,5,840,1245,1290,5,1,5,1,,1,2,2,2,2,,1,,,,1,,,,,1,,,,,,,,,,,1
2025-10-05,3,"Poor sleep upstairs.  Woke up several times (not reflected in Oura though) and victoria was snoring a lot.  Went down to the couch around 430 and slept until 730.  Had another conversation about religion today, it's getting old.  Victoria's turning uber catholic ever since charlie kirk.  Her algorithm keeps pumping this stuff in, she's playing christian music all of the time, and pressuring me to find jesus.  Our conversation wasn't much of a conversation as her talking at me.  I didn't say much b/c I didn't think she wanted nico to hear what I have to say.  Anyway, that put a cloud on the rest of my day.  Did breathing exercises/meditation at church.  Mostly chores the rest of the day.  I was tired and not in a great mood but tried to keep it up for the kids.",2,5,1,1,1,,,,,,,,,3,,,,,,1,1,,450,5,780,1110,1305,3,1,5,1,,1,2,2,2,2,,1,,1,,1,,,,,,,,,,,,,,,,
2025-10-06,4,"OK sleep in the bed.  Played white noise all night, helped distract when victoria was snoring.  Not feeling very rested though.  Busy afternoon, made a few calls after work, played dominion w/ sammy, then soccer then tennis.  Not in a good mood most of the day.  Very tired, not thinking clearly, and in a fun w/ victoria.",5,4,1,,1,1,1,,,,,,,4,,,,,,2,1,,270,0,405,1290,1390,5.5,1,5,1,,1,2,2,2,2,,1,,,,1,,,,,,,1,,,,,,,,,1
2025-10-07,6,"OK sleep on the couch.  Tried sleeping in the bed but victoria was snoring too much.  Very tired/physically exhausted in the morning.  OK day, listened to two very emotional podcasts (Huberman - dj shipley and Honestly - israeli that was held hostage).  Tried working on my spreadsheets after work but it's just treading water.  I was feeling pretty sick in the morning (sneezing and runny nose), not the best time considering victoria's team is up for the state championship.  The swimmers came over this evening but I sequestered myself to my office.",5,3,1,,1,,,,,,,,,5,,,,,,1,1,,330,0,455,1040,1260,4,1,5,1,,1,3,3,3,2,,1,,,,1,,,,,,,,,1,,,,,,,
2025-10-08,6,"Slept well upstairs.  Feeling tired so I went to bed a little earlier than usual, slept through the night.  Listened to another DJ Shipley podcast on the way into work, pretty intense.  Nico lost his first tooth at soccer this evening.  Didn't eat too poorly, but finished off the mac and cheese.  Not a huge amount.",8,5,1,,1,1,,,,,,,1,5,,,,,,2,,,270,0,390,1190,1320,5,1,5,1,,1,3,3,3,2,,1,,,,1,,,,,,,1,,1,,,,,,,1
2025-10-09,6,"Slept OK in the bed.  Slept in b/c I have bloodwork this morning, not allowed to workout.  Woke up on my own around 4:30, got back to sleep for a little.  Nose pretty stuffy most of the night.  Stayed home from work.  Got some bloodwork done then I was supposed to have the closing for 2119 Thornlee.  I was there for 2 hours and we didn't close, the seller didn't move out.  Drove up to Columbia for the boys state meet.  The kids were really excited for the road trip, it was fun watching them get ready.  The drive up was fun.  The meet wasn't bad, actually pretty exciting.  They ended up getting 2nd place.  I stayed up at home to wait for victoria.  Exhausted.  Finished Green Mile audiobook, very emotional.",5,5,1,,1,,,,,,,,,6,,,,,,1,1,,330,19,615,1010,30,3.5,1,5,1,,1,2,2,2,1,,1,,,,1,,,,,,,,,,,,,,,,
2025-10-10,6,"Slept decently in the bed but physically exhausted.  Light day at work, not many people were there.  I was on the phone most of the time.  The boys stayed w/ victoria's parents, I picked up Lena, we went grocery shopping, then dinner and a movie.  Pretty relaxing day.",6,3,1,,1,,,,,,,,1,5,,,,,,1,1,,390,15,545,1120,1310,4,1,5,1,,1,3,3,3,2,,1,,,,1,,,,,,,,,,,,,,,,
2025-10-11,6,"Slept pretty well upstairs.  Haven't worked out in a couple of days so I got up early to lift.  Played w/ the kids for a bit in the afternoon.  Had some time to myself in the morning, started working on replacement deck table top.  Played several rounds of Dominion w/ Sammy after the others went to bed.",6,6,1,,1,1,,,,195.2,16.3,,,5,,,,,,2,1,,270,1,390,1090,1350,4,1,5,1,,1,3,3,3,2,,1,,,,1,,,,,,,1,,,,,,,,,
2025-10-12,6,"Slept pretty well in the bed.  Pretty easy day.  Played w/ the kids for a bit, got some computer/finance stuff done, then I did some cooking while everyone was out.  Went over to the passerello's for dinner and games, had a good time.",6,5,1,,1,1,,1,,,,1,,6,,,,,,2,,,330,15,585,1125,1340,4,1,5,1,,,2,2,2,2,,1,,,,,,,,,,,1,,,,,,,,,
2025-10-13,8,"Slept decently in the bed.  Hopefully I'm done sleeping down on the couch.  Pretty chill day.  Everyone was off work/school today except for Lena.  The boys did a good job playing together while victoria and I got some stuff done.  We picked up Lena then went to look at halloween stuff.  Came back and victoria did a workout in the garage, then the boys rode bikes.  Nico rode sammy's and sammy rode a grownup bike.  That was pretty cool to see them do that.  Sammy was really funny - victoria asked him to wave as he rode by and he very briefly took his hand off, and you could see that he thought it was so cool that he was able to ride w/ only one hand.  Tennis in the evening.",6,6,1,,1,1,,,,,,,,6,,,,,,2,1,,330,0,460,1305,1365,5.5,1,5,1,,,2,2,2,2,,1,,,,1,,,,,,,1,,,,,,,,,1
2025-10-14,6,"Slept comfortably but snored a lot.  Leg cramps when I got up to pee.  Quick day at work, got some stuff to do.  Came home, made a few calls, then watched Rudy w/ sammy in the evening.  Forgot how good that movie was.  Victoria brought up pennsylvania again, it's extremely frustrating b/c I thought we were done talking about it.  She also said she's not coaching again next year, which is a mistake.",5,3,1,,1,,,,,,,1,,6,,,,,,1,1,,330,0,540,1125,1305,5,1,,1,,,3,3,3,2,,1,,,,1,,,,,,,,,,,,,,,,
2025-10-15,5,"Poor sleep - nico slept w/ us and he moved around a lot.  Pretty low energy in the morning.  Listened to a podcast about psychadelics, I really want to experience doing them.  Pretty exhausted all day, tough to stay awake at work.  Went to check out a house after work, they're looking for too much.  Soccer practice in the evening.",4,3,1,,1,1,,,,,,1,,6,,,,,,2,1,,270,1,430,1210,1305,4.5,1,5,1,,1,3,3,3,2,,1,,,,1,,,,,,,,,,,,,,,,1
2025-10-16,6,"Slept well, felt like I got a lot of deep sleep, but Oura said it was only a 76.  Boys go back to school today.  Tough staying awake driving to/from work today for some reason.  Took a nice nap after work w/ Sadie.  ",8,5,1,,1,1,,,,,,,,6,,,,,,2,1,,270,0,405,1305,1410,6,1,5,1,,1,2,2,2,2,,1,,,,1,,,,,,,1,,,,,,,,,1
2025-10-17,6,"Slept well, just went to bed too late.  Easy day at work, stopped over at Thornlee and  spoke w/ her.  Follow up doctor's appointment, apparently I'm healthy as a horse.  Neighborhod potluck in the evening, had a good time talking w/ Dan most of the night.  ",6,4,1,,1,,,,,,,,,6,,,,,,2,,,330,0,430,1140,1290,4.5,1,5,1,,1,3,3,3,2,,1,,,,1,,,,,,,,,,,,,,,,
2025-10-18,6,"Not very restful sleep, snored myself awake a few times.  Walked around the neighborhood in the morning after HIIT.  It was cold, 50 degrees, but I made myself do it w/o a shirt.  Soccer in the morning, Nico scored a goal again and is working really hard.  Came back and rested, then had another swim meet.  I talked w/ Dave and Will for a bit, but just hung out and listened to podcasts for a while, not a bad time.  Then went to dinner w/ a few families and had a good time.  Didn't eat too poorly, but I wouldn't call it clean.  Watched the last jurassic world movie, it was pretty bad but the boys liked it.",4,5,1,,1,1,,1,1,199,16.5,1,,6,,,,,,1,,,330,0,555,1140,1380,5.5,1,5,1,,1,3,3,3,2,,1,,,,1,,,,,,,,,,,,,,,,1
2025-10-19,6,"Slept well, went backto sleep after my alarm though.  Talked w/ victoria about her friendship w/ Kelsey and that crew, she's feeling upset at how it all went down.  Fasted this morning, didn't eat until after 12.  Lots of cooking today.  ",6,5,1,,1,,1,,1,,,,,6,,,,,,1,1,,390,8,730,1170,1320,4,1,5,1,,1,2,2,2,2,,1,,,,1,,,,,,,,,,,1,1,,,,1
2025-10-20,6,"Slept well but tough to get out of bed for some reason.  OK day at work, went by quickly enough.  Not too much to report for the rest of the day.  Poor tennis match in the evening.  Started taking 10g of creatine/day today (two 5g servings).",6,4,1,,1,1,1,,,,,,,6,,,,,,2,1,,270,3,410,1290,1385,5.5,1,10,1,,1,3,3,3,2,,2,,,,1,,,,,,,1,,,,,,,,,1
2025-10-21,6,"OK sleep, not great.  Didn't feel super restful and I was awake for a little while before my alarm.  Had fun playing foosball w/ the boys in the evening.  Made some progress on this spreadsheet project.",4,4,1,,1,,,,,,,,,6,,,,,,2,1,,330,5,445,1170,1335,4.5,1,10,1,1,1,3,3,3,2,,2,,,,1,,,,,,,,,,,,,,,,
2025-10-22,6,"Slept pretty well but sleep score wasn't great.  Pretty tired in the morning.  I don't like that I've had 3 days in a row of >3 minutes of lazy time.  Went to the Tide facility for work, just hung out.  Nice facility w/ good tools.  Busy evening w/ back to back soccer, sammy had a pretty good game.  I've been pooping in the evening the past couple of nights, wonder if it's b/c of the extra creatine.  Had fun playing soccer w/ nico during sammy's game.",6,3,1,,1,1,,,,,,,1,6,,,,,,2,1,,270,8,410,1245,1305,4.5,1,5,1,,1,3,3,3,2,,2,,,,1,,,,,,,1,,,,,,,,,1
2025-10-23,6,"Slept well w/ interesting dreams, Oura said my score wasn't great though - elevated heart rate and lower hrv.  I ate later than usual though.  I have tennis tonight so I didn't do deadlifts in the morning, want to see if that affects my play.  Nothing remarkable for the day.  Tennis went well (but I lost), hard to say if I can credit it w/ skipping deadlifts though.",8,6,1,,1,1,1,1,,,,,,6,,,,,,2,1,,270,0,370,1300,1365,6,1,10,1,,1,3,3,3,2,,2,,,,1,,,,,,,,,,,,,,,,1
2025-10-24,6,"Slept well.  I've been very comfortable the past little while and it's been nice.  Pretty tired in the morning though.  Light day at work, relatively relaxing.  I got the boys from a friend's house after work and we hung out for a while until victoria got home.  Fun evening w/ the kids.  Spending a lot of time recently talking w/ victoria about her friend group issue (katie, kelsey, jenna).  Not complainaing about it, just making a note.  I think I'm helpful to her but she's having a hard time getting over it.",8,4,1,,1,,,,,,,,,6,,,,,,2,1,,330,24,465,1155,1305,5,1,10,1,,1,2,2,2,2,,2,,,,1,,,,,,,,,,,,,,,,1
2025-10-25,5,"Slept well but woke up a couple of times.  Poor workout, low back didn't feel great.  Soccer games in the morning, then met Matt at Thornlee but the house was locked.  Went to a circus - it was not great, then grocery shopping, dinner, movie, then Dominion w/ Sammy.",5,5,1,,1,1,,,1,197.2,16.5,,,6,,,,,,1,1,,270,0,435,1080,1330,3.5,1,10,1,,1,3,3,3,2,,2,,,,1,,,,,,,,,,,,,,,,1
2025-10-26,8,"Slept well but woke up several times again.  Victoria didn't come down until 930 this morning and it was getting tough to keep the kids quiet.  Fun day though.  Got lunch w/ the Dan and Ruths, enjoyed talking w/ Dan.  Then went trunk or treating w/ Mike and Kelly, enjoyed hanging out there too.  Nice day hanging out w/ friends.",6,6,1,,1,1,,1,,,,,,6,,,,,,1,,1,330,5,585,1180,1290,5,1,10,1,,1,3,3,3,2,,2,,,,1,,,,,,,1,,,,,,,,,1
2025-10-27,6,"Slept well but Oura score doesn't reflect that.  Knees and back have been a bit tender recently, maybe b/c it's starting to get chillier.  Tennis got rained out so we went to see a house that was overly-decorated for halloween in the evening.  Victoria keep wanting to discuss going to a party w/ her friend group she's breaking up with, I'm getting annoyed.",8,6,1,,1,1,,,,,,1,,6,,,,,,2,1,,270,0,415,1185,1320,4.5,1,10,1,,1,3,3,3,2,,2,,,,1,,,,,,,,,,,,,,,,
2025-10-28,5,"OK sleep, lighter than I would have liked and I woke up before my alarm.  Closed on Thornlee today.  Pretty nervous about it, this will be a good exercise in controlling worry and anxious thoughts.  Sammy had a game tonight, and I may have gone overboard on my criticism afterwords.  I didn't yell at all, but I told him that he doesn't look like he's hustling or trying very hard.  I don't want to tell him he's doing a good job when he's not trying hard, but I also don't want him to feel bad about himself.",4,4,1,,1,1,,,,,,,,6,,,,,,1,1,,260,0,380,1065,1275,4.5,1,10,1,,1,3,3,3,2,,2,,,,1,,,,,,,,,,,,,,,,
2025-10-29,6,"Light sleep and I woke up about 30 minutes before my alarm.  I stopped eating at 545 last night, maybe too far from bed time.  The boys had a half day so I didn't go into work today.  I met up w/ someone in the morning in St George to pay their back taxes (old barrington deal).  Long drive but it was peaceful.  Got a little work done, picked up the boys, they went to lunch w/ victoria, then I jumped on a meeting.  I went to turn on the fireplace at the grahams and there was a lizard right up front.  Nico grabbed it w/o hesitation and put it outside.  It was pretty cool.  Talked w/ sammy on the way to soccer about our conversation after soccer last night.  I apologized and asked how he'd like to get feedback.  At first, he said he'd only like positives, but we settled on a compliment sandwich.  He did better at practice tonight.  Played a board game w/ victoria before bed.",4,4,1,,1,1,,,,,,,1,6,,,,,,1,1,,240,0,375,1190,1305,4,1,10,1,,1,3,3,3,2,,2,,,,1,,,,,1,,,,,,,,,,,
2025-10-30,5,"Not great sleep but not bad, I've been using the comforter and I think I'm too warm.  Staying busy at work, which is nice.  Didn't do much after work, hung out w/ the kids.  I feel like I need to be doing something, just overwhelmed but I'm not sure what I'm overwhelmed with.  Wasted too much time on youtube in the evening after the kids went to bed.",5,5,1,,1,1,,1,,,,,,6,,,,,,1,1,,270,8,430,1080,1305,5.5,1,10,1,,1,3,3,3,2,,2,,,,1,,,,,,,,,,,,,,,,1
2025-10-31,6,"Slept well and very comfortably, took a while to get out of bed.  Oura score still said low deep and REM sleep.  Easy day at work, then halloween stuff afterwords.  Had a few slices of pizza before trick or treating.  Didn't especially want to, but I knew I probably wouldn't eat again for the rest of the day and I'd be walking around a lot.  Had a good time walking around w/ Larry, then hung out at his place afterwords.  I probably should have had a drink w/ everyone else, but I didn't want to log it...",8,5,1,,1,,,,1,,,,,6,,,,,,1,,,270,28,440,1050,1365,4,1,10,1,,1,3,3,3,2,,2,,,,1,,,,,,,,,,,,,,,,1
2025-11-01,6,"Slept well, didn't want to get out of bed again.  Last soccer games of the season today.  Sammy had a mixed game.  He gave up a goal, but also got a few kicks in and even kicked a ball out of the air.  I feel sad for some reason - I like seeing the athletic kids on his team.  They're still nice at this age.  The best kid on the team even said good game to sammy, which was really nice.  I just want sammy to get better - he'll have more fun, more confidence, and more friends.  Nico scored again but was a little slow most of the game.  His goal was really good.  We all got ice cream after, came home and took down the halloween stuff, then everyone rested.  Went to help my dad move into his new house, didn't get started until about 630 or so but got it done.  Easy drive and I was able to stay awake pretty easily.",8,4,1,,1,1,,1,,198,16.4,,,6,,,,,,1,1,,330,18,525,1265,30,4.5,1,10,1,,1,3,3,3,2,,,,,,,,,,,,,1,,,,,,,,,1
2025-11-02,8,"Slept well, turned alarm off since I went to bed so late.  Daylight savings time so everything was shifted by an hour.  Fasted in the morning, felt good but got hungry by noon (old 1300).  Worked on some agility w/ sammy outside, tried getting nico to ride his bike down the hill (we both got frustrated), and worked on some basketball.  Really need to spend more time w/ them outside working on stuff.  Had fun rough housing w/ the kids inside later, then playing some games.  Did some cooking for the week.  Had fun finishing up dinner w/ Nico - he's funny and has a great laugh.  Just watched him play w/ a train track later, want to make sure I remember when they were this cute.  Wasted a lot of time on the computer after everyone went to bed.",8,8,,,1,,,,,,,1,,8,,,,,,1,1,,540,0,780,1080,1300,4,1,10,1,,1,3,3,3,2,,2,,,,1,,,,,,,,,,,1,,,,,
2025-11-03,5,"Slept well but woke up a few times.  Body (knees, low back) is feeling better.  We put on the heated mattress pad last night but I didn't connect my side - don't need another reason to stay in bed longer in the mornings.  Spending too much time on this spreadsheet and it's getting ridiculous.  I've been using GPT to help me make it scalable but I need to stop that - just make it what I want/need and be done w/ it.  I'm not going to turn this into a product.  Anyway, Titus came over tonight, nice to see Sammy have fun w/ friends.  Poor tennis in the evening.",6,5,1,,1,1,1,,,,,,,6,,,,,,1,1,,270,2,410,1305,1380,6,1,10,1,,1,2,2,2,2,,2,,,,1,,,,,,,1,,,,,,,,,1
2025-11-04,6,"Slept well but I'm developing a cold, everyone in the house already had it.  Kids don't have school today so I slept in until 630.  Spent a while at the post office renewing Nico's passport. Played a game w/ Nico, Lena, and Victoria while Sammy was at swim, it was pretty fun.  Worked w/ sammy on soccer while nico was at swim.  Really trying to get him into it but he doesn't seem to care.",6,5,,,1,,,,,,,,,6,,,,,,1,1,,390,1,500,1080,1305,5,1,10,1,,1,3,3,3,2,,2,,,,1,,,,,,,,,,,,,,,,
2025-11-05,6,"Slept OK.  Comfortable, but phlegm in my throat had me snoring.  OK day, mostly just hung out after work.  I took sammy and his friends to swimming, they were pretty funny in the car.  Sammy was particularly funny, nice to see him in that element.",5,5,1,,1,1,,,,,,,,6,,,,,,1,1,,270,17,440,1085,1285,5,1,10,1,,1,3,3,3,2,,2,,,,1,,,,,,,,,,,,,,,,1
2025-11-06,6,Slept well until nico came in around 330.  That's at least 3 nights in a row that a kid came in and woke us up.  I didn't really get back to sleep after that.  No internet at work so I actually got some work done.  Poor tennis again in the evening.  I'm in a tennis funk.,5,5,1,,1,1,1,,,,,,1,6,,,,,,2,1,,210,3,410,1290,1365,6,1,10,1,,1,3,3,3,2,,2,,,,1,,,,,,,1,,,,,,,,,1
2025-11-07,6,"Slept well but stressful dreams.  Woke up w/ a sore throat.  Light day at work.  Nobody was home for a while so I worked on this project, going to completely abandon spreadsheets.  We'll see what happens.  Feeling tired later, but we went over to the Larry's to hang out, had a good time.  They had pizza, so I used this as my cheat meal, but they didn't have enough and I was hungry all night.  Oh well.  ",6,5,1,,1,,,,,,,,,6,,,1,,,1,1,,270,2,440,1100,1430,5.5,1,10,1,,1,3,3,3,2,,2,,,,1,,,,,,,,,,,,,,,,
2025-11-08,6,"Slept well until about 5 but couldn't get back to sleep.  Wanted to sleep in b/c we went to bed so late.  Went down to the couch after a while and listened to an audiobook for a couple of hours.  Had some time to myself, worked on cleaning my desk.  Didn't want to do anything too intense, pretty tired.  Took a nap in the afternoon after everyone got back, then we went on the boat w/ the Kirsches and had a good time.  Went to bed early again.",4,3,,,1,,,,,194.8,15.9,,,6,,,1,,,1,,,300,5,570,1050,1290,5,1,10,1,,1,3,3,3,2,,2,,,,1,,,,,,,,,,,,,,,,
2025-11-09,6,"Slept well, tried to go back to sleep after my alarm but it didn't take.  Glad though b/c I had to get a squat workout in.  Trying to avoid squats and deadlifts on tennis days so I'm offsetting by a day.  OK day, not much to report.  Went to old li's w/ the grahams, good meal.  Ate a lot so I didn't eat anymore afterward.  Oura said my stress was high for most of the day, definitely felt like my heart rate was high for the rest of the day after eating.  ",6,4,1,,1,1,,,,,,,,6,,,,,,2,,,270,20,430,920,1290,4,1,10,1,,1,3,3,3,2,,2,,1,,1,,,,,,,,,,,,,,,,
2025-11-10,6,"Not the best sleep, felt pretty light, and I woke up a bit before my alarm.  Stayed busy at work, not much to report for after work.  Decent tennis match in the evening.",4,5,1,,1,1,1,,,,,,,6,,,,,,3,1,,255,0,410,1295,1380,5,1,10,1,,1,3,3,3,2,,2,,,,1,,,,,,,1,,,,,,,,,1
2025-11-11,8,"Not great sleep.  Woke up a few times and had trouble getting back to sleep after peeing.  Lots of phlegm again.  Pretty tired in the morning and lungs feel congested after cold tennis last night.  Had the day off of work for veterans day, nice to relax.  It got super cold last night and I tried to go as long as possible w/o the heat on, but eventually turned it on in the evening - mainly so it wouldn't be super cold in the morning.  Spent a while planning thanksgiving dinner logistics and working on a web app version of this spreadsheet - that seems to be going better I think.  ",4,3,1,,1,,,,,,,1,,8,,,,,,1,1,,330,13,460,1100,1305,5,1,10,1,,1,3,3,3,3,,2,,,,1,,,,,,,,,,,,,,,,
2025-11-12,6,"Rough sleep - nose was really stuffy, woke up several times, and sadie woke me up around 4 to go out.  Fortunately, Lena got up early so I got her to school and came back and took a nice nap before work.  Felt a little out of it today, not sure if I'm sick or if it's allergies.  ",3,3,1,,1,1,,,,,,,,6,,,1,,,2,1,,240,0,405,1115,1320,5,1,10,1,,1,3,3,3,2,,2,,,,1,,,,,,,,,,,,,,,,1
2025-11-13,6,"OK sleep, pretty tired in the morning, fell back asleep for a bit.  Still feeling congested, lungs don't feel great.  Sammy brought home some really bad grades again and we spent a long time yelling at him again.  I spanked him w/ the spoon, which I really didn't like, but he's just so lazy and he doesn't seem to care.  He's not bringing his study materials home either.  It's very infuriating.  Tennis match in the evening, played better again.",5,2,1,,1,,1,,1,,,1,,6,,,1,,,2,1,,270,28,430,1290,1380,6,1,10,1,,1,3,3,3,2,,2,,,,1,,,,,,,1,,,,1,,,,,1
2025-11-14,8,"Decent sleep.  Went to Sammy's terrific kid ceremony in the morning.  Easy day at work, then started cooking chili when I got home.  It turned out well.  Had the passarellos over for dinner.  Didn't eat too poorly but had two cookies and two pieces of cornbread.  Played foosball w/ sammy after they left, he seems to open up and be more talkative when playing.",8,4,1,,1,,,,,,,,,6,,,1,,,1,,,330,5,430,1140,1315,4,1,10,1,,1,3,3,3,2,,2,,,,1,,,,,,,,,,,,,,,,
2025-11-15,6,"Slept well, stayed in bed too long after waking up though.  Yet another cleaning day, but it was pretty chill.  Got some alone time in the evening.  ",8,4,1,,1,,,,1,,,,,6,,,,,,2,1,,330,25,560,1105,1345,4,1,10,1,,1,3,3,3,2,,2,,,,1,,,,,,,,,,,,,,,,1
2025-11-16,6,"Poor sleep.  Felt like I was drowning in saliva for some reason, then the kids came in once or twice.  Pretty tired in the morning and all day.  Stayed home from church w/ lena, she was sick and I was tired.  Had most of the rest of the day to myself.  Did some cooking, took a nap, worked on the computer, etc.",3,3,1,,1,1,,,,195.8,16.5,,1,6,,,,,,2,1,,270,2,385,1170,1345,4,1,10,1,,1,3,3,3,2,,2,,,,1,,,,,,,,,,,,,,,,
2025-11-17,6,"Poor sleep - took a while to fall asleep then I woke up around 345 and couldn't get back to sleep.  Poor workout in the morning too.  Pretty tired all day, played a game of splendor w/ sammy while the others were at gymnastics.  Decent tennis in the evening.",3,2,1,,1,1,1,,,,,,,6,,,,1,,3,1,,225,2,385,1300,1420,4.5,1,10,1,1,1,3,3,3,2,,2,1,,,1,,,,,,,1,,,,,,,,,1
2025-11-18,6,"Poor sleep.  Moved downstairs b/c victoria was snoring so much.  Forearm pretty sore after tennis.  Quick day at work, then got to work on the web app version of this for a while afterwords.  Dinner w/ the kids then tennis.",3,3,1,,1,,1,,,,,1,,8,,,,,,2,1,,330,3,500,1260,1370,4.5,1,10,1,,1,3,3,3,2,,2,,,,1,,,,,,,1,,,,,,,,,
2025-11-19,6,"Good sleep, felt very solid, and Oura said I got a lot of REM sleep, which is rare for me.  Stayed at work late for a pointless in person meeting.  Drove the swim carpool tonight, had fun playing music for the boys.  Went to bed pretty early around 845.",8,5,1,,1,,,,1,,,,,6,,,,,,1,1,,330,10,530,1100,1310,5,1,10,1,,1,3,3,3,2,,2,,,,1,,,,,,,,,,,,,,,,1
2025-11-20,6,"Slept well until about 245 then I was awake for a while.  Pretty frustrating.  Spent all morning prepping food and cooking for the weekend.  Victoria and the boys left for clemson this evening, just me and lena.  She was upset for a while but then came around, enjoyed just watching a movie w/ her.  Did some more cooking/prep after she went to bed.  Didn't eat too poorly but I ate too much cookie batter to consider it clean.",4,5,1,,1,1,,,,,,,1,6,,,,,,1,,,270,0,385,1260,1380,6,1,10,1,,1,3,3,3,2,,2,,,,1,,,,,,,,,,,,,,,,
2025-11-21,9,"Good sleep just not enough.  Vivid and exciting dreams, can't remember them though.  Rode up to clemson w/ Larry today, really enjoyed the conversation.  He's very knowledgeable and is a good conversationalist and I learn a lot from him.  Hung out w/ Larry, Mike, and the boys while the women went out, played some cards, then we all ate dinner.  After, the guys went down to the fire pit for drinks (I had a few shots worth of tequila), cigars, and good conversation.  We mostly talked about religion and it was mostly Mike and Justin, but I contributed some and just enjoyed the moment.  Several times, I thought to myself that I am thoroughly enjoying this.  It started to rain so we went in, put the kids to bed, then the parents all hung out upstairs.  There was some more good conversation again, but the girls didn't seem to be interested in discussing heavy/serious topics.  Went to bed pretty late.",6,3,1,,1,1,,1,,197.6,16.4,,,6,,,,1,,1,,4,300,0,360,1305,35,7,1,10,1,,1,3,3,3,2,,2,,,,1,,,,,,,,,,,,,,,,
2025-11-22,4,"OK sleep.  Wanted to get up in the morning to workout, but when I got up to pee around 2 I was dizzy so I figured I should sleep.  Felt better in the morning when I woke up.  Exhausting day.  Everyone ate breakfast, then packed up and went to the game.  We had a pretty good spot, close to the stadium.  I only had a single drink when we got there, didn't really feel like drinking much.  Felt pretty uncomfortable and out of place.  Took a walk around campus w/ Mike and the boys for a while, then just kind of hung out at the tailgate.  Played w/ sammy, jackson, and bo for a while, that was fun.  Went into the game and it was OK.  Just me, sammy, jackson, and nico, then we eventually went up to find mike and jacob.  Was getting painfully uncomfortable on the bleachers, but it turned around when we got to use the seats w/ a back to them.  Made a huge difference.  Enjoyed talking w/ mike during the game.  We drove back and everyone was exhausted.  I felt nauseous so I went to lay down, that helped.  Everyone went to bed, which I was glad, but I wanted to have another campfire talk.  Super exhausting day.  ",5,3,1,,1,,,,,,,,,6,,,,1,,2,,1,420,2,480,1330,1400,4,1,5,1,,1,1,1,1,1,,,,,,1,,,,,,,1,,,,,,,,,1
2025-11-23,5,"OK sleep but I snored a lot and it woke me up several times.  Slept in again in the morning instead of working out.  Got everyone breakfast, packed, cleaned and headed out.  Talked w/ the boys for a while about the Collettes and their bad behavior, then victoria and I debriefed for a while.  Enjoyed the conversation and I really enjoyed the trip, but if we do it again I think we should not do it around a football game - would have been better to just hang out more.  Everyone was exhausted when we got home so we unpacked, cleaned up, watched a movie, then went to bed.  ",3,4,1,,1,,,,,,,1,,8,,,,1,,1,,,420,2,495,1175,1295,4,1,10,1,,1,3,3,3,2,,2,,,,1,,,,,,,1,,,,,,,,,
2025-11-24,6,"Slept pretty well, still tired in the morning.  Stopped to walk through a house on the way into work.  Work went by quickly enough.  Did some computer work when I got home then went to tennis.  I've started a cold too.",6,4,1,,1,1,1,,,,,,,6,,,1,1,,1,1,,270,0,400,1290,1380,5.5,1,10,1,,1,3,3,3,2,,2,,,,1,,,,,,,1,,,1,,,,,,1
2025-11-25,6,"OK sleep but phlegm caused issues.  Selpt in until 630 b/c of my cold.  Stayed home today b/c of cold.  It was nice.  Still got some work done, also got some thanksgiving cooking done.  Not much of an appetite, skipped lunch.  The collette kids came and hung out for a while, kept the kids entertained.  ",5,4,1,,1,,,,,,,,,6,,,1,,,1,1,,390,0,510,1290,1335,4,1,10,1,,1,3,3,3,2,,2,,,,1,,,,,,,,,,,,,,,,
2025-11-26,6,"Slept better but woke myself up snoring a few times again.  Feeling a little better, but the cold is now in my chest.  Spent all day cooking, getting ready for thanksgiving.  Forgot to eat dinner, just had a few pieces of turkey.",5,4,1,,1,1,,1,,,,,,6,,,1,,,1,1,,330,18,435,1215,1350,4,1,10,1,,1,3,3,3,2,,2,,,,1,,,,,,,,,,,1,,,,,
2025-11-27,6,"Pretty solid sleep, slept through my alarm for a bit. A little stuffy and cough-y in the morning, but feeling most fine.  Did a quick DL workout.  Drove down to John and Jeanelle's for thanksgiving.  Got to work right away getting everything prepped.  Everything turned out great.  I was nervous about the turkey but it stayed juicy.  I was pretty much done after the meal and just sat on the couch.  Didn't eat as much as I would have liked but I was stuffed.  Very pleased w/ how everything came out.",6,3,1,,1,1,,,,,,,,6,,,1,,,1,,,290,15,400,1020,1350,3,1,10,1,,1,3,1,3,2,,2,,,,1,,,,,,,,,,,,,,,,
2025-11-28,6,"Slept OK in the hotel but not super comfortable.  Hung out in Bluffton again for a while, had a good time.  Not many leftovers after lunch, which is good.  There was an annoying driver on the way home that I didn't handle very stoically.  Red mustang w/ loud exhaust, inconsistent speed in the left lane, and he seemed to be staying right w/ us.  I tried to pass and he'd speed up.  I honked my horn out of frustration, which he probably got off on.  I calmed myslef down relatively quickly but I let it get to me too much.  Exhausted when we got home.",5,5,1,,1,,,,,,,1,,8,,,1,,,1,,,375,,540,900,1200,3,1,10,1,,1,3,1,3,2,,2,,,,1,,,,,,,,,,,,,,,,
2025-11-29,4,"Decent sleep, no alarm.  Woke up around 545 and tried to go back to sleep but kept snoring, pretty frustrating.  Feeling better this morning though.  Didn't really enjoy the day - we set up christmas decorations and I don't really enjoy doing it.  Also felt pretty off most of the day, wonder if it was diet-related.  I felt better after eating dinner.  ",8,5,1,,1,,,,,196.6,16.1,,,6,,,1,,,1,1,,345,,540,1200,1305,3.5,1,10,1,,1,3,3,3,2,,2,,1,,1,,,,,,,,,,,,,,,,
2025-11-30,6,Slept well.  Altered my nest so I'm more elevated and I think it helped.  I was very comfortable and don't feel like I snorred.  Had about 4 engaging dreams but I can't remember much.  Chores in the morning then I had a lot of the day to myself.  Did some computer work but just treading water.  Very frustrating.,9,5,1,,1,1,,,,,,1,,6,,,,,,2,1,,330,12,465,1235,1355,4,1,10,1,,1,3,3,3,2,,2,,,,1,,,,,,,,,,,,,,,,
2025-12-01,5,"Poor sleep.  Took a while to fall asleep then I was up in the middle of the night for a while.  Not sure why, I was comfortable.  OK day but pretty tired for most of it.  Very frustrated about not sleeping well.  Drove the swim carpool in the evening, they're fun to listen to.",3,3,1,,1,1,,1,,,,,,6,,,,,,2,1,,270,0,410,1100,1280,5,1,10,1,,1,3,3,3,2,,2,,,,1,,,,,,,,,,,,,,,,1
2025-12-02,4,"Poor sleep again.  Comforter was dirty so we used a weighted blanket, just not comfortable.  Woke up several times again and exhausted in the morning.  Pretty exhausted most of the day.  I was starving in the evening and feeling kind of out of it.  Not sure why, kind of feel like I'm still sick or something.  ",3,2,1,,1,1,,,,,,,,6,,,,,,3,1,,270,0,395,1230,1275,4,1,10,1,,1,3,3,3,2,,2,,,,1,,,,,,,,,,,,,,,,
2025-12-03,6,"Better sleep but still poor.  Victoria's been snoring a lot and it keeps me up, but not sure why I keep waking up.  Pretty tired in the morning.  Had my annual review at work and it was excellent.  Not sure why but I'll take it.  Victoria and I talked again in the evening about having another kid.  I'm getting really tired of the conversation.  She said if we do she'll let me do my psychadelic trip, which I think is pretty crappy.  I'm not giving in on this; I've given in on a lot already.",4,3,1,,1,1,,,,,,,1,5,,,,,,1,1,,270,1,415,1110,1295,4.5,1,10,1,,1,3,3,3,2,,2,,,,1,,,,,,,,,,,,,,,,
2025-12-04,6,"Good sleep last night, not sure what the difference was.  Don't feel super rested though.  Pretty light workload right now, spent most of the time on chat gpt.  Started making a node game and it's a lot of fun.  Went to the living nativity this evening, took sammy's friend titus.  Nice seeing him have fun w/ his friends.",8,4,1,,1,1,,,,,,,,8,,,,,,2,1,,270,11,420,1070,1260,4.5,1,10,1,,1,3,3,3,2,,2,,,,1,,,,,,,1,,,,,,,,,1
2025-12-05,6,"Great sleep again but I woke up about 10 minutes before my alarm.  Stopped eating a bit early last night, wonder if that's why.  Spent a while w/ chat gpt again today on my two projects.  Fancy party tonight.  I tried mingling but it's just not my thing.  Didn't eat much, drank a good bit.",8,5,1,,1,1,,1,,197.8,16.6,,,6,,,,,,2,,6,260,7,415,1410,60,5,1,10,1,,1,3,3,3,2,,2,,,,1,,,,,,,1,,,,,,,,,
2025-12-06,4,"OK sleep.  Not super hung over but don't feel great this morning.  Low energy day.  Ate breakfast then napped a little while the kids watched a movie.  Felt better after that.  Played some games w/ the kids and watched more tv, took another nap.  Not a fan of today but I think the kids had fun.  ",5,3,1,,1,,,,,,,1,,6,,,,,,1,1,,435,,530,1200,1320,4,1,10,1,,1,3,3,3,2,,2,,,,1,,,,,,,,,,,,,,,,
2025-12-07,6,"Poor sleep.  Struggled to get back to sleep after peeing, then woke up several times before my alarm.  Church in the morning.  Victoria's still pressuring me to ""participate"".  I spent a while in church thinking about it.  I don't like doing the rituals (sign of the cross, etc) b/c I feel like that would be disingenuous and a lie.  I'm trying to get myself to at least feel comfortable doing that much.  I thought about if I were going to another church for a different religion, would I do their rituals out of respect?  I probably would, so why is that different from doing them here?  I feel like it's b/c doing it here signifies that I believe it, but I don't.  I also want to ask ""if someone doesn't do these things, does that mean they don't go to heaven?"" but that wouldn't go over well.  I want peace in the relationship, but I also want autonomy.  Spent a lot of the day cooking - regular weekly stuff and then pot roast for the boys' piano recital tonight.  The boys did well at their recital.  Victoria also signed up for an exercise class today.  I'm glad she did, hopefully she sticks w/ it.",3,4,1,,1,1,,,,,,1,,6,,,,,,1,1,,320,4,455,1200,1265,4,1,10,1,,1,3,3,3,2,,2,,,,1,,,,,,,,,,,,,,,,
2025-12-08,6,"Slept well but Oura didn't think so.  Heart rate was elevated and HRV was down.  I think I ate too much pot roast too close to bed.  OK day, having more fun w/ chat gpt.  Still working on web version of daily tracker, now also working on a node/gravity simulator and having it help me revamp my exercise routine.  Pretty exciting, but I'm also not doing much to get Atlas going.  I think the biggest thing I can do right now is cold calling, but man do I hate it.  ",8,5,1,,1,1,,,,,,,,6,,,,,,3,1,,270,0,415,1100,1290,4,1,10,1,,1,3,3,3,2,,2,,,,1,,,,,,,,,,,,1,,,,1
2025-12-09,6,"Slept decently but still very light sleep right before my alarm.  Actually worked the whole time I was there today, went by quickly.  I'm helping coach sammy's basketball team, I'm completely out of my element.",6,4,1,,1,1,,,,,,1,,6,,,,,,2,1,,270,11,410,1215,1290,4,1,10,1,,1,3,3,3,2,,2,,,,1,,,,,,,,,,,,,,,,
2025-12-10,9,"Decent sleep, woke up a few times though.  Good day today.  Stayed home from work b/c the boys have early dismissal.  I got to work on my projects w/ chat gpt for a while and made good progress.  Picked up the boys, hung out, and they played w/ my gravity nodes game for a while.  I kept working while they did homework, then played w/ the nodes w/ Nico for a bit, played basketball w/ him while waiting for his ride.  Sammy and I played a few rounds of splendor then catch w/ the football while waiting for his ride. That was a lot of fun.  Made a great steak for dinner and got a bit more work done.  ",5,5,1,,1,1,,,,,,,,6,,,,,,1,1,,270,3,390,1100,,5,1,10,1,,1,3,3,3,2,,2,,,,1,,,,,,,,,,,1,,,,,
2025-12-11,6,"Not great sleep.  I keep waking up throughout the night and I woke up about 30 minutes before my alarm today.  Neck was bothering me today, was able to get adjusted.  Stopped at Thornlee to check on stuff, it's coming along.  ",4,4,1,,1,1,,,,,,,,6,1,neck,,,,1,1,,240,4,415,1185,1305,3.5,1,10,1,,1,3,3,3,2,,2,1,,,1,,,,,,,,,,,,,,,,1
2025-12-12,6,Light sleep again.  Woke up a few times and don't feel rested in the morning.  Frustrating day - couldn't work on my daily tracker site due to some issue.  Spent most of the evening working on gravity nodes.  It's a fun project.  Went to see the red house decorations in the evening.,4,3,1,,1,1,,,,,,,,6,,,,,,1,1,,270,14,375,1105,1335,4,1,10,1,1,1,3,3,3,2,,2,,,,1,,,,,,,1,,,,,,,,,
2025-12-13,5,"Slept pretty well, no alarm in the morning.  Fasted in the morning.  Did some house work, groceries, lunch, then played a game w/ sammy, church, then ice cream and lights in downtown summerville.  The kids didn't behave too well, victoria got pretty upset (I thought it was unproportionate), then she unloaded on me after the kids went to bed.  I didn't eat poorly, but had some of the kids' ice cream then a sandwich for dinner.",8,6,,,1,,,,,197.8,16.6,1,,6,,,,,,1,,,390,,770,1120,1315,4,1,10,1,,1,2,2,2,2,,2,,,,1,,,,,,,,,,,,,,,,
2025-12-14,6,"Slept well but still tired in the morning and slept past my 430 alarm.  Nico hung out in the garage while I lifted then we went on a little walk.  I've also been feeling very chubby recently.  Haven't felt this way since I started eating more carbs, maybe I'm overdoing it a bit?  Went to the christmas parade today, not too bad b/c I got to hang out w/ Mike.  Not much else to report for the day.",8,4,1,,1,1,,,,,,,,6,,,,,,1,1,,310,14,435,1260,1320,4,1,10,1,,1,3,3,3,2,,2,,,,1,,,,,,,,,,,,,,,,
2025-12-15,6,"Slept well.  Need to figure out what's allowing me to sleep well and what causes me not to.  However, my HRV has been down (low 30s instead of low 50s) for over a month now, need to figure that out too.  Got to telework today, which was nice.  Got caught up on some real estate stuff, paid some bills, and stayed pretty productive.  ",8,4,1,,1,1,,,,,,1,1,6,,,,,,1,1,,270,24,415,1100,1320,4,1,10,1,,1,3,3,3,2,,2,,,,1,,,,,,,1,,,,,,,,,
2025-12-16,6,"Slept well, very comfortable, and had several dreams.  However, Oura said I didn't get much deep sleep or rem (I'm usually low on rem).  One of the dreams, victoria and I got divorced and I was just completely numb.  I really missed the kids and tried to make the most of the time we had together when I got to see them.  It was really interesting.  Frustrating work day, wasted a long time just trying to register for something and couldn't even do that.  Good time after work, I had the kids and they were all well behaved and liked dinner.",9,5,1,,1,1,,,,,,,,6,,,,,,2,1,,270,11,400,1115,1320,4,1,10,1,,1,3,3,3,2,,2,,,,1,,,,,,,,,,,,,,,,1
2025-12-17,8,"Slept well again, very comfortable.  I'm frustrated that it's been taking me so long to get out of bed in the mornings recently though.  Frustrating day working on the web app for daily tracker.  I'm stalled and not making progress.  Played w/ Nico outside for a bit, helped him climb a tree and we played some basketball.  Victoria took the kids to a christmas thing tonight so I had the evening to myself.  Played a good tennis match w/ Eric's son Daniel.  Pretty exhausted.",9,4,1,,1,1,1,,,,,,,6,,,,,,1,1,,270,23,415,1250,660,4,1,5,1,,1,3,3,3,2,,2,,,,1,,,,,,,1,,,,,,,,,1
2025-12-18,5,"Slept well again, very comfortable.  Still pretty tired in the morning.  Lena had her singing performance in the morning, she did well.  Stayed home from work again, got some stuff done.  Daniel's rehearsal dinner in the evening.  Food was not good (dry) and I was pretty socially uncomfortable.  I ate pretty clean but had a few things so I can't mark today as clean.  ",9,4,1,,1,,,,,,,,,6,,,,,,2,,,330,6,485,1280,1380,4,1,10,1,,1,3,3,3,2,,2,,,,1,,,,,,,,,,,,,,,,
2025-12-19,6,"Just OK sleep.  Went to bed too late then Lena came in b/c sofia didn't put a pullup on her and she peed.  Was going to work out but figured it would be better to rest some more.  Forgot my badge at home today so I got my car serviced and worked from home.  Went to the wedding, it was OK.  Food was good, I had a few drinks (not strong), and talked w/ Marcello for a while.  ",5,4,1,,1,,,,,,,,,8,,,,,,1,,4,330,0,485,1260,1385,4,1,10,1,,1,3,3,3,2,,2,,,,1,,,,,,,,,,,,,,,,
2025-12-20,6,"Good sleep but it took me a while to fall asleep - heart was racing for some reason.  Drove down to greenville in the morning, met casey, ben, and joe for lunch.  Went back to Joe's house to hang out, then back to Casey's.  I didn't eat dinner b/c I ate too much at lunch.  Had fun, but I had trouble moving the conversation along after dinner.  I'm in my head too much.",6,5,1,,1,,,,1,201.4,16.9,,,6,,,,,,1,1,,330,2,440,900,1390,4,1,10,1,,1,1,1,1,2,,2,,,,1,,,,,,,1,,,,,,,,,
2025-12-21,4,"Poor sleep - worried about the hike we're going on this morning, not prepared for it.  Went on the hike w/ Ben and Casey, it was good and not too difficult.  Again though, I felt uncomfortable and didn't communicate well.  I'm not sure why it was like this but I just couldn't think of things to say.  ",4,4,1,,1,,,,1,,,,,6,,,,,,3,1,,270,,380,1080,1210,4,1,10,1,,1,3,3,3,2,,2,,,,1,,,,,1,,1,,,,,,,,,1
2025-12-22,5,"Slept well but had a hard time getting back to sleep after getting up to pee.  Worried about the flip for no real reason, also not looking forward to this mexico trip.  Victoria and I got in an argument about the upcoming mexico trip this morning.  Nobody wants to go, yet we're spending a lot of money on it.  I'm also stressed out about money recently and I need to spend more on marketing to find more flips.  Awkward conversation at work w/ Harold - he said the other two engineers aren't doing enough - sleeping and looks like they're not doing anything.  I'm going to have to address it tomorrow.  Wrapping presents in the evening, we weren't as into it this year for some reason.",5,4,1,,1,1,,,,,,,,6,,,,,,1,1,,270,12,405,1085,1335,4,1,5,1,,1,3,3,3,2,,2,,,,1,,,,,,,,,,,1,,,,,
2025-12-23,6,"Decent sleep despite my financial worries, glad they didn't keep me up.  Still staying in bed too long after waking up - that's when I started ruminating.  Talked to Brooks about the issues w/ the other engineers, it was uncomfortable but needed to happen.  I snapped at victoria in the afternoon - her mom was giving her crap about giving the kids an eating complex (victoria fought back) and I was just seeing red the whole time, then I found a whole carton of ""immunity shots"" in the fridge and snapped at her - partially b/c of health stuff, partially b/c of wasting money.  I apologized, still shouldn't have done it.  I finished my dots and boxes app in time for mexico.  Party at the Kirsch's in the evening, had a good time talking w/ the dads.  Had a scoop of mac and cheese (not great), otherwise ate clean.  ",6,4,1,,1,1,,,,,,1,,6,,,,,,1,,,270,18,400,1100,1320,4,1,10,1,,1,3,3,3,2,,2,,,,1,,,,,,,,,,,,,,,,
2025-12-24,5,"Decent sleep, woke up a few times due to snoring and couldn't get as comfortable.  It was a battle to get myself out of bed.  Did our Christmas this morning - the kids really enjoyed it.  Didn't seem quite as nice as previous years - I think the looming Mexico trip is weighing on me.  Went to a get together in the afternoon, then church, then I made some crab legs and scallops.  Scallops were small, didn't turn out as well as past years.  ",6,5,1,,1,1,,,,,,,,6,,,,,,2,,,270,4,380,1160,1270,4,1,10,1,,1,3,3,3,2,,2,,1,,1,,,,,,,1,,,,,,,,,
2025-12-25,3,"Up early for our flight to Mexico.  Kids did well flying and in the airport.  Very frustrated by the poor planning/orgainization of the trip.  And the lack of potable water.  Eventually, victoria and I took a walk w/ the kids.  We found some coconuts and opened them up, that was fun.  We stumbled upon the entrance to the beach and hung out there for a while and had a good time.  Trying not to ruin the trip for the kids but this is miserable so far.  Very hungry but decided not to eat out of spite.",5,5,1,,1,,,,,,,,,4,,,,,,1,1,,195,0,240,1080,1220,2,1,5,1,,1,2,2,2,2,,,,,,1,,,,,,,1,,,,,,,,,1
2025-12-26,5,"Beds are very uncomfortable and didn't sleep well.  Better day today though.  Discovered that we have filtered water, that's a huge relief.  We have a better food situation now too.  Light workout w/ Chris, went to the beach, then I made burgers for dinner for everyone.  We met Fernando, he's very nice and well spoken.  ",3,5,,,1,1,,,,,,,,6,,,,,,1,1,,420,,480,1280,1340,3,1,10,1,,1,3,3,3,2,,,,,,1,,,,,,,1,,,,,,,,,
2025-12-27,1,"Got up and started making breakfast, then I started feeling nauseous.  I was down the rest of the day - vomitting and diarrhea.  It was pretty bad.  ",2,5,,,1,,,,,,,,,5,,,1,,,,,,,,,,,,1,,1,,,,,,,,,,,,1,,,,,,,,,,,,,,,,
2025-12-28,5,"Slept by myself, did better w/ more room.  Feeling better today but very weak.  Stayed home while victoria, chris, jaimie, and the kids went to a resort.  Could have gone but was weak and also didn't want to spend the money.  Got to read a good bit and relax.  Walked downtown w/ Brian, nice to get out and walk.  Went out to dinner, it was horrible.",3,4,,,1,,,,,,,,,5,,,,,,1,1,,445,,,,,,1,,1,,,,,,,,,,,,1,,,,,,,1,,,,,,,,,1
2025-12-29,5,"Poor sleep again.  Went to Xcaret today, it was pretty cool.  Went floating in the cenote then snorkling.  Nico was fun to watch trying to catch the fish.  A huge stingray bumped into me.  Ate too much at lunch.  The show at the end was entertaining at first then just a bunch of singing and dancing.",3,5,,,1,,,,,,,,,5,,,,,,1,1,,420,,,,1415,,1,,1,,,,,,,,,,,,1,,,,,,,,,,,,,,,,1
2025-12-30,4,"Poor sleep, very uncomfortable.  Not much to report for the day, just hanging around.  I played a lot of pool w/ Brian, that was fun.  I felt OK but no appetite at all, didn't eat much.  ",3,5,,,1,,,,,,,,,5,,,,,,2,,,360,,,,1325,,1,,1,,,,,,,,,,,,1,,,,,,,,,,,,,,,,
2025-12-31,4,"Slept on the couch, best sleep of the whole trip.  Got up early for our flight.  Lena did not behave very well today and it was very challenging.  We were very fortunate to get standby seats on an earlier flight.  We flew home around 2pm instead of 630 - very grateful.  Nice to be home.",3,5,1,,1,,,,,,,1,,6,,,,,,1,,,210,,,1120,1350,,1,5,1,,,,,,,,,,,,1,,,,,,,1,,,,1,,,,,1
2026-01-01,8,"Very good sleep, finally in our own beds.  Slow morning, just relaxing.  Pretty relaxing day overall.  Nice to be back.  Reorganized kitchen cabinets, liking the new layout.  Took down christmas stuff as well.  Played chess w/ sammy in the evening.  Ate a big lunch (didn't seem super big though), not much of an appetite for dinner so I just had a protein shake.",9,5,,,1,,,,,,,1,,8,,,,,1,3,1,,420,,620,1230,1320,3.5,1,5,1,,1,2,2,2,2,,,,,,1,,,,,,,,,,,,,,,,
2026-01-02,8,"Slept well, felt like deep sleep.  Had two intense and entertaining dreams.  Tough to get out of bed.  Busy but unorganized day.  Have a lot to do, trying to track it in my to-do app.  Went into work for a little bit, barely anybody was there.  Ran a couple of errands after work, then nobody was home so I did some computer work for a while.  Tried out Monarch money to see if it would replace my spreadsheets.  It's not as detailed as I would like, but might be worth the time saving.  Worked on bookkeeping, my daily tracker site, and various other tasks.  Played games w/ sammy again after the littles went to bed.",8,4,1,,1,1,,,,,,1,,6,,,,,1,3,1,,270,17,415,1100,1340,4,1,10,1,,1,3,3,3,2,,2,,,,1,,,,,,,,,,,,,,,,
2026-01-03,6,"Great sleep again, felt very restful.  Good REM and deep sleep according to oura as well.  Tough to get out of bed again, not a fan of this trend.  My mom stopped by for a while to do christmas w/ the kids, wasn't very fun.  Then the passarellos came over in the evening for dinner and games, had a good time.  I made beefy mac and green beans quick and they turned out well.  Unfortunately, I ate as I was cleaning up right before bed.",9,4,1,,1,1,,,,192,15.9,1,,6,,,,,,1,,,330,21,450,1350,1400,6,1,10,1,,1,3,3,3,2,,2,,,,1,,,,,,,,,,,,,,,,
2026-01-04,8,"Slept well but not as well as previous nights.  Lena came in and for some reason victoria let her stay in the bed.  Started new workout cycle this morning.  Pretty relaxing day.  Played some games, worked on the computer, went shark tooth hunting w/ Ed and Titus, had a good time.  Victoria's still upset about not having a 4th kid.",8,6,1,,1,1,,,,,,,,5,,,,,,2,1,,390,0,525,1110,1305,4,1,10,1,,1,3,3,3,2,,,,,,1,,,,,,,,,,,,,,,,
2026-01-05,5,"Slept well but woke up a couple of times for some reason.  Talked w/ Matt on the way into work, nice catching up.  Have to fill out a difficult and likely pointless form for work, not enjoying that.  Found out that Casey's dad died on christmas eve, talked to him in the evening.  Carpool w/ the swim boys, really not enjoying it anymore.",6,5,1,,1,1,,,,,,,,6,,,,,,2,1,,270,0,395,1095,1305,5,1,10,1,,1,3,3,3,2,,,,,,1,,,,,,,,,,,,,,,,1
2026-01-06,6,"Slept really well again.  Found a workaround (hopefully) for the work task I was dreading.  Worked on the web app version of this after work, slow progress.",9,5,1,,1,1,,1,,,,1,,6,,,,,,1,1,,270,2,370,1195,1305,5.5,1,10,1,1,1,3,3,3,2,,2,,,,1,,,,,,,1,,,,,,,,,1
2026-01-07,,"Comfortable sleep but not as good, felt like I woke up a bit before my alarm then I stayed in bed for a bit longer again.  ",6,5,1,,1,1,,,,,,,,,,,,,,2,1,,270,8,395,,,4,1,10,1,,1,,,,2,,2,,,,1,,,,,,,,,,,,,,,,
